,retentate_flow,permeate_flow,retentate_O2,permeate_O2,stage_cut,stage,membrane,configuration,rpm,feed_flow,p_out_psia
0,6246.079842870059,1753.920157151734,0.14756114501019202,0.42779663789632216,0.21924001964396675,1,N,NOOO,2500,8000,113.925
1,3473.2287787820565,2772.851064088085,0.07682721782648301,0.2361613279446955,0.443934617206873,2,O,NOOO,2500,8000,113.925
2,1042.810679240874,2430.4180995507386,0.02927389827709738,0.09723074766941549,0.6997575611483341,3,O,NOOO,2500,8000,113.925
3,0.0014514155802384716,1042.8106792348751,0.0059043206224352295,0.02903815600433896,0.9999999999942475,4,O,NOOO,2500,8000,113.925
4,6349.280638435969,1750.7193622850539,0.1483063455428492,0.4291157346232834,0.21613819287469802,1,N,NOOO,2500,8100,113.5722
5,3578.0577798010686,2771.222858634913,0.07799394669443618,0.2390900314999582,0.43646249338217213,2,O,NOOO,2500,8100,113.5722
6,1149.148745068333,2428.9090347331567,0.030351716360212024,0.10053411117471645,0.678834491842163,3,O,NOOO,2500,8100,113.5722
7,0.001501899148293321,1149.1487450683328,0.006378020500825309,0.03014681038800388,0.9999999999999998,4,O,NOOO,2500,8100,113.5722
8,6452.561262678202,1747.4387409016638,0.14904056991098488,0.43040503312017697,0.21310228547581267,1,N,NOOO,2500,8200,113.2194
9,3683.0812733334797,2769.4799921353365,0.07915337180776807,0.24198227059396682,0.42920630729290205,2,O,NOOO,2500,8200,113.2194
10,1255.6898254436242,2427.391447889867,0.03143557484772944,0.10383779268522338,0.6590654041399651,3,O,NOOO,2500,8200,113.2194
11,0.001507013533889155,1255.689825443624,0.006872945733790369,0.03126101016761851,0.9999999999999998,4,O,NOOO,2500,8200,113.2194
12,6555.920060278734,1744.0799481831039,0.14976405045850347,0.4316652513234236,0.21013011423892816,1,N,NOOO,2500,8300,112.86659999999999
13,3788.293340381484,2767.6267212713446,0.08030544565826159,0.2448381238870317,0.4221568743706852,2,O,NOOO,2500,8300,112.86659999999999
14,1362.4320731276216,2425.861267275447,0.03252503147077592,0.10714026726196703,0.6403572926670882,3,O,NOOO,2500,8300,112.86659999999999
15,0.0014614897391592102,1362.4320731276214,0.0073891375946602235,0.032379884400501206,0.9999999999999998,4,O,NOOO,2500,8300,112.86659999999999
16,6659.355263035296,1740.6447415234602,0.1504770113846658,0.4328970700585579,0.20721961208612621,1,N,NOOO,2500,8400,112.51379999999999
17,3893.6953145520483,2765.6599491349048,0.08145014267010235,0.2476580058590019,0.41530446115204445,2,O,NOOO,2500,8400,112.51379999999999
18,1469.3771615806822,2424.31815297374,0.03361969689778789,0.11044013438695507,0.6226265686257597,3,O,NOOO,2500,8400,112.51379999999999
19,0.0013640180249243155,1469.377161580682,0.007926611245278378,0.03350259732336316,0.9999999999999999,4,O,NOOO,2500,8400,112.51379999999999
20,6762.865481827554,1737.1345187189013,0.1511796738657254,0.4341011717441121,0.20436876690810604,1,N,NOOO,2500,8500,112.16099999999999
21,3999.2854816612344,2763.580000468647,0.0825874374310368,0.2504421993912145,0.40864039184198514,2,O,NOOO,2500,8500,112.16099999999999
22,1576.5288983949922,2422.756583267334,0.034719183264852564,0.11373612417894174,0.6057973591475052,3,O,NOOO,2500,8500,112.16099999999999
23,0.0012157239829417702,1576.5288983921816,0.008485341628935269,0.03462829764043193,0.9999999999982172,4,O,NOOO,2500,8500,112.16099999999999
24,6866.4492839269005,1733.5507155630319,0.15187225164881527,0.43527820759306546,0.20157566460035253,1,N,NOOO,2500,8600,111.8082
25,4105.062176702115,2761.387107359581,0.08371730822870194,0.25319099738088685,0.4021564848404957,2,O,NOOO,2500,8600,111.8082
26,1683.8878610230115,2421.1743156787297,0.035823111420377904,0.11702695309298147,0.5898021056586844,3,O,NOOO,2500,8600,111.8082
27,0.0010419121768774527,1683.88786102288,0.009065250400395124,0.035756124845706325,0.999999999999922,4,O,NOOO,2500,8600,111.8082
28,6970.105221871751,1729.894781665219,0.15255495275761774,0.436428803417847,0.1988384806511746,1,N,NOOO,2500,8700,111.4554
29,4211.023745044183,2759.081476889233,0.08483973762567393,0.2559047016784717,0.3958450251556331,2,O,NOOO,2500,8700,111.4554
30,1791.4593547929296,2419.5643907237213,0.03693112292993351,0.12031153899205103,0.5745786623908802,3,O,NOOO,2500,8700,111.4554
31,0.0007949843380975496,1791.4593545255616,0.009666228717428149,0.03688522645081185,0.999999999850754,4,O,NOOO,2500,8700,111.4554
32,7073.831730475504,1726.1682741696452,0.15322797670575242,0.4375535501393704,0.19615548570109603,1,N,NOOO,2500,8800,111.1026
33,4317.16842411426,2756.6633063876707,0.08595470996066291,0.25858361514006445,0.38969873915877945,2,O,NOOO,2500,8800,111.1026
34,1899.2325592218463,2417.935865011345,0.038042840260673526,0.12358837004027352,0.5600744811125652,3,O,NOOO,2500,8800,111.1026
35,0.0005597161774594361,1899.2325510776352,0.010288068855169637,0.038014710925054374,0.9999999957118411,4,O,NOOO,2500,8800,111.1026
36,7177.627371613922,1722.3726293911825,0.15389152025386987,0.4386530304270439,0.19352501453833512,1,N,NOOO,2500,8900,110.7498
37,4423.494540836553,2754.132830786795,0.08706221546188722,0.26122805154119294,0.3837107567995015,2,O,NOOO,2500,8900,110.7498
38,2007.2186351862756,2416.2759056715277,0.03915793927313152,0.12685665878409755,0.5462368910744878,3,O,NOOO,2500,8900,110.7498
39,0.0004817644146996314,2007.218465046765,0.010930586318069773,0.03914373578933521,0.9999999152361843,4,O,NOOO,2500,8900,110.7498
40,7281.490888193182,1718.5091115979155,0.15454577653912419,0.4397278173476071,0.19094545684421282,1,N,NOOO,2500,9000,110.39699999999999
41,4530.000561766789,2751.4903264299314,0.08816224973070308,0.26383833366198156,0.37787458209848585,2,O,NOOO,2500,9000,110.39699999999999
42,2115.416485282194,2414.584076490235,0.040276085951220446,0.1301153053466049,0.5330207013370656,3,O,NOOO,2500,9000,110.39699999999999
43,0.00029829222524682675,2115.416306181938,0.011593511534989392,0.040271434303169366,0.9999999153357,4,O,NOOO,2500,9000,110.39699999999999
44,7386.428707126772,1713.571292873227,0.15522488910138801,0.44080011507103234,0.1883045376783766,1,N,NOOO,2500,9100,109.9854
45,4639.076169276809,2747.352537851737,0.08931183074175308,0.26652320049243655,0.3719459899749608,2,O,NOOO,2500,9100,109.9854
46,2227.37643652419,2411.699732753308,0.04145393077040769,0.13351200923767684,0.5198663795876562,3,O,NOOO,2500,9100,109.9854
47,3.7856201659070567,2223.59081718256,0.012313930483296699,0.04150353481098735,0.998300413311574,4,O,NOOO,2500,9100,109.9854
48,7491.438108873626,1708.5618911263894,0.15589483852567299,0.44184730422283613,0.1857132490354771,1,N,NOOO,2500,9200,109.57379999999999
49,4748.346032686718,2743.092076187439,0.09045438236913556,0.2691735480003235,0.36616361722834495,2,O,NOOO,2500,9200,109.57379999999999
50,2339.5700383617423,2408.775994324893,0.04263579361775248,0.13689910690116222,0.5072873749603196,3,O,NOOO,2500,9200,109.57379999999999
51,120.28989324165512,2219.280145036609,0.01315914790481891,0.04423348979866741,0.9485846153982358,4,O,NOOO,2500,9200,109.57379999999999
52,7596.517736796662,1703.4822632033352,0.1565558066249719,0.44286991092951805,0.1831701358283156,1,N,NOOO,2500,9300,109.1622
53,4857.808545905239,2738.709190891603,0.09158988548968865,0.27178965764160345,0.3605216608164567,2,O,NOOO,2500,9300,109.1622
54,2451.9983447509567,2405.810201154193,0.043821333869724866,0.14027552554838166,0.495245989713223,3,O,NOOO,2500,9300,109.1622
55,237.11388743529187,2214.884457282971,0.014023016961122795,0.04701138387332429,0.903297696764119,4,O,NOOO,2500,9300,109.1622
56,7701.666251117774,1698.3337488822438,0.1572079635167403,0.44386842896590956,0.18067380307257913,1,N,NOOO,2500,9400,108.75059999999999
57,4967.462113938605,2734.2041371792798,0.09271832038597194,0.2743718045908718,0.3550146225542367,2,O,NOOO,2500,9400,108.75059999999999
58,2564.663481287661,2402.7986327111857,0.045010220597989245,0.1436402679305335,0.4837074903840691,3,O,NOOO,2500,9400,108.75059999999999
59,354.12374194360444,2210.5397393881167,0.01490488942186906,0.04983302800614905,0.8619219462969284,4,O,NOOO,2500,9400,108.75059999999999
60,7806.882342182927,1693.117657817103,0.15785147505091304,0.4448433357599703,0.17822291134916873,1,N,NOOO,2500,9500,108.339
61,5077.305136920499,2729.577205262446,0.09383967075680205,0.2769202678805173,0.3496372925352957,2,O,NOOO,2500,9500,108.339
62,2677.563274037038,2399.741862898149,0.04620212751507876,0.14699227367375156,0.4726408593109784,3,O,NOOO,2500,9500,108.339
63,471.30724795731965,2206.2560260802748,0.01580421731154487,0.05269582327365676,0.8239790437347313,4,O,NOOO,2500,9500,108.339
64,7912.164729608694,1687.8352703913117,0.15848650294118172,0.4457950929863323,0.17581617399909497,1,N,NOOO,2500,9600,107.9274
65,5187.337419966466,2724.827309514466,0.09495392672452899,0.27943538089627123,0.34438455247496164,2,O,NOOO,2500,9600,107.9274
66,2790.702436939411,2396.6349830294103,0.047396752859184044,0.15033070265249746,0.4620164043704918,3,O,NOOO,2500,9600,107.9274
67,588.680677829382,2202.021759111329,0.016720510596355577,0.055597630489154774,0.7890564504348613,4,O,NOOO,2500,9600,107.9274
68,8017.5121614561185,1682.4878385438587,0.1591132048913801,0.4467241471329155,0.1734523544890576,1,N,NOOO,2500,9700,107.5158
69,5297.55387269223,2719.9582887006763,0.09606107052670383,0.28191730255637804,0.3392521562707159,2,O,NOOO,2500,9700,107.5158
70,2904.0779130919227,2393.475959601772,0.04859377303580505,0.15365460058621414,0.45180776205781215,3,O,NOOO,2500,9700,107.5158
71,706.2444807743099,2197.8334323257263,0.01765323497433666,0.05853609769749277,0.7568093894511702,4,O,NOOO,2500,9700,107.5158
72,8122.923413430656,1677.0765865692556,0.15973173471719537,0.4476309300419857,0.17113026393563832,1,N,NOOO,2500,9800,107.1042
73,5407.95526388914,2714.968149511232,0.0971611003246603,0.28436640610450586,0.3342353499261401,2,O,NOOO,2500,9800,107.1042
74,3017.6925022466116,2390.2627616438326,0.049792906989101215,0.15696316227084042,0.4419901136395258,3,O,NOOO,2500,9800,107.1042
75,823.9991369923267,2193.6933652552057,0.018601889872919216,0.06150893415259357,0.7269439691492904,4,O,NOOO,2500,9800,107.1042
76,8228.39728810764,1671.6027118922468,0.1603422424634044,0.4485158594269545,0.16884875877699462,1,N,NOOO,2500,9900,106.6926
77,5518.539848110466,2709.8574399769623,0.09825401157978722,0.28678297580804096,0.3293299223523726,2,O,NOOO,2500,9900,106.6926
78,3131.5465920196325,2386.993256091627,0.050993868595890696,0.16025558585937497,0.4325407303000498,3,O,NOOO,2500,9900,106.6926
79,941.9613676798833,2189.5852244109315,0.019565987094658312,0.06451416313538684,0.6992025058770719,4,O,NOOO,2500,9900,106.6926
80,8333.93261418162,1666.0673858183472,0.16094487451682823,0.4493793393661239,0.16660673858183472,1,N,NOOO,2500,10000,106.281
81,5629.305935799934,2704.62667837141,0.0993398024833574,0.2891672992724566,0.3245318631169422,2,O,NOOO,2500,10000,106.281
82,3245.6405688235245,2383.665366976463,0.0521963808108023,0.1635311122403496,0.4234385897944166,3,O,NOOO,2500,10000,106.281
83,1060.1168355003124,2185.5237333261716,0.020545006533559042,0.06754929310111725,0.6733720777092632,4,O,NOOO,2500,10000,106.281
84,8440.82748174062,1659.1725182593684,0.16158075996451327,0.45023930456266326,0.1642745067583533,1,N,NOOO,2500,10100,105.79589999999999
85,5743.3555006365095,2697.471981096147,0.10049233535192503,0.29164792614268487,0.3195743529803656,2,O,NOOO,2500,10100,105.79589999999999
86,3364.5564664821245,2378.7990341544305,0.05348113499504509,0.1669846433973033,0.4141827950386841,3,O,NOOO,2500,10100,105.79589999999999
87,1184.4701635954,2180.0863028864487,0.021603331749799268,0.07080077356324843,0.6479565210465554,4,O,NOOO,2500,10100,105.79589999999999
88,8547.789173444071,1652.2108265559882,0.16220876509838256,0.4510766192032491,0.1619814535839204,1,N,NOOO,2500,10200,105.3108
89,5857.606850441401,2690.182322995839,0.10163820099647067,0.29409519779806753,0.3147225871402619,2,O,NOOO,2500,10200,105.3108
90,3483.7463389190575,2373.8605128276977,0.054768757101018105,0.17042119007232426,0.4052611541603915,3,O,NOOO,2500,10200,105.3108
91,1309.0656614053573,2174.6806775137075,0.02267903048023021,0.07408541339791326,0.624236229032815,4,O,NOOO,2500,10200,105.3108
92,8654.816475630041,1645.183524370127,0.1628290236991824,0.45189164124511005,0.15972655576409,1,N,NOOO,2500,10300,104.8257
93,5972.058379087934,2682.7580965393086,0.10277737434191213,0.29650934159395703,0.3099728462288408,2,O,NOOO,2500,10300,104.8257
94,3603.206333172719,2368.852046417513,0.056058929619025276,0.17383972047382373,0.3966558757550675,3,O,NOOO,2500,10300,104.8257
95,1433.9042295760848,2169.302103598986,0.02377156141062741,0.07740081253703661,0.6020477050196728,4,O,NOOO,2500,10300,104.8257
96,8761.908198429015,1638.0918015716472,0.1634416664905938,0.45268471626474915,0.15750882707419686,1,N,NOOO,2500,10400,104.34060000000001
97,6086.708479703347,2675.1997187265565,0.10390983314695393,0.29889058721181844,0.3053215872777818,2,O,NOOO,2500,10400,104.34060000000001
98,3722.9407651979354,2363.7677146856613,0.057351364021339744,0.17723955054451385,0.38834909254613525,3,O,NOOO,2500,10400,104.34060000000001
99,1558.9940060543465,2163.9467591444877,0.024880426358420363,0.08074472933840211,0.5812466261545363,4,O,NOOO,2500,10400,104.34060000000001
100,8869.063175133027,1630.9368248684814,0.1640468212225252,0.453456177834632,0.1553273166541411,1,N,NOOO,2500,10500,103.8555
101,6201.5555419769635,2667.5076331555315,0.1050355578714932,0.30123916610993084,0.3007654337872637,2,O,NOOO,2500,10500,103.8555
102,3842.9497943994293,2358.6057476440023,0.058645769326013945,0.1806198843963679,0.38032486070295096,3,O,NOOO,2500,10500,103.8555
103,1684.340193939445,2158.60960045999,0.026005113147644567,0.0841149274089124,0.5617064276004506,4,O,NOOO,2500,10500,103.8555
104,8976.280261584488,1623.719738420147,0.16464461275157224,0.45420634788314285,0.15318110739812707,1,N,NOOO,2500,10600,103.37039999999999
105,6316.5979510190555,2659.6823105651542,0.10615453155254755,0.3035553110568875,0.296301166302451,2,O,NOOO,2500,10600,103.37039999999999
106,3963.2337754793502,2353.364175562402,0.059941862896078814,0.18397997427221296,0.37256830240125294,3,O,NOOO,2500,10600,103.37039999999999
107,1809.9494952635648,2153.2842803452804,0.02714511835173902,0.08750925854502559,0.5433149802234016,4,O,NOOO,2500,10600,103.37039999999999
108,9083.558335542288,1616.4416644657306,0.16523516311881106,0.45493553703780387,0.1510693144360496,1,N,NOOO,2500,10700,102.8853
109,6431.834087026331,2651.724248516121,0.10726673968680765,0.30583925572074955,0.29192571353237345,2,O,NOOO,2500,10700,102.8853
110,4083.7930907259038,2348.040996307744,0.061239369876380775,0.18731911312712365,0.3650655418870309,3,O,NOOO,2500,10700,102.8853
111,1935.820396070126,2147.972694674478,0.028299930059624282,0.09092542595263778,0.5259749078748431,4,O,NOOO,2500,10700,102.8853
112,9190.896296102877,1609.103703903309,0.1658185916250378,0.4556440449543957,0.14899108369475084,1,N,NOOO,2500,10800,102.4002
113,6547.26232547124,2643.633970631388,0.10837217011858956,0.30809123429723173,0.28763614401267273,2,O,NOOO,2500,10800,102.4002
114,4204.628081797812,2342.63424367526,0.0625380228660034,0.19063663079093404,0.357803632605579,3,O,NOOO,2500,10800,102.4002
115,2061.96313549719,2142.6649463040844,0.029469061837547963,0.09436146708686792,0.5095967835014613,4,O,NOOO,2500,10800,102.4002
116,9298.293063247438,1601.7069367568497,0.16639501490364347,0.45633216063478754,0.14694559052815134,1,N,NOOO,2500,10900,101.91510000000001
117,6662.88103757191,2635.412025675499,0.10947081293338835,0.31031148116798035,0.2834296582984962,2,O,NOOO,2500,10900,101.91510000000001
118,4325.739024607751,2337.142012964408,0.06383756169694217,0.1939318917164487,0.35077048498769386,3,O,NOOO,2500,10900,101.91510000000001
119,2188.3806737303807,2137.3583508775664,0.030652020710046236,0.09781529711005645,0.4941024732927289,4,O,NOOO,2500,10900,101.91510000000001
120,9405.747577177528,1594.2524228251398,0.16696454699111538,0.45700016272497235,0.14493203843864907,1,N,NOOO,2500,11000,101.43
121,6778.688590703353,2627.0589864741787,0.1105626603550948,0.312500230583308,0.2793035816577278,2,O,NOOO,2500,11000,101.43
122,4447.126121388134,2331.562469315454,0.0651377332566809,0.19720429338782766,0.3439547986483817,3,O,NOOO,2500,11000,101.43
123,2315.0770699340396,2132.0490514539233,0.03184832145039413,0.10128491002585054,0.4794217643614797,4,O,NOOO,2500,11000,101.43
124,9515.130583808004,1584.8694161936621,0.1675827288998019,0.4576581789654735,0.1427810284859155,1,N,NOOO,2500,11100,100.842
125,6899.201572524784,2615.928993494501,0.11175411829049833,0.3148240707981965,0.27492307861187465,2,O,NOOO,2500,11100,100.842
126,4575.448022518822,2323.7535500059353,0.06656432900383376,0.2007323716120524,0.3368148510488512,3,O,NOOO,2500,11100,100.842
127,2450.665779203265,2124.7822433693464,0.03317248801613681,0.1050775523088146,0.4643878004759054,4,O,NOOO,2500,11100,100.842
128,9624.579577168504,1575.420422833859,0.16819385542175103,0.45829344573647324,0.14066253775302312,1,N,NOOO,2500,11200,100.254
129,7019.933496258376,2604.6460701786705,0.11293927054647711,0.3171137243991478,0.27062439967325225,2,O,NOOO,2500,11200,100.254
130,4704.097468764957,2315.8360274934453,0.06799347051115313,0.20423650474942892,0.3298942972505061,3,O,NOOO,2500,11200,100.254
131,2586.5918717998143,2117.5055969722325,0.034513857357886694,0.10888974501694557,0.4501406722612352,4,O,NOOO,2500,11200,100.254
132,9734.093385115912,1565.9066148518941,0.1687980293355402,0.4589061776289072,0.13857580662406144,1,N,NOOO,2500,11300,99.666
133,7140.885348982464,2593.2080297436105,0.11411810888891963,0.31936947166970475,0.2664046796293121,2,O,NOOO,2500,11300,99.666
134,4833.078333767035,2307.807015083806,0.06942487878435233,0.20771598970127722,0.32318219692641553,3,O,NOOO,2500,11300,99.666
135,2722.867390704494,2110.210943063635,0.03587191481537119,0.11271925700382733,0.4366184028759324,4,O,NOOO,2500,11300,99.666
136,9843.670853374524,1556.3291464873214,0.16939535126407596,0.45949657856335757,0.13652010056906327,1,N,NOOO,2500,11400,99.078
137,7262.055224364468,2581.615625574935,0.1152905899323492,0.3215914337337007,0.2622614737966302,2,O,NOOO,2500,11400,99.078
138,4962.389285827637,2299.665938512328,0.07085824224583419,0.21116999065067288,0.31666874837261805,3,O,NOOO,2500,11400,99.078
139,2859.4952837536543,2102.894002073482,0.037246105938436296,0.116563705791341,0.4237664320449937,4,O,NOOO,2500,11400,99.078
140,9953.310845017431,1546.6891546209633,0.16998591972124324,0.4600648419772525,0.13449470909747507,1,N,NOOO,2500,11500,98.49
141,7383.441333590188,2569.869509881863,0.11645667430637122,0.32377974154966854,0.2581924296243922,2,O,NOOO,2500,11500,98.49
142,5092.0320975846025,2291.40923600496,0.07229326434769655,0.2145978061384632,0.3103443411381133,3,O,NOOO,2500,11500,98.49
143,2996.4820350209,2095.550062564194,0.038635895852633745,0.12042081893726883,0.4115351243677774,4,O,NOOO,2500,11500,98.49
144,10063.012239957969,1536.987759271064,0.17056983116139307,0.4606111510164122,0.1324989447647469,1,N,NOOO,2500,11600,97.902
145,7505.041922791839,2557.9703166164504,0.11761632544992254,0.325934528668314,0.2541952901994219,2,O,NOOO,2500,11600,97.902
146,5222.007023576903,2283.0348992188897,0.07372965188523213,0.21799872255247937,0.30420015273806916,3,O,NOOO,2500,11600,97.902
147,3133.832674599006,2088.1743489778974,0.040040746626429695,0.12428835744651266,0.3998796515496769,4,O,NOOO,2500,11600,97.902
148,10172.773934440387,1527.226064107793,0.17114718002172924,0.4611356786951018,0.1305321422314353,1,N,NOOO,2500,11700,97.314
149,7626.855263304614,2545.918670988372,0.11876950925438955,0.3280559296749408,0.2502678902918553,2,O,NOOO,2500,11700,97.314
150,5352.314336145548,2274.5409271621998,0.07516711822577742,0.2213720605044665,0.29822788667641137,3,O,NOOO,2500,11700,97.314
151,3271.55371550771,2080.760621268135,0.04146012837323605,0.12816418417418052,0.38875904713148596,4,O,NOOO,2500,11700,97.314
152,10282.594840603035,1517.4051569090316,0.17171805876652954,0.46163858805759506,0.12859365736517217,1,N,NOOO,2500,11800,96.726
153,7748.879595350162,2533.7152452993982,0.1199161935379691,0.33014407659366735,0.24640815714088815,2,O,NOOO,2500,11800,96.726
154,5482.954230641769,2265.925364708185,0.07660538266479185,0.2247171712116361,0.2924197410510662,3,O,NOOO,2500,11800,96.726
155,3409.6457301862015,2073.3085006292495,0.042893500926468486,0.13204603141376284,0.37813711612664197,4,O,NOOO,2500,11800,96.726
156,10392.473886034932,1507.5261099876375,0.17228255793012573,0.4621200323295854,0.12668286638551576,1,N,NOOO,2500,11900,96.13799999999999
157,7871.113166636825,2521.3607194718006,0.12105634841647228,0.3321991015890282,0.24261410200509845,2,O,NOOO,2500,11900,96.13799999999999
158,5613.926842193401,2257.1863244438064,0.0780441707178315,0.2280334358951275,0.28676837400983,3,O,NOOO,2500,11900,96.13799999999999
159,3548.116946353187,2065.8098958855876,0.04434034756065993,0.1359319294479963,0.36797948280324594,4,O,NOOO,2500,11900,96.13799999999999
160,10502.410013235694,1497.5899807038465,0.17284076615767782,0.46258015505418726,0.12479916505865388,1,N,NOOO,2500,12000,95.55
161,7993.554217842762,2508.855795389989,0.12218994605072546,0.33422113569843054,0.23888381735508285,2,O,NOOO,2500,12000,95.55
162,5745.232224000979,2248.3219938421094,0.07948321385139781,0.2313202639843569,0.2812668723536686,3,O,NOOO,2500,12000,95.55
163,3686.9712106509364,2058.2610133594562,0.04580014575368058,0.13981982873287802,0.35825549483639213,4,O,NOOO,2500,12000,95.55
164,10615.149478761492,1484.8505119474146,0.17346928422645103,0.4630079665554625,0.12271491834276153,1,N,NOOO,2500,12100,94.815
165,8122.921155764748,2492.228322890404,0.12347268445875817,0.3364232286163577,0.23478033238032,2,O,NOOO,2500,12100,94.815
166,5886.800002311733,2236.121153453041,0.08111966578107031,0.23497100379777505,0.27528534508378066,3,O,NOOO,2500,12100,94.815
167,3838.969174584521,2047.8308277292297,0.047472179611653204,0.1441969768626116,0.34786825217861167,4,O,NOOO,2500,12100,94.815
168,10727.958301398847,1472.0416850500937,0.1740911514470784,0.4634090129371794,0.12065915451230276,1,N,NOOO,2500,12200,94.08
169,8252.548033396473,2475.41026783428,0.12474949214496071,0.3385868778738384,0.230743837577324,2,O,NOOO,2500,12200,94.08
170,6028.79289731512,2223.7551360813977,0.08275922567915274,0.2385887436514821,0.26946285281615917,3,O,NOOO,2500,12200,94.08
171,3991.46735287996,2037.325544435646,0.04916329257999676,0.14857937431230045,0.3379325810549827,4,O,NOOO,2500,12200,94.08
172,10840.835182100984,1459.1647989387204,0.17470644207541697,0.46378329137555635,0.11863128446656264,1,N,NOOO,2500,12300,93.34499999999998
173,8382.432946858851,2458.402235162519,0.12602028191013476,0.34071201431202286,0.2267724021135864,2,O,NOOO,2500,12300,93.34499999999998
174,6171.212813153268,2211.2201249908303,0.08440152791284285,0.24217254461800833,0.26379216380364134,3,O,NOOO,2500,12300,93.34499999999998
175,4144.473927550499,2026.7388856028383,0.050872838433525136,0.15296427191424075,0.3284182456458259,4,O,NOOO,2500,12300,93.34499999999998
176,10953.778832017013,1446.2211424476436,0.175315228752305,0.46413078511349887,0.1166307372941648,1,N,NOOO,2500,12400,92.61
177,8512.573944697559,2441.2048873632502,0.12728496865258865,0.34279856490685306,0.22286417544124637,2,O,NOOO,2500,12400,92.61
178,6314.057860873379,2198.5160795061156,0.08604616394976683,0.24572132077329786,0.25826689950523846,3,O,NOOO,2500,12400,92.61
179,4297.995070087438,2016.0627906627203,0.052600133265109185,0.15734890738423324,0.31929748429385674,4,O,NOOO,2500,12400,92.61
180,11066.787972239148,1433.211994611141,0.17591758252520853,0.4644514633694198,0.11465695956889128,1,N,NOOO,2500,12500,91.875
181,8642.969040390091,2423.8189318461104,0.12854346932312039,0.3448464526482866,0.2190173822726359,2,O,NOOO,2500,12500,91.875
182,6457.3306886711,2185.638350076445,0.08769278846291077,0.24923423553860677,0.252880502043057,3,O,NOOO,2500,12500,91.875
183,4452.034914972338,2005.2957736597655,0.05434452898988466,0.1617305432747017,0.3105456217656478,4,O,NOOO,2500,12500,91.875
184,11179.861333457262,1420.1386250334726,0.1765135728675993,0.4647452812221056,0.11270941468519624,1,N,NOOO,2500,12600,91.14
185,8773.61622693521,2406.245106754856,0.1297957029289122,0.3468555966284749,0.21523031771009885,2,O,NOOO,2500,12600,91.14
186,6601.031499762233,2172.5847267837366,0.08934103430369753,0.2527103778555291,0.2476270525845261,3,O,NOOO,2500,12600,91.14
187,4606.60342060581,1994.4280791504611,0.05610537167318447,0.16610665657608584,0.30213885196916573,4,O,NOOO,2500,12600,91.14
188,11292.997655793946,1407.0022940754109,0.17710326769783574,0.4650121794883319,0.11078758221066227,1,N,NOOO,2500,12700,90.405
189,8904.513409096704,2388.484246659448,0.13104159022820416,0.34882590907649175,0.21150134972657333,2,O,NOOO,2500,12700,90.405
190,6745.160482183743,2159.352926917141,0.09099053941255301,0.25614886779795687,0.24250094617311505,3,O,NOOO,2500,12700,90.405
191,4761.706095556728,1983.4543866272438,0.0578819990541074,0.17047466495786004,0.2940559222966184,4,O,NOOO,2500,12700,90.405
192,11406.195688818427,1393.8042530632645,0.1776867333990713,0.46525208458291517,0.10889095727056754,1,N,NOOO,2500,12800,89.66999999999999
193,9035.658520175726,2370.537168632001,0.1322810539535886,0.35075729866872424,0.20782890573724375,2,O,NOOO,2500,12800,89.66999999999999
194,6889.717775679929,2145.9407444585254,0.0926409466780237,0.25954885053907756,0.23749688411385328,3,O,NOOO,2500,12800,89.66999999999999
195,4917.348684637417,1972.369091044372,0.059673750506927956,0.17483205345368427,0.2862771967244658,4,O,NOOO,2500,12800,89.66999999999999
196,11519.45419136131,1380.545744413205,0.17826403483732758,0.46546490835969334,0.10701904995451202,1,N,NOOO,2500,12900,88.93499999999999
197,9167.04935369994,2352.4048359938993,0.1335140181511304,0.35264966397111563,0.20421148406128642,2,O,NOOO,2500,12900,88.93499999999999
198,7034.703315921893,2132.346037480947,0.09429190345821227,0.26290949678843534,0.23260985680417487,3,O,NOOO,2500,12900,88.93499999999999
199,5073.536744926593,1961.1665709958984,0.06147996614820922,0.17917636562201522,0.2787845461168378,4,O,NOOO,2500,12900,88.93499999999999
200,11632.771931476407,1367.2280018003962,0.17883523538228135,0.46565054794159116,0.10517138475387663,1,N,NOOO,2500,13000,88.19999999999999
201,9298.683744418493,2334.0881844075993,0.1347404090899377,0.3545029007462027,0.20064763567589017,2,O,NOOO,2500,13000,88.19999999999999
202,7180.116971215832,2118.5667726894026,0.09594306225075916,0.26623000159251065,0.22783512494024394,3,O,NOOO,2500,13000,88.19999999999999
203,5230.275680121716,1949.8412910939933,0.06329998785005614,0.18350520330294579,0.27156121535493877,4,O,NOOO,2500,13000,88.19999999999999
204,11750.376163474106,1349.6237686449874,0.17951120960205263,0.4657414453321137,0.1030247151637395,1,N,NOOO,2500,13100,87.24449999999999
205,9441.088501851336,2309.287665645103,0.1361988722157014,0.3565855449939374,0.1965288288236673,2,O,NOOO,2500,13100,87.24449999999999
206,7341.628796897386,2099.4597045792234,0.0979160501241752,0.270070582646088,0.2223747509799885,3,O,NOOO,2500,13100,87.24449999999999
207,5407.6719360530105,1933.9568608443594,0.06548885459575667,0.18858799776383722,0.2634234056700961,4,O,NOOO,2500,13100,87.24449999999999
208,11868.058548205441,1331.9414517943642,0.18018039608647107,0.4657926286257592,0.10090465543896698,1,N,NOOO,2500,13200,86.289
209,9583.828134740077,2284.230451107631,0.13765154149767914,0.35861649975667187,0.19246875483716142,2,O,NOOO,2500,13200,86.289
210,7503.741999676546,2080.0861350761184,0.09989360975341018,0.2738602158424958,0.21704126011359576,3,O,NOOO,2500,13200,86.289
211,5585.8595445434385,1917.8824525787836,0.06770157846266803,0.19365335764305397,0.2555901379153835,4,O,NOOO,2500,13200,86.289
212,11985.816274235138,1314.1837257641864,0.1808428061923161,0.465803478205331,0.09881080644843507,1,N,NOOO,2500,13300,85.33349999999999
213,9726.898100934173,2258.91817330096,0.13909819751802557,0.36059502547914357,0.18846594354668686,2,O,NOOO,2500,13300,85.33349999999999
214,7666.456016367118,2060.4420847873052,0.10187513032662952,0.27759711906369416,0.2118293070829456,3,O,NOOO,2500,13300,85.33349999999999
215,5764.846325888961,1901.6096898407293,0.0699371314265725,0.19869713390229377,0.24804286175789472,4,O,NOOO,2500,13300,85.33349999999999
216,12103.647947462761,1296.3520525350818,0.1814984797575423,0.4657733960727696,0.09674269048769267,1,N,NOOO,2500,13400,84.378
217,9870.296671166612,2233.351276296139,0.14053864724443352,0.36252047248944447,0.1845188562977253,2,O,NOOO,2500,13400,84.378
218,7829.772764687633,2040.5239071680603,0.10386002724197008,0.2812795889697756,0.20673379688058374,3,O,NOOO,2500,13400,84.378
219,5944.644524710951,1885.1282399406575,0.07219452307256233,0.2037153914356723,0.24076410600861983,4,O,NOOO,2500,13400,84.378
220,12221.551689530888,1278.448310463336,0.18214744504567587,0.46570172637087626,0.094699874849136,1,N,NOOO,2500,13500,83.4225
221,10014.020548268456,2207.531141261999,0.14197269293148237,0.36439211904887026,0.18062609375149916,2,O,NOOO,2500,13500,83.4225
222,7993.692273424862,2020.3282749317846,0.10584770658914594,0.2849059082898389,0.20174996298376116,3,O,NOOO,2500,13500,83.4225
223,6125.263111959591,1868.4291613202727,0.07447272523384653,0.2087041690237503,0.23373793954164218,4,O,NOOO,2500,13500,83.4225
224,12339.52560300312,1260.4743969834014,0.18278972831787577,0.46558777303304677,0.09268194095466187,1,N,NOOO,2500,13600,82.46699999999998
225,10158.06653008709,2181.4590729136266,0.14340013483758274,0.36620921856892463,0.17678629982198962,2,O,NOOO,2500,13600,82.46699999999998
226,8158.214607601008,1999.8519177353587,0.10783757204613932,0.2884743667780298,0.19687328408531432,3,O,NOOO,2500,13600,82.46699999999998
227,6306.711042531487,1851.5035646334466,0.0767706978870146,0.21365956260481636,0.2269496027854429,4,O,NOOO,2500,13600,82.46699999999998
228,12457.567769608373,1242.4322303626284,0.18342535377961589,0.46543079815302935,0.09068848396807506,1,N,NOOO,2500,13700,81.5115
229,10302.431273664273,2155.136495933708,0.14482077274348243,0.3679709933235708,0.1729981755500784,2,O,NOOO,2500,13700,81.5115
230,8323.339358251795,1979.0919090501325,0.10982902799875957,0.29198326626419446,0.1920995012225136,3,O,NOOO,2500,13700,81.5115
231,6488.996616589409,1834.3427413339066,0.079087389712978,0.21857772359032288,0.2203854321421283,4,O,NOOO,2500,13700,81.5115
232,12575.67624839417,1224.3237515435471,0.1840543435241072,0.4652300202601004,0.08871911243069182,1,N,NOOO,2500,13800,80.55599999999998
233,10447.111291512905,2128.5649568508024,0.14623440574584678,0.3696766322253389,0.1692604767177118,2,O,NOOO,2500,13800,80.55599999999998
234,8489.066538006771,1958.0447794823388,0.11182148292369654,0.29543094767703676,0.1874245161983704,3,O,NOOO,2500,13800,80.55599999999998
235,6672.128236333842,1816.938301633435,0.08142174251560418,0.22345486361066275,0.21403275536818342,4,O,NOOO,2500,13800,80.55599999999998
236,12693.849073797222,1206.1509260812225,0.18467671747225328,0.4649846124948026,0.0867734479195124,1,N,NOOO,2500,13900,79.60049999999998
237,10592.102947649531,2101.7461260790187,0.1476408320406086,0.3713252885022048,0.16557201159870927,2,O,NOOO,2500,13900,79.60049999999998
238,8655.39440145237,1936.7085461972779,0.11381434013975386,0.29881568444369216,0.18284457352513253,3,O,NOOO,2500,13900,79.60049999999998
239,6856.112539502107,1799.2818625461548,0.08377268003181172,0.2282872307435978,0.2078798237367712,4,O,NOOO,2500,13900,79.60049999999998
240,12812.084253593264,1187.915746177177,0.18529249330909123,0.46469370068040794,0.08485112472694122,1,N,NOOO,2500,14000,78.645
241,10737.402453377295,2074.681800100598,0.14903984869603773,0.37291607727005177,0.1619316388368844,2,O,NOOO,2500,14000,78.645
242,8822.321603585748,1915.0808497915395,0.11580698493894206,0.3021357411775008,0.17835606498936607,3,O,NOOO,2500,14000,78.645
243,7040.955835726303,1781.3657679960088,0.08613910311258906,0.23307108025833048,0.20191575959688318,4,O,NOOO,2500,14000,78.645
244,12937.308551854472,1162.6914476524703,0.1860719678050097,0.46412101920520965,0.08246038635833122,1,N,NOOO,2500,14100,77.33669999999998
245,10900.67435981241,2036.6341919216977,0.15082002334644629,0.37475090090349417,0.1574233298802911,2,O,NOOO,2500,14100,77.33669999999998
246,9016.498037458761,1884.1763223514997,0.11835491472357303,0.3061778763746845,0.1728495192277191,3,O,NOOO,2500,14100,77.33669999999998
247,7261.033049544084,1755.4649825084325,0.08918397060217134,0.23901305727639166,0.19469476677257708,4,O,NOOO,2500,14100,77.33669999999998
248,13062.620782108892,1137.379216893195,0.1868432408616682,0.4634668817553677,0.080097127950225,1,N,NOOO,2500,14200,76.02839999999999
249,11064.420650789174,1998.2001315369619,0.15259325220933637,0.3764920525127501,0.15297084443221223,2,O,NOOO,2500,14200,76.02839999999999
250,9211.62736162012,1852.7932891382127,0.12090903047035371,0.310119321362757,0.16745506589231687,3,O,NOOO,2500,14200,76.02839999999999
251,7482.511277399931,1729.1160883866671,0.0922609344001393,0.244879662496373,0.18771016461119136,4,O,NOOO,2500,14200,76.02839999999999
252,13188.016791798284,1111.9832061134816,0.1876062157735335,0.4627282799823414,0.07776106336457914,1,N,NOOO,2500,14300,74.7201
253,11228.634154304753,1959.3826391445623,0.15435894433484898,0.3781363538954761,0.14857295604621276,2,O,NOOO,2500,14300,74.7201
254,9407.707870601962,1820.926283564625,0.12346798639330857,0.3139552500071179,0.16216810152876265,3,O,NOOO,2500,14300,74.7201
255,7705.4067821681265,1702.3010884338378,0.09536780457192726,0.2506624839219769,0.1809474860240228,4,O,NOOO,2500,14300,74.7201
256,13313.49225644466,1086.5077388334355,0.18836078801449366,0.46190200929129277,0.07545192630787746,1,N,NOOO,2500,14400,73.4118
257,11393.307048765577,1920.1852106271192,0.1561164908879391,0.37968044294000863,0.1442285144754274,2,O,NOOO,2500,14400,73.4118
258,9604.736561085767,1788.570487320594,0.12603040022965162,0.31768069869604787,0.15698431365583,3,O,NOOO,2500,14400,73.4118
259,7929.731336852037,1675.0052242338375,0.0985022592761896,0.25635283672031306,0.1743936664562184,4,O,NOOO,2500,14400,73.4118
260,13439.042668699494,1060.95732115107,0.1891068447200686,0.4609846556056395,0.07316947042421172,1,N,NOOO,2500,14500,72.10349999999998
261,11558.430811681632,1880.6118555956418,0.15786526350627814,0.3811207576755158,0.1399364450248918,2,O,NOOO,2500,14500,72.10349999999998
262,9802.709046172804,1755.7217650122525,0.12859485144716382,0.32129054910379157,0.1518996647224653,3,O,NOOO,2500,14500,72.10349999999998
263,8155.496574060998,1647.2124720883692,0.10166193456223133,0.26194213662108556,0.16803645444638363,4,O,NOOO,2500,14500,72.10349999999998
264,13564.663311807575,1035.3366672829309,0.18984426393960477,0.45997258060133805,0.07091347036184457,1,N,NOOO,2500,14600,70.7952
265,11723.996211495729,1840.6670813717294,0.15960461294656386,0.3824535214705611,0.13569574408599525,2,O,NOOO,2500,14600,70.7952
266,10001.61951238365,1722.376699414356,0.13115987970417176,0.3247795104803791,0.14691037666197077,3,O,NOOO,2500,14600,70.7952
267,8382.711369840754,1618.9081423732475,0.1048443718402153,0.2674216604612971,0.16186460006489678,4,O,NOOO,2500,14600,70.7952
268,13690.349225127618,1009.6507313539587,0.19057291378852423,0.4588619057719037,0.06868372322135774,1,N,NOOO,2500,14700,69.4869
269,11889.993196480707,1800.3559627068385,0.1613338664940709,0.3836747223040744,0.1315054812044107,2,O,NOOO,2500,14700,69.4869
270,10201.460581239662,1688.5326196451674,0.13372398203166896,0.3281420981537076,0.14201291722731618,3,O,NOOO,2500,14700,69.4869
271,8611.3821704836,1590.078410240961,0.10804702706457978,0.2727825775145862,0.1558677208600004,4,O,NOOO,2500,14700,69.4869
272,13816.095194582229,983.9047186460857,0.19129265184066452,0.4576484962834935,0.06648004855716795,1,N,NOOO,2500,14800,68.17859999999999
273,12056.410853357467,1759.6841692067708,0.16305232585031076,0.38478009316780826,0.12736479768153336,2,O,NOOO,2500,14800,68.17859999999999
274,10402.223177377442,1654.1876888906231,0.13628560973218884,0.33137260852569755,0.1372039912218125,3,O,NOOO,2500,14800,68.17859999999999
275,8841.512795443386,1560.7103811614754,0.11126726847339222,0.2780159289638558,0.1500362330771444,4,O,NOOO,2500,14800,68.17859999999999
276,13941.89567926827,958.1041545496927,0.19200332368680215,0.4563279414165003,0.06430229225165723,1,N,NOOO,2500,14900,66.87029999999999
277,12223.239900788187,1718.6557784793245,0.16475931426173046,0.3857652550938285,0.12327274697909137,2,O,NOOO,2500,14900,66.87029999999999
278,10603.898461291621,1619.3414386996058,0.13884320712242887,0.33446517022851135,0.13248054131664277,3,O,NOOO,2500,14900,66.87029999999999
279,9073.106176248828,1530.792285752443,0.11450241232383185,0.28311268819815777,0.14436127348261904,4,O,NOOO,2500,14900,66.87029999999999
280,14067.744739587939,932.2549531847825,0.19270476152679913,0.4548955341927901,0.06215033021231883,1,N,NOOO,2500,15000,65.562
281,12390.464214899554,1677.280524685892,0.16645401625015205,0.3866251673132772,0.11922881426515147,2,O,NOOO,2500,15000,65.562
282,10806.470481154327,1583.9936765041712,0.14139506834774695,0.33741344756435615,0.12783973618998198,3,O,NOOO,2500,15000,65.562
283,9306.157413317824,1500.3130764709936,0.11774959312652443,0.28806345777890974,0.13883469899699694,4,O,NOOO,2500,15000,65.562
284,4878.650063959911,3121.349936042048,0.12118449502937982,0.34625507479019374,0.390168742005256,1,O,ONOO,2500,8000,113.925
285,3471.024029553256,1407.6260344188531,0.07274430016274347,0.24063175992746613,0.288527772224825,2,N,ONOO,2500,8000,113.925
286,1051.2052490641383,2419.818780495444,0.02772103617542335,0.09230307474152484,0.6971483803893144,3,O,ONOO,2500,8000,113.925
287,0.001289832095598185,1051.205249056517,0.005608459734950092,0.027502257227214305,0.9999999999927499,4,O,ONOO,2500,8000,113.925
288,4983.471669252425,3116.5283307484815,0.12206113693055483,0.3480192275100385,0.38475658404302243,1,O,ONOO,2500,8100,113.5722
289,3575.723055474529,1407.7486137831768,0.07402099576186276,0.24408451421848507,0.28248351896306745,2,N,ONOO,2500,8100,113.5722
290,1157.327689944147,2418.3953655308733,0.02880809600803094,0.09565771468486638,0.6763374366558519,3,O,ONOO,2500,8100,113.5722
291,0.0013376194850980593,1157.3276899441469,0.006071218323471169,0.028617789549437642,0.9999999999999998,4,O,ONOO,2500,8100,113.5722
292,5088.417843537552,3111.58215646311,0.12292857254866271,0.3497539204287329,0.3794612385930622,1,O,ONOO,2500,8200,113.2194
293,3680.624381452659,1407.7934620860344,0.07528738271486565,0.24748471628406368,0.2766662458496752,2,N,ONOO,2500,8200,113.2194
294,1263.6537442292101,2416.970637223359,0.02990229955052326,0.09901585892718813,0.6566740820940374,3,O,ONOO,2500,8200,113.2194
295,0.0013433483928534072,1263.6537442214683,0.006555470329670669,0.029740119998037697,0.9999999999938735,4,O,ONOO,2500,8200,113.2194
296,5193.486877532499,3106.513122467644,0.12378693606645638,0.35145970059839043,0.374278689453933,1,O,ONOO,2500,8300,112.86659999999999
297,3785.7259882643284,1407.7608892676917,0.07654350902239881,0.2508331346555079,0.2710627604274489,2,N,ONOO,2500,8300,112.86659999999999
298,1370.1860295669337,2415.539958719384,0.031003140831564777,0.10237572927685462,0.6380651864946135,3,O,ONOO,2500,8300,112.86659999999999
299,0.0013042931839401942,1370.1860295625677,0.007061289624611199,0.03086832290905135,0.9999999999968135,4,O,ONOO,2500,8300,112.86659999999999
300,5298.677089199757,3101.322910800299,0.1246363590395574,0.35313710031976975,0.369205108428607,1,O,ONOO,2500,8400,112.51379999999999
301,3891.025869124706,1407.6512200743084,0.07778942549982329,0.25413053179801703,0.2656608803249231,2,N,ONOO,2500,8400,112.51379999999999
302,1476.9231899158162,2414.102679208899,0.03211012810253364,0.10573554908831724,0.6204283292909477,3,O,ONOO,2500,8400,112.51379999999999
303,0.0012178380823239046,1476.923189912567,0.007588696700708868,0.032001465829297575,0.9999999999978001,4,O,ONOO,2500,8400,112.51379999999999
304,5403.986823183443,3096.0131768165725,0.1254769704636965,0.3547866376106447,0.36423684433136144,1,O,ONOO,2500,8500,112.16099999999999
305,3996.5220268957387,1407.4647962878164,0.07902518551859497,0.25737766325966954,0.260449339041632,2,N,ONOO,2500,8500,112.16099999999999
306,1583.8696853168435,2412.6523415799393,0.03322279419195025,0.10909376096995343,0.6036879880414282,3,O,ONOO,2500,8500,112.16099999999999
307,0.0010857152976784528,1583.8696853168433,0.00813768227385276,0.033138623754628595,0.9999999999999999,4,O,ONOO,2500,8500,112.16099999999999
308,5509.415734626264,3090.58426618281,0.12630889912204454,0.35640886711453623,0.3593702635096291,1,O,ONOO,2500,8600,111.8082
309,4102.213723024527,1407.2020116016472,0.0802508529264256,0.2605752998242484,0.2554176485098934,2,N,ONOO,2500,8600,111.8082
310,1691.0274099553542,2411.1863130685474,0.03434069445726509,0.11244883610753245,0.5877768629009413,3,O,ONOO,2500,8600,111.8082
311,0.0009175812986719303,1691.0274099552444,0.008708187274161042,0.03427887552401471,0.999999999999935,4,O,ONOO,2500,8600,111.8082
312,5614.9591193510705,3085.040881145464,0.12713226362699115,0.3580041577502579,0.35460240013166255,1,O,ONOO,2500,8700,111.4554
313,4208.095961365569,1406.8631579854673,0.08146646584200745,0.26372412626889447,0.2505562601759531,2,N,ONOO,2500,8700,111.4554
314,1798.394751173378,2409.701210192129,0.035463369651981796,0.11579923970429147,0.5726345673472135,3,O,ONOO,2500,8700,111.4554
315,0.0007045247685010443,1798.3947507161793,0.009300089377884135,0.03542126942365515,0.999999999745774,4,O,ONOO,2500,8700,111.4554
316,5720.617427907307,3079.3825723643536,0.12794718918413256,0.3595730671402891,0.34992983776867653,1,O,ONOO,2500,8800,111.1026
317,4314.168746581943,1406.4486813252438,0.08267209695731514,0.2668249104098684,0.24585609841064748,2,N,ONOO,2500,8800,111.1026
318,1905.9758112799682,2408.19293541692,0.03659041605883893,0.11914366048188198,0.5582055494062207,3,O,ONOO,2500,8800,111.1026
319,0.0005016766501825323,1905.9757964426149,0.009913242354496005,0.036564893216597755,0.9999999922153506,4,O,ONOO,2500,8800,111.1026
320,5826.389024678624,3073.6109754894032,0.12875379505841955,0.3611160572575416,0.34534954780779814,1,O,ONOO,2500,8900,110.7498
321,4420.432046987337,1405.9569714678364,0.08386785532757673,0.26987860545739506,0.24130846146947546,2,N,ONOO,2500,8900,110.7498
322,2013.7705302872853,2406.661516726397,0.03772145371655819,0.12248078926426595,0.5444403377644075,3,O,ONOO,2500,8900,110.7498
323,0.0005671724951500229,2013.770236376055,0.01054744466708003,0.03770884885250289,0.9999998540492941,4,O,ONOO,2500,8900,110.7498
324,5932.272328268697,3067.7276718327735,0.1295521982989185,0.3626335790809309,0.3408586302036415,1,O,ONOO,2500,9000,110.39699999999999
325,4526.8790476691065,1405.3932864643446,0.08505368391287048,0.27288536432435334,0.2369064009026203,2,N,ONOO,2500,9000,110.39699999999999
326,2121.778078454535,2405.100969218004,0.03885602149959966,0.12580922323691532,0.5312934018982444,3,O,ONOO,2500,9000,110.39699999999999
327,0.0006543849783206268,2121.7775163596493,0.011202417969511822,0.03885214516791034,0.9999997350830931,4,O,ONOO,2500,9000,110.39699999999999
328,6039.979212618476,3060.020787434372,0.1303839998880659,0.3641750893772025,0.33626602059718375,1,O,ONOO,2500,9100,109.9854
329,4635.90086355047,1404.078359645458,0.086290490705927,0.27596927226792656,0.2324641046300483,2,N,ONOO,2500,9100,109.9854
330,2233.5392329671195,2402.361630583999,0.04005146518348681,0.12928013733080068,0.5182081544220333,3,O,ONOO,2500,9100,109.9854
331,12.271530720585528,2221.267702463298,0.01192235528920111,0.040206862298931244,0.9945057913813676,4,O,ONOO,2500,9100,109.9854
332,6147.805573722995,3052.1944263029623,0.13120785338834423,0.36569086630031544,0.33176026372858286,1,O,ONOO,2500,9200,109.57379999999999
333,4745.124221247618,1402.68135247536,0.0875179291869222,0.2790062946998706,0.22815968001179363,2,N,ONOO,2500,9200,109.57379999999999
334,2345.5385779817107,2399.585643265982,0.04125142744883186,0.1327423474090853,0.5056950105797373,3,O,ONOO,2500,9200,109.57379999999999
335,128.75053508025977,2216.788042962035,0.012756479416268514,0.04290640568382605,0.945108327687169,4,O,ONOO,2500,9200,109.57379999999999
336,6255.74988934651,3044.2501106671652,0.1320238595409473,0.3671813132185608,0.3273387215771145,1,O,ONOO,2500,9300,109.1622
337,4854.546769981677,1401.203119364847,0.08873602091143147,0.2819970035441331,0.22398643554325665,2,N,ONOO,2500,9300,109.1622
338,2457.776885762703,2396.769884218932,0.042455501235692104,0.1361945576147977,0.49371650903426734,3,O,ONOO,2500,9300,109.1622
339,245.44381246110845,2212.3330732697855,0.013610029384574158,0.04565571597562686,0.9001358447486779,4,O,ONOO,2500,9300,109.1622
340,6363.810662973094,3036.189337035343,0.13283211738101608,0.3686468233231842,0.32299886564205776,1,O,ONOO,2500,9400,108.75059999999999
341,4964.166350582446,1399.6443123906179,0.08994480593342079,0.2849420116377293,0.219938082151665,2,N,ONOO,2500,9400,108.75059999999999
342,2570.2561376094677,2393.9102130288934,0.043663302632200474,0.13963559274598067,0.4822381129004703,3,O,ONOO,2500,9400,108.75059999999999
343,362.3168374012863,2207.9393001900853,0.014482426286124072,0.048451803426819075,0.8590347350531514,4,O,ONOO,2500,9400,108.75059999999999
344,6471.986421252703,3028.0135787498307,0.13363272427159817,0.3700877798272031,0.3187382714473506,1,O,ONOO,2500,9500,108.339
345,5073.981068873657,1398.0053523789502,0.09114432806451242,0.2878419464567844,0.21600869677170237,2,N,ONOO,2500,9500,108.339
346,2682.974072843263,2391.0069960512246,0.04487445742563837,0.14306423186292283,0.47122899427411347,3,O,ONOO,2500,9500,108.339
347,479.3630400328904,2203.611032810554,0.015373104567020736,0.05129204110032456,0.8213314676109758,4,O,ONOO,2500,9500,108.339
348,6580.275712319113,3019.7242876833766,0.13442577593680907,0.37150455618482425,0.3145546133003517,1,O,ONOO,2500,9600,107.9274
349,5183.989039017968,1396.286673301091,0.09233463276326309,0.29069742775670243,0.2121927308740369,2,N,ONOO,2500,9600,107.9274
350,2795.9341867773524,2388.054852246864,0.046088611102034535,0.14647946542496812,0.4606597032271593,3,O,ONOO,2500,9600,107.9274
351,596.596029557378,2199.338157217283,0.016281540447791246,0.054174125313174476,0.7866201456452315,4,O,ONOO,2500,9600,107.9274
352,6688.677104596786,3011.3228954021915,0.1352113664960549,0.37289751632591317,0.31044565931981355,1,O,ONOO,2500,9700,107.5158
353,5294.188383168197,1394.4887214285466,0.09351576700426559,0.2935090673423172,0.20848498135306692,2,N,ONOO,2500,9700,107.5158
354,2909.1367810472,2385.0516021235435,0.04730541757771294,0.1498802609386985,0.4505037277680434,3,O,ONOO,2500,9700,107.5158
355,714.0202251859507,2195.116555876098,0.017207195257211854,0.05709566321366067,0.754559417823566,4,O,ONOO,2500,9700,107.5158
356,6797.189186055249,3002.810813945438,0.1359895884964932,0.3742670148916587,0.30640926672912633,1,O,ONOO,2500,9800,107.1042
357,5404.577231518719,1392.6119545365418,0.09468777915647175,0.296277468872731,0.20488056407103547,2,N,ONOO,2500,9800,107.1042
358,3022.5823729201097,2381.9948585989273,0.04852454293771913,0.15326564863924783,0.4407365750474385,3,O,ONOO,2500,9800,107.1042
359,831.6349011156093,2190.9474718056936,0.01814953071855073,0.0600542215350596,0.7248594749426215,4,O,ONOO,2500,9800,107.1042
360,6905.8105635710735,2994.189436429507,0.13676053294574153,0.3756133974711316,0.30244337741712196,1,O,ONOO,2500,9900,106.6926
361,5515.153722419317,1390.6568411518124,0.09585071886995677,0.2990032276974536,0.2013748897902997,2,N,ONOO,2500,9900,106.6926
362,3136.2714820936103,2378.882240325861,0.04974566481972994,0.1566347138569991,0.4313356181996543,3,O,ONOO,2500,9900,106.6926
363,949.4558660803953,2186.81561607668,0.019108032106972296,0.06304768628141658,0.6972660461832457,4,O,ONOO,2500,9900,106.6926
364,7014.539862498216,2985.4601375021953,0.13752428934322744,0.376937000832432,0.29854601375021955,1,O,ONOO,2500,10000,106.281
365,5625.916002658752,1388.6238598395748,0.09700463696991063,0.3016869307193297,0.197963642243102,2,N,ONOO,2500,10000,106.281
366,3250.204565298741,2375.711437360024,0.05096847197874154,0.15998659313894226,0.42227993383429224,3,O,ONOO,2500,10000,106.281
367,1067.4705987620962,2182.7339665367476,0.02008215630424768,0.06607348885021148,0.6715681806126941,4,O,ONOO,2500,10000,106.281
368,7125.586027414983,2974.4139725852406,0.13833294189961615,0.37829190302289006,0.2944964329292317,1,O,ONOO,2500,10100,105.79589999999999
369,5739.967817847536,1385.618209567568,0.09822746771266894,0.3044711533946643,0.1944567372054088,2,N,ONOO,2500,10100,105.79589999999999
370,3368.951121367566,2371.016696480095,0.05227482820848381,0.1635210595361541,0.4130714268306153,3,O,ONOO,2500,10100,105.79589999999999
371,1191.669191810008,2177.2819295572854,0.02113599327452961,0.06931772455786783,0.6462788717081346,4,O,ONOO,2500,10100,105.79589999999999
372,7236.751213656184,2963.248786343942,0.13913459050303253,0.37962306388152733,0.29051458689646487,1,O,ONOO,2500,10200,105.3108
373,5854.225832559422,1382.5253810967747,0.09944169798107179,0.30721190752610433,0.19104227025075374,2,N,ONOO,2500,10200,105.3108
374,3487.9763287047385,2366.2495051192864,0.0535841671851271,0.16703809896788172,0.4041951186711874,3,O,ONOO,2500,10200,105.3108
375,1316.1101053036168,2171.866223401091,0.022207927723390454,0.07259757849792492,0.6226722943981716,4,O,ONOO,2500,10200,105.3108
376,7348.034029879573,2951.9659701204696,0.1399293091492726,0.38093077155207494,0.2865986378757737,1,O,ONOO,2500,10300,104.8257
377,5968.687778932817,1379.3462418717872,0.10064733690717542,0.3099096253955318,0.18771636552891596,2,N,ONOO,2500,10300,104.8257
378,3607.275906987201,2361.411872429118,0.054896127470388356,0.17053655264940198,0.3956333384976171,3,O,ONOO,2500,10300,104.8257
379,1440.7940758997072,2166.481831089746,0.02329738509499767,0.07591051029926627,0.6005866717578564,4,O,ONOO,2500,10300,104.8257
380,7459.434180041164,2940.5658109210844,0.14071718403564745,0.3822153664852467,0.2827467125885658,1,O,ONOO,2500,10400,104.34060000000001
381,6083.354068944052,1376.0801148412602,0.10184446665578328,0.31256508459649657,0.18447513331817703,2,N,ONOO,2500,10400,104.34060000000001
382,3726.8561997139996,2356.4978694107294,0.05621042834649284,0.17401575808305136,0.3873681923991266,3,O,ONOO,2500,10400,104.34060000000001
383,1565.731354382144,2161.12484533126,0.024403863266933334,0.0792542317662772,0.579878785099652,4,O,ONOO,2500,10400,104.34060000000001
384,7570.947596675609,2929.052396686479,0.14149825462878302,0.3834769718849884,0.278957371112998,1,O,ONOO,2500,10500,103.8555
385,6198.219166570982,1372.7284301046673,0.10303304575148069,0.3151784885923597,0.18131527296628366,2,N,ONOO,2500,10500,103.8555
386,3846.7139667922797,2351.5051998405975,0.057526696504638444,0.17747468758868054,0.3793840031541692,3,O,ONOO,2500,10500,103.8555
387,1690.9241517495107,2155.7898150427027,0.025526787478206293,0.0826262765494073,0.5604237366368016,4,O,ONOO,2500,10500,103.8555
388,7682.5748129964095,2917.4251825754804,0.14227261323525495,0.3847159557444651,0.2752287908090076,1,O,ONOO,2500,10600,103.37039999999999
389,6313.283300339211,1369.2915126572798,0.10421313086228695,0.31775043681041587,0.17823341080140026,2,N,ONOO,2500,10600,103.37039999999999
390,3966.8514372995046,2346.4318630610305,0.05884464488500046,0.18091258513433586,0.37166585933740015,3,O,ONOO,2500,10600,103.37039999999999
391,1816.3811290052297,2150.470308410909,0.02666564337695886,0.08602442949944343,0.5421101199279788,4,O,ONOO,2500,10600,103.37039999999999
392,7794.31438330682,2905.685613958263,0.14304032871647349,0.3859325701001439,0.27155940317366944,1,O,ONOO,2500,10700,102.8853
393,6428.544579728914,1365.7698035784013,0.10538475464707786,0.3202814244974904,0.17522641972249509,2,N,ONOO,2500,10700,102.8853
394,4087.2688846170636,2341.275695117674,0.0601639736743792,0.18432867879440665,0.36419996253901743,3,O,ONOO,2500,10700,102.8853
395,1942.1009425527595,2145.167942084377,0.027819892063416597,0.08944628235359373,0.5248414045276001,4,O,ONOO,2500,10700,102.8853
396,7906.1649107965695,2893.835087563788,0.14380146927433468,0.3871270620546246,0.2679476932929433,1,O,ONOO,2500,10800,102.4002
397,6544.001100118697,1362.163810677871,0.10654794805972724,0.32277192928683723,0.17229134808682214,2,N,ONOO,2500,10800,102.4002
398,4207.966530063004,2336.0345700578705,0.06148439057235038,0.18772223547334962,0.3569734378583003,3,O,ONOO,2500,10800,102.4002
399,2068.09384348562,2139.872686578024,0.02898901910497277,0.09288975311175057,0.5085289227683055,4,O,ONOO,2500,10800,102.4002
400,8018.125046969362,2881.8749521247228,0.14455610218251466,0.3882996726005826,0.2643921974426351,1,O,ONOO,2500,10900,101.91510000000001
401,6659.651938606147,1358.4731347176996,0.10770275057402648,0.3252224892093282,0.1694252866798537,2,N,ONOO,2500,10900,101.91510000000001
402,4328.9454526563495,2330.70648595052,0.06280562020549223,0.19109258516232602,0.34997421898873776,3,O,ONOO,2500,10900,101.91510000000001
403,2194.3637685860017,2134.5816840705165,0.03017251137040302,0.0963526670132392,0.4930950753284922,4,O,ONOO,2500,10900,101.91510000000001
404,8130.193480187817,2869.8065193945654,0.1453042940207868,0.38945063742459674,0.2608915017631423,1,O,ONOO,2500,11000,101.43
405,6775.491425865332,1354.702038032787,0.10884914997595997,0.32763324303912467,0.166626051561259,2,N,ONOO,2500,11000,101.43
406,4450.202208016323,2325.289217849129,0.0641273468329196,0.19443896201473265,0.34319122727723833,3,O,ONOO,2500,11000,101.43
407,2320.911511333895,2129.2906966824485,0.031369824427321724,0.09983281013650679,0.47847054968578145,4,O,ONOO,2500,11000,101.43
408,8245.562010711974,2854.437989150401,0.14611898144280977,0.39064323086568215,0.25715657559913524,1,O,ONOO,2500,11100,100.842
409,6896.046093560357,1349.5159171516395,0.11009837644980636,0.3301848002986873,0.16366572895800874,2,N,ONOO,2500,11100,100.842
410,4578.385709742515,2317.6603838179153,0.06557728855585994,0.19804685847011907,0.33608539623628464,3,O,ONOO,2500,11100,100.842
411,2456.336422301875,2122.0492874893766,0.032695627836495045,0.1036387949261812,0.46349290383590663,4,O,ONOO,2500,11100,100.842
412,8361.056309129206,2838.94369083813,0.14692736032859466,0.3918119513104269,0.25347711525340444,1,O,ONOO,2500,11200,100.254
413,7016.823690962952,1344.2326181666422,0.11133963431492487,0.33269342166735544,0.16077306125769203,2,N,ONOO,2500,11200,100.254
414,4706.9029401413745,2309.9207508216036,0.06702966145406648,0.2016296329921938,0.3291974905677874,3,O,ONOO,2500,11200,100.254
415,2592.1019024156517,2114.8010377275164,0.034039184424624364,0.10746593501299864,0.44929777916006847,4,O,ONOO,2500,11200,100.254
416,8476.67500227359,2823.3249977327514,0.1477294788474469,0.39295696402354763,0.24985176971086295,1,O,ONOO,2500,11300,99.666
417,7137.82333836563,1338.8516639086367,0.11257294549600412,0.33515959602598566,0.1579453811252093,2,N,ONOO,2500,11300,99.666
418,4835.7561313764,2302.0672068763115,0.06848415082922171,0.2051864984711173,0.3225166970023978,3,O,ONOO,2500,11300,99.666
419,2728.2186202518083,2107.5375111219028,0.03539993800719093,0.11131184155187812,0.43582377892204316,4,O,ONOO,2500,11300,99.666
420,8592.416726097254,2807.583273920365,0.14852538457551387,0.3940784273507307,0.246279234554418,1,O,ONOO,2500,11400,99.078
421,7259.043152410391,1333.3735736857918,0.11379830919904012,0.3375836827794478,0.15518027304658222,2,N,ONOO,2500,11400,99.078
422,4964.944055832376,2294.09909655218,0.06994042604896289,0.20871658131499776,0.31603326339097687,3,O,ONOO,2500,11400,99.078
423,2864.6898295906585,2100.2542262416196,0.03677730703593108,0.11517402133142188,0.42301669517795015,4,O,ONOO,2500,11400,99.078
424,8708.280125058775,2791.719874955133,0.14931512448624498,0.39517649273017696,0.24275824999609852,1,O,ONOO,2500,11500,98.49
425,7380.481242902287,1327.798882152057,0.11501572622477252,0.33996603472931475,0.1524754444142431,2,N,ONOO,2500,11500,98.49
426,5094.4685122724295,2286.012730631948,0.07139817173197098,0.2122191450391988,0.3097376248778326,3,O,ONOO,2500,11500,98.49
427,3001.5222388978846,2092.946273374475,0.038170729032941116,0.11905009164105175,0.4108272076532865,4,O,ONOO,2500,11500,98.49
428,8824.263850856667,2775.7361491451547,0.15009874494847572,0.39625130468742903,0.23928759906423747,1,O,ONOO,2500,11600,97.902
429,7502.135712142259,1322.1281387072406,0.11622519887977778,0.3423069978413495,0.14982871784583904,2,N,ONOO,2500,11600,97.902
430,5224.329705416934,2277.8060067235238,0.07285707674600735,0.21569344435241533,0.30362100795335906,3,O,ONOO,2500,11600,97.902
431,3138.7210218887276,2085.608683528208,0.03957963860375032,0.12293770571333235,0.39921076982674153,4,O,ONOO,2500,11600,97.902
432,8940.366561977826,2759.6334380143535,0.15087629171698072,0.3973030008356755,0.23586610581319262,1,O,ONOO,2500,11700,97.314
433,7624.0046550429515,1316.361906928241,0.11742673088716364,0.3446069110170227,0.14723802405670378,2,N,ONOO,2500,11700,97.314
434,5354.527818301571,2269.4768367429688,0.07431683763317945,0.21913877235986826,0.29767516409395256,3,O,ONOO,2500,11700,97.314
435,3276.292780058394,2078.2350388556547,0.04100347869498302,0.12683462102706766,0.3881266676311452,4,O,ONOO,2500,11700,97.314
436,9056.586923353332,2743.4130766505955,0.15164780992958093,0.39833171189233285,0.23249263361445724,1,O,ONOO,2500,11800,96.726
437,7746.086159290238,1310.5007640626409,0.11862032730495743,0.3468661058878225,0.14470139525557704,2,N,ONOO,2500,11800,96.726
438,5485.062970300535,2261.023188989559,0.07577715837248805,0.22255445785139227,0.2918923366580179,3,O,ONOO,2500,11800,96.726
439,3414.2382182183633,2070.824752255495,0.042441683015580524,0.13073847204299077,0.37753892042228115,4,O,ONOO,2500,11800,96.726
440,9172.923605473268,2727.076394531428,0.15241334410427498,0.3993375616688167,0.22916608357406956,1,O,ONOO,2500,11900,96.13799999999999
441,7868.378304862978,1304.545300610091,0.1198059944446378,0.3490849066113237,0.14221695903274498,2,N,ONOO,2500,11900,96.13799999999999
442,5615.935197532022,2252.443107331737,0.07723775017668157,0.22593986324984766,0.28626522773309404,3,O,ONOO,2500,11900,96.13799999999999
443,3552.5656163173185,2063.3695812644696,0.043893708911575555,0.13464719070339887,0.36741335301932215,4,O,ONOO,2500,11900,96.13799999999999
444,9289.375287083074,2710.624712926178,0.15317293815362654,0.40032066721086074,0.22588539274384814,1,O,ONOO,2500,12000,95.55
445,7990.879167812894,1298.4961192745873,0.1209837398245298,0.3512636297852674,0.1397829325595396,2,N,ONOO,2500,12000,95.55
446,5747.14444865224,2243.7347191609815,0.07869833134708587,0.2292943830154874,0.28078696624505367,3,O,ONOO,2500,12000,95.55
447,3691.278888224614,2055.865560436011,0.04535900875911877,0.13855863530591703,0.35771948639956863,4,O,ONOO,2500,12000,95.55
448,9410.65030058517,2689.349699415799,0.15403083962869898,0.4013496767609562,0.22226030573684288,1,O,ONOO,2500,12100,94.815
449,8120.3175526053265,1290.3327480119158,0.12231474615307202,0.3536264484831554,0.13711408954721022,2,N,ONOO,2500,12100,94.815
450,5888.606466314177,2231.7110862911763,0.0803587458054906,0.23302010423633118,0.27483051886008486,3,O,ONOO,2500,12100,94.815
451,3843.1163733728376,2045.4900929430219,0.04703758517439458,0.14296335014949932,0.34736403334885174,4,O,ONOO,2500,12100,94.815
452,9532.068083932545,2667.93191609081,0.15488289739896288,0.4023512255397866,0.21868294394186966,1,O,ONOO,2500,12200,94.08
453,8250.01705447805,1282.0510295658362,0.12363827452695986,0.35594250051228576,0.1344987276923555,2,N,ONOO,2500,12200,94.08
454,6030.498758630747,2219.5182958473865,0.08202195364115723,0.23671108492461093,0.26903196456335177,3,O,ONOO,2500,12200,94.08
455,3995.457838845242,2035.0409197859808,0.04873560473408926,0.14737405657351235,0.3374581442162582,4,O,ONOO,2500,12200,94.08
456,9653.62712020713,2646.372879621084,0.15572912714768283,0.4033252763128009,0.21515226663586048,1,O,ONOO,2500,12300,93.34499999999998
457,8379.975558489825,1273.651561977481,0.1249542745459472,0.3582119092105802,0.13193502774842553,2,N,ONOO,2500,12300,93.34499999999998
458,6172.823068125118,2207.1524817469403,0.0836875719181141,0.24036636740551123,0.26338411924255023,3,O,ONOO,2500,12300,93.34499999999998
459,4148.311514174936,2024.5115539502503,0.05045239008251911,0.15178789330902454,0.32797174511680255,4,O,ONOO,2500,12300,93.34499999999998
460,9775.325892537812,2624.674107178724,0.15656954414764349,0.4042717818259296,0.21166726670796163,1,O,ONOO,2500,12400,92.61
461,8510.190914208784,1265.1349785371299,0.12626269744877539,0.36043478794285805,0.1294212584260639,2,N,ONOO,2500,12400,92.61
462,6315.577410043295,2194.6134999120477,0.08535517697381119,0.24398485574802353,0.2578806424010861,3,O,ONOO,2500,12400,92.61
463,4301.683656124256,2013.8937538064397,0.052187227720380334,0.15620199259750914,0.31887721787779244,4,O,ONOO,2500,12400,92.61
464,9897.162884071391,2602.837116536168,0.15740416324800122,0.4051906845938432,0.20822696932289345,1,O,ONOO,2500,12500,91.875
465,8640.660958703505,1256.5019254827769,0.1275634960851199,0.36261124035691056,0.1269557690623649,2,N,ONOO,2500,12500,91.875
466,6458.764242704854,2181.896714399825,0.08702440885070428,0.24756570201638015,0.25251502458293534,3,O,ONOO,2500,12500,91.875
467,4455.578440208151,2003.1858024914045,0.053939440005675056,0.16061351645629102,0.3101500112430941,4,O,ONOO,2500,12500,91.875
468,10019.136585980164,2580.863418529854,0.15823299890890832,0.40608191702195995,0.2048304300420519,1,O,ONOO,2500,12600,91.14
469,8771.383507619548,1247.7530783809902,0.12885662486175484,0.3647413595217224,0.1245369865629917,2,N,ONOO,2500,12600,91.14
470,6602.383650524756,2168.9998567313537,0.08869488780536917,0.25110799281417784,0.24728138438447952,3,O,ONOO,2500,12600,91.14
471,4610.005854638819,1992.3777958837677,0.055708344898966186,0.16501984573296963,0.30176643790237995,4,O,ONOO,2500,12600,91.14
472,10141.245415336514,2558.754595654177,0.15905606391275756,0.40694539568383425,0.20147673981528955,1,O,ONOO,2500,12700,90.405
473,8902.356283461453,1238.8891318895326,0.13014203843485062,0.36682522477295815,0.12216341101616293,2,N,ONOO,2500,12700,90.405
474,6746.435655848763,2155.9206276204545,0.09036623946196037,0.25461084573264703,0.24217415692805547,3,O,ONOO,2500,12700,90.405
475,4764.971419863735,1981.4642359867617,0.05749325225881071,0.16941830647872833,0.29370534858195063,4,O,ONOO,2500,12700,90.405
476,10263.487706569511,2536.512307250361,0.15987336914506756,0.4077810203020923,0.19816502400393446,1,O,ONOO,2500,12800,89.66999999999999
477,9033.57689960626,1229.9108065725436,0.1314196913627532,0.3688629004626803,0.11983361229003035,2,N,ONOO,2500,12800,89.66999999999999
478,6890.920107964346,2142.6567915961286,0.09203809420377676,0.25807340421548697,0.23718808345889203,3,O,ONOO,2500,12800,89.66999999999999
479,4920.4807631237445,1970.4393448406586,0.059293473215100624,0.17380629373402962,0.2859472050130542,4,O,ONOO,2500,12800,89.66999999999999
480,10385.861845822428,2514.138160687961,0.1606849248660291,0.40858868046834046,0.19489443106108223,1,O,ONOO,2500,12900,88.93499999999999
481,9165.042977300745,1220.818865717653,0.13268953919530638,0.3708544377632727,0.1175462261910128,2,N,ONOO,2500,12900,88.93499999999999
482,7035.836782249767,2129.2061947306256,0.09371008855685227,0.2614948417749882,0.23231818988782435,3,O,ONOO,2500,12900,88.93499999999999
483,5076.539440625396,1959.2973416242914,0.06110832126268803,0.17818126807915993,0.2784739615573899,4,O,ONOO,2500,12900,88.93499999999999
484,10508.367199735374,2491.6328002645955,0.16149077425414943,0.4093683646560619,0.19166406155881505,1,O,ONOO,2500,13000,88.19999999999999
485,9296.753012400524,1211.6141795498388,0.13395156836241157,0.372799942385098,0.11529994684429662,2,N,ONOO,2500,13000,88.19999999999999
486,7181.186089856627,2115.5669220103264,0.09538188822153408,0.2648744148474057,0.22755976405831865,3,O,ONOO,2500,13000,88.19999999999999
487,5233.1534644195535,1948.0326254370282,0.06293712958885739,0.18254079861226308,0.2712689242503561,4,O,ONOO,2500,13000,88.19999999999999
488,10638.30477923681,2461.695220762955,0.16244744183480309,0.410178560951398,0.1879156657070958,1,O,ONOO,2500,13100,87.24449999999999
489,9439.248842284289,1199.0559186177543,0.13545070075559973,0.37497209141269466,0.11271118317252932,2,N,ONOO,2500,13100,87.24449999999999
490,7342.624375338426,2096.6244665693735,0.09737878594179701,0.268783000596256,0.22211772373001584,3,O,ONOO,2500,13100,87.24449999999999
491,5410.402114798936,1932.2222605394747,0.06513653785996172,0.18766008057870293,0.26315145127526934,4,O,ONOO,2500,13100,87.24449999999999
492,10768.419324850265,2431.58067514877,0.16339842248877143,0.4109496673635442,0.18421065720824015,1,O,ONOO,2500,13200,86.289
493,9582.077933542203,1186.3413564385557,0.13694244728910748,0.37708328452117834,0.11016856983836408,2,N,ONOO,2500,13200,86.289
494,7504.668391701689,2077.409541849447,0.09937970795367114,0.27263831929736804,0.216801570208216,3,O,ONOO,2500,13200,86.289
495,5588.446957278,1916.2214319218835,0.06735995368560366,0.19276176992121757,0.25533725567951165,4,O,ONOO,2500,13200,86.289
496,10898.70872231444,2401.2912776829494,0.1643436683531323,0.41168109735153713,0.18054821636713905,1,O,ONOO,2500,13300,85.33349999999999
497,9725.237262296105,1173.4714020082376,0.1384266468947598,0.37913300558023044,0.10767068208783546,2,N,ONOO,2500,13300,85.33349999999999
498,7667.31897821164,2057.918284317668,0.10138404867315912,0.2764386455641389,0.21160597205129766,3,O,ONOO,2500,13300,85.33349999999999
499,5767.297343486877,1900.021634108454,0.06960633113385745,0.1978416611107462,0.2478078242874439,4,O,ONOO,2500,13300,85.33349999999999
500,11029.170804329906,2370.829195663719,0.1652831300153569,0.4123722323654867,0.1769275519152029,1,O,ONOO,2500,13400,84.378
501,9868.723693939943,1160.4470230594213,0.1399031384938863,0.3811207058938133,0.10521616208934267,2,N,ONOO,2500,13400,84.378
502,7830.576656139357,2038.1470385325822,0.10339120345589554,0.280182272827055,0.20652589957343126,3,O,ONOO,2500,13400,84.378
503,5946.964339222677,1883.6123168818142,0.07187463702404837,0.20289570123718043,0.24054579880844634,4,O,ONOO,2500,13400,84.378
504,11159.803348396792,2340.1966515912486,0.16621675641750994,0.4130224203531541,0.17334790011787027,1,O,ONOO,2500,13500,83.4225
505,10012.533983680134,1147.2692438823428,0.14137176083910485,0.3830458022744838,0.1028037150894024,2,N,ONOO,2500,13500,83.4225
506,7994.441451621639,2018.0925321187874,0.1054005674277436,0.28386750241326936,0.20155662247021228,3,O,ONOO,2500,13500,83.4225
507,6127.457084372826,1866.9843670968369,0.07416381081311309,0.20791984224984839,0.23353531055232468,4,O,ONOO,2500,13500,83.4225
508,11290.604074527111,2309.3959254577353,0.16714449475525953,0.4136309741825167,0.16980852393071583,1,O,ONOO,2500,13600,82.46699999999998
509,10156.666118884483,1133.937955642485,0.1428323795910912,0.38490776402197546,0.1004320006403181,2,N,ONOO,2500,13600,82.46699999999998
510,8158.91446119195,1997.751652889467,0.10741155948243619,0.28749270406419547,0.19669364233358122,3,O,ONOO,2500,13600,82.46699999999998
511,6308.785632134695,1850.1288286079066,0.07647280155510953,0.21291015111665682,0.2267616405844287,4,O,ONOO,2500,13600,82.46699999999998
512,11421.570642838504,2278.4293571587814,0.16806629037137913,0.4141971699753928,0.16630871220137092,1,O,ONOO,2500,13700,81.5115
513,10301.114265418786,1120.4563774193098,0.14428478511974652,0.3867057732979645,0.09810002603467262,2,N,ONOO,2500,13700,81.5115
514,8323.992903887838,1977.1213548709843,0.1094235357624183,0.2910561120112862,0.19193276609970752,3,O,ONOO,2500,13700,81.5115
515,6490.956215574323,1833.0366879789826,0.07880049378567344,0.21786261908678145,0.22021122664855192,4,O,ONOO,2500,13700,81.5115
516,11552.700651046129,2247.299349016289,0.1689820866435776,0.4147202453475337,0.16284777891422383,1,O,ONOO,2500,13800,80.55599999999998
517,10445.87579246765,1106.8248585780993,0.14572883440627568,0.3884391965550967,0.09580659033850006,2,N,ONOO,2500,13800,80.55599999999998
518,8489.677493896777,1956.1983241445341,0.1114359169006655,0.29455614046611084,0.18726992001523862,3,O,ONOO,2500,13800,80.55599999999998
519,6673.977998218517,1815.6994956469373,0.08114581600712227,0.22277342963872312,0.2138714335087808,4,O,ONOO,2500,13800,80.55599999999998
520,11683.991631866578,2216.0083683924045,0.16989182486669796,0.41519939755103363,0.1594250624742737,1,O,ONOO,2500,13900,79.60049999999998
521,10590.946923816882,1093.0447080494791,0.14716436270506872,0.3901072869554761,0.09355062400664006,2,N,ONOO,2500,13900,79.60049999999998
522,8655.966281541225,1934.980642275638,0.11344810218949829,0.29799109853168865,0.1827013822460257,3,O,ONOO,2500,13900,79.60049999999998
523,6857.857539031438,1798.1087431175245,0.08350766548897354,0.2276387723909077,0.20773056232346657,4,O,ONOO,2500,13900,79.60049999999998
524,11815.441047464305,2184.558952958724,0.17079544409945946,0.4156337813829784,0.15603992521133744,1,O,ONOO,2500,14000,78.645
525,10736.323740490045,1079.117306974094,0.14859120380980861,0.3917092508010899,0.09133110669666299,2,N,ONOO,2500,14000,78.645
526,8822.857655327987,1913.466085162049,0.11545947335136478,0.3013592847160148,0.178223582989191,3,O,ONOO,2500,14000,78.645
527,7042.600972451847,1780.2566830202707,0.08588491721218064,0.23245484785722081,0.20177778590196355,4,O,ONOO,2500,14000,78.645
528,11959.152787851375,2140.847212134706,0.17194345365772248,0.4160044489840579,0.15183313561239048,1,O,ONOO,2500,14100,77.33669999999998
529,10899.692051013351,1059.4607368380243,0.15040493540201433,0.39353091608974167,0.08858994910695266,2,N,ONOO,2500,14100,77.33669999999998
530,9016.991657850554,1882.7003931606178,0.118030306288709,0.3054597501163034,0.17272968670574337,3,O,ONOO,2500,14100,77.33669999999998
531,7262.555023724947,1754.436628650519,0.08894336299539281,0.23843675290810967,0.1945700623026568,4,O,ONOO,2500,14100,77.33669999999998
532,12103.104546248553,2096.8954516519952,0.1730850067590025,0.41629832431584113,0.14766869377830952,1,O,ONOO,2500,14200,76.02839999999999
533,11063.530788972092,1039.5737572727937,0.1522099002433818,0.39524565870210304,0.08589314859673895,2,N,ONOO,2500,14200,76.02839999999999
534,9212.083015533834,1851.447773406889,0.12060642935070019,0.3094564623730275,0.16734691742823868,3,O,ONOO,2500,14200,76.02839999999999
535,7483.9175770982065,1728.1654424934454,0.09203373669332719,0.24434202941453909,0.1875976844302569,4,O,ONOO,2500,14200,76.02839999999999
536,12247.291382940817,2052.7086080172344,0.17421984263904666,0.4165125076477968,0.1435460565047017,1,O,ONOO,2500,14300,74.7201
537,11227.832554622699,1019.458828281444,0.15400556011301633,0.3968502943281783,0.0832395340655847,2,N,ONOO,2500,14300,74.7201
538,9408.129591993942,1819.702962487763,0.12318648816370834,0.3133446546678509,0.16207072501616163,3,O,ONOO,2500,14300,74.7201
539,7706.704641842354,1701.4249501518277,0.09515380375576322,0.2501621852286183,0.18084624935435553,4,O,ONOO,2500,14300,74.7201
540,12391.70802753751,2008.2919457908745,0.1753476879024164,0.4166439143584236,0.13946471845769962,1,O,ONOO,2500,14400,73.4118
541,11392.589343144251,999.1186842335428,0.15579135958110776,0.3983414334565087,0.08062800398566915,2,N,ONOO,2500,14400,73.4118
542,9605.127978282739,1787.4613644968015,0.12576909512438272,0.31711942909262614,0.15689684852657723,3,O,ONOO,2500,14400,73.4118
543,7930.927678137986,1674.2003001449477,0.09830120023412368,0.2558884648433298,0.17430275826936678,4,O,ONOO,2500,14400,73.4118
544,12536.348847760193,1963.6510861189192,0.17646825538496172,0.41668926080364554,0.13542421283578754,1,O,ONOO,2500,14500,72.10349999999998
545,11557.792499017296,978.5563482470523,0.15756672433005198,0.3997154647336039,0.07805752377590275,2,N,ONOO,2500,14500,72.10349999999998
546,9803.0734145359,1754.7190839723528,0.12835282756311842,0.3207757388813529,0.15182130014200793,3,O,ONOO,2500,14500,72.10349999999998
547,8156.59805210907,1646.4753624034927,0.10147352408138484,0.2615122293372809,0.16795501704211613,4,O,ONOO,2500,14500,72.10349999999998
548,12681.207821834027,1918.7920312246247,0.1775812429445292,0.41664504925859697,0.131424111727714,1,O,ONOO,2500,14600,70.7952
549,11723.432672511139,957.7751480084894,0.1593310593612402,0.4009685371337178,0.07552712339903682,2,N,ONOO,2500,14600,70.7952
550,10001.9597150297,1721.4729577597566,0.13093622574433234,0.32430836931971707,0.1468403500790541,3,O,ONOO,2500,14600,70.7952
551,8383.724337698215,1618.2353771614949,0.10466828156529615,0.2670247116386274,0.1617918311278351,4,O,ONOO,2500,14600,70.7952
552,12826.28006489975,1873.7199350999424,0.17868636207626956,0.41650764429212567,0.1274639411632614,1,O,ONOO,2500,14700,69.4869
553,11889.501260111194,936.7788017390235,0.16108377570360574,0.40209659841173173,0.07303589170040045,2,N,ONOO,2500,14700,69.4869
554,10201.780576496943,1687.7206879789674,0.13351781700610996,0.3277119721602662,0.1419505033101097,3,O,ONOO,2500,14700,69.4869
555,8612.31401060422,1589.4665653694599,0.10788292118488843,0.2724171027656475,0.15580285749639658,4,O,ONOO,2500,14700,69.4869
556,12971.556703677754,1828.4432963212598,0.17978324096139517,0.4162729558141658,0.12354346596765269,1,O,ONOO,2500,14800,68.17859999999999
557,12055.985482903201,915.5712143692392,0.1628241967589493,0.4030951897157274,0.07058298670580165,2,N,ONOO,2500,14800,68.17859999999999
558,10402.524908402014,1653.4605876279556,0.13609602844719434,0.33098086365890134,0.1371485217838688,3,O,ONOO,2500,14800,68.17859999999999
559,8842.369002343296,1560.1559052729192,0.11111475535942751,0.2776803599933339,0.14997857914406887,4,O,ONOO,2500,14800,68.17859999999999
560,13117.031379955048,1782.968620041762,0.18087154496732358,0.415936803702829,0.11966232349273571,1,O,ONOO,2500,14900,66.87029999999999
561,12222.874573277377,894.156792516977,0.16455167286055206,0.4039596593579946,0.06816761861859946,2,N,ONOO,2500,14900,66.87029999999999
562,10604.182184318,1618.6923885477688,0.13866928719639676,0.3341092066792933,0.13243139973690668,3,O,ONOO,2500,14900,66.87029999999999
563,9073.89063913587,1530.2915458751977,0.11436105150330471,0.28280539377357106,0.14431019000581394,4,O,ONOO,2500,14900,66.87029999999999
564,13262.696406569117,1737.303593417482,0.1819509045624506,0.41549467497889275,0.11582023956116547,1,O,ONOO,2500,15000,65.562
565,12390.156039440113,872.54032978293,0.1662655108523508,0.4046850010597603,0.06578906000975443,2,N,ONOO,2500,15000,65.562
566,10806.739554659422,1583.4164280999148,0.14123596116367595,0.3370908840446517,0.12779632662087653,3,O,ONOO,2500,15000,65.562
567,9306.876895435535,1499.8626678376302,0.11761897969140593,0.28778292971616315,0.13878956370249074,4,O,ONOO,2500,15000,65.562
568,4878.650063959911,3121.349936042048,0.12118449502937982,0.34625507479019374,0.390168742005256,1,O,OONO,2500,8000,113.925
569,2261.1509405486336,2617.4991234120866,0.05583490486809534,0.17763734573593182,0.5365211870284278,2,O,OONO,2500,8000,113.925
570,1052.9833387005476,1208.1676018481276,0.023367830394052047,0.08413171435350528,0.5343153259618237,3,N,OONO,2500,8000,113.925
571,0.0008991546352158773,1052.9833387005444,0.004731430655857513,0.02318751035443243,0.999999999999997,4,O,OONO,2500,8000,113.925
572,4983.471669252425,3116.5283307484815,0.12206113693055483,0.3480192275100385,0.38475658404302243,1,O,OONO,2500,8100,113.5722
573,2367.1008433117245,2616.3708259407713,0.05702336381445204,0.180902554233148,0.5250096718886846,2,O,OONO,2500,8100,113.5722
574,1158.8289346123422,1208.2719087962405,0.024562706601058044,0.08815570539404492,0.5104437828283612,3,N,OONO,2500,8100,113.5722
575,0.0009512079914707165,1158.8289345860487,0.005179845103744852,0.024404242049019382,0.9999999999773103,4,O,OONO,2500,8100,113.5722
576,5088.417843537552,3111.58215646311,0.12292857254866271,0.3497539204287329,0.3794612385930622,1,O,OONO,2500,8200,113.2194
577,2473.258975998058,2615.158867539503,0.058208000400525595,0.18413737251245674,0.5139434197332744,2,O,OONO,2500,8200,113.2194
578,1264.887408685708,1208.3715673225536,0.0257626065498423,0.09217087248812887,0.4885746211978986,3,N,OONO,2500,8200,113.2194
579,0.0009738842520983465,1264.8874086672342,0.005650838867502547,0.025626347320617082,0.999999999985395,4,O,OONO,2500,8200,113.2194
580,5193.486877532499,3106.513122467644,0.12378693606645638,0.35145970059839043,0.374278689453933,1,O,OONO,2500,8300,112.86659999999999
581,2579.625704590151,2613.8611730898306,0.059388677423147226,0.18734171173731518,0.5032960003033095,2,O,OONO,2500,8300,112.86659999999999
582,1371.1672216248253,1208.4584829658415,0.0269670363620416,0.09617561885157676,0.46846272341585327,3,N,OONO,2500,8300,112.86659999999999
583,0.0009618207520852379,1371.167221624825,0.0061444874922238655,0.026852890933000362,0.9999999999999999,4,O,OONO,2500,8300,112.86659999999999
584,5298.677089199757,3101.322910800299,0.1246363590395574,0.35313710031976975,0.369205108428607,1,O,OONO,2500,8400,112.51379999999999
585,2686.1973583220442,2612.4797309431365,0.06056526010801562,0.19051537839037122,0.49304377054192056,2,O,OONO,2500,8400,112.51379999999999
586,1477.6651281020086,1208.532230220071,0.02817547860617721,0.10016805218341951,0.4499044816926597,3,N,OONO,2500,8400,112.51379999999999
587,0.000911271188151581,1477.6651280980307,0.006660790241448977,0.028082890835827844,0.9999999999973079,4,O,OONO,2500,8400,112.51379999999999
588,5403.986823183443,3096.0131768165725,0.1254769704636965,0.3547866376106447,0.36423684433136144,1,O,OONO,2500,8500,112.16099999999999
589,2792.9754701898964,2611.011353008775,0.06173762752669582,0.19365837336200464,0.4831639007348005,2,O,OONO,2500,8500,112.16099999999999
590,1584.3856542739677,1208.5898159983326,0.029387480797300962,0.1041466292807162,0.432724823006111,3,N,OONO,2500,8500,112.16099999999999
591,0.0008225453708513284,1584.3856542739675,0.007199725741719708,0.029315412564361903,0.9999999999999999,4,O,OONO,2500,8500,112.16099999999999
592,5509.415734626264,3090.58426618281,0.12630889912204454,0.35640886711453623,0.3593702635096291,1,O,OONO,2500,8600,111.8082
593,2899.960096667776,2609.4556379620412,0.06290567064653182,0.1967706569949558,0.4736356382695553,2,O,OONO,2500,8600,111.8082
594,1691.3272588574519,1208.6328378238895,0.030602593539769896,0.10810969815569998,0.4167756788145739,3,N,OONO,2500,8600,111.8082
595,0.0006971929638535687,1691.3272585050877,0.007761209657786059,0.03054950539433195,0.9999999997916641,4,O,OONO,2500,8600,111.8082
596,5614.9591193510705,3085.040881145464,0.12713226362699115,0.3580041577502579,0.35460240013166255,1,O,OONO,2500,8700,111.4554
597,3007.1473004996183,2607.8118188520925,0.06406925857551163,0.19985213693001935,0.4644400365916611,2,O,OONO,2500,8700,111.4554
598,1798.4910437697238,1208.6562567306014,0.03182037340491699,0.11205588051057122,0.40192785252980157,3,N,OONO,2500,8700,111.4554
599,0.0005434853520902847,1798.491043031465,0.008345111835745883,0.03178420936111865,0.9999999995895121,4,O,OONO,2500,8700,111.4554
600,5720.617427907307,3079.3825723643536,0.12794718918413256,0.3595730671402891,0.34992983776867653,1,O,OONO,2500,8800,111.1026
601,3114.5380793343834,2606.079348573877,0.06522830039984132,0.2029028375732131,0.45555910378842135,2,O,OONO,2500,8800,111.1026
602,1905.8788631625919,1208.6592161720537,0.03304042838423215,0.11598386828539502,0.38807013604738444,3,N,OONO,2500,8800,111.1026
603,0.00041110152724203874,1905.878824448955,0.008951263223960913,0.03301859883275517,0.9999999796872521,4,O,OONO,2500,8800,111.1026
604,5826.389024678624,3073.6109754894032,0.12875379505841955,0.3611160572575416,0.34534954780779814,1,O,OONO,2500,8900,110.7498
605,3222.1314147408407,2604.257609937617,0.06638269738981015,0.20592276343630989,0.4469762659010337,2,O,OONO,2500,8900,110.7498
606,2013.4912176338853,1208.6401971070354,0.03426237021540615,0.11989241585356168,0.3751058046787479,3,N,OONO,2500,8900,110.7498
607,0.0010610961997123969,2013.490361580426,0.009579440538264922,0.0342517494075695,0.9999995748412251,4,O,OONO,2500,8900,110.7498
608,5932.272328268697,3067.7276718327735,0.1295521982989185,0.3626335790809309,0.3408586302036415,1,O,OONO,2500,9000,110.39699999999999
609,3329.926296229552,2602.3460320391946,0.06753235676997574,0.20891193703000857,0.43867609038081296,2,O,OONO,2500,9000,110.39699999999999
610,2121.3302575169,1208.5960390659325,0.035485835379429245,0.1237804511602431,0.3629497867368463,3,N,OONO,2500,9000,110.39699999999999
611,0.0012468636558043145,2121.329083213743,0.010229377064977778,0.03548273138229207,0.9999994464307702,4,O,OONO,2500,9000,110.39699999999999
612,6039.979212618476,3060.020787434372,0.1303839998880659,0.3641750893772025,0.33626602059718375,1,O,OONO,2500,9100,109.9854
613,3440.906451914007,2599.072760704529,0.06873604391568049,0.2119995870539475,0.4303115406878642,2,O,OONO,2500,9100,109.9854
614,2232.9228276149174,1207.9836243783116,0.0367715041939104,0.127821566324323,0.3510655233612555,3,N,OONO,2500,9100,109.9854
615,17.658510065845086,2215.2643175755093,0.010948441011331812,0.0369773465427883,0.9920917508563115,4,O,OONO,2500,9100,109.9854
616,6147.805573722995,3052.1944263029623,0.13120785338834423,0.36569086630031544,0.33176026372858286,1,O,OONO,2500,9200,109.57379999999999
617,3552.1079703442833,2595.69760595454,0.06993564976902748,0.21505638464673152,0.4222153050918028,2,O,OONO,2500,9200,109.57379999999999
618,2344.766487526285,1207.3414828311854,0.03805965159357587,0.13184172357553384,0.3398943649548371,3,N,OONO,2500,9200,109.57379999999999
619,134.07411307782695,2210.6923744026126,0.011771706930177185,0.03965396207622217,0.9428198441776947,4,O,OONO,2500,9200,109.57379999999999
620,6255.74988934651,3044.2501106671652,0.1320238595409473,0.3671813132185608,0.3273387215771145,1,O,OONO,2500,9300,109.1622
621,3663.5246383716526,2592.2252521449627,0.07113105092391006,0.21808207625507037,0.4143748228425022,2,O,OONO,2500,9300,109.1622
622,2456.8559598711945,1206.668678502112,0.039349865231165806,0.1358396131404958,0.32937370363597357,3,N,OONO,2500,9300,109.1622
623,250.6518621782098,2206.204097691375,0.012616460508887406,0.04238710743489371,0.8979786091354902,4,O,OONO,2500,9300,109.1622
624,6363.810662973094,3036.189337035343,0.13283211738101608,0.3686468233231842,0.32299886564205776,1,O,OONO,2500,9400,108.75059999999999
625,3775.1595484797117,2588.6511150022648,0.07232215374753871,0.22107682382689184,0.4067768907808579,2,O,OONO,2500,9400,108.75059999999999
626,2569.1956157026702,1205.963932777399,0.04064180909304599,0.13981422407055047,0.3194471431712206,3,N,OONO,2500,9400,108.75059999999999
627,367.4052583151512,2201.790357385407,0.013482039930279126,0.04517386563409896,0.8569959966957289,4,O,OONO,2500,9400,108.75059999999999
628,6471.986421252703,3028.0135787498307,0.13363272427159817,0.3700877798272031,0.3187382714473506,1,O,OONO,2500,9500,108.339
629,3887.011393489888,2584.97502797346,0.07350885845215453,0.22404061804660055,0.3994098348978177,2,O,OONO,2500,9500,108.339
630,2681.7856040234806,1205.2257894664488,0.04193513540299696,0.1437645372425694,0.3100648975418508,3,N,OONO,2500,9500,108.339
631,484.33173902878946,2197.4538649945016,0.014367759557592414,0.048011146960908066,0.8193995305581712,4,O,OONO,2500,9500,108.339
632,6580.275712319113,3019.7242876833766,0.13442577593680907,0.37150455618482425,0.3145546133003517,1,O,OONO,2500,9600,107.9274
633,3999.079053560705,2581.196658840474,0.07469107077126755,0.22697347312374022,0.3922626910614316,2,O,OONO,2500,9600,107.9274
634,2794.62621917719,1204.4528343835561,0.04322951220150653,0.14768960916552984,0.30118255184556403,3,N,OONO,2500,9600,107.9274
635,601.4430098534907,2193.1832093208077,0.015272958039269865,0.05089611931502317,0.7847858845203769,4,O,OONO,2500,9600,107.9274
636,6688.677104596786,3011.3228954021915,0.1352113664960549,0.37289751632591317,0.31044565931981355,1,O,OONO,2500,9700,107.5158
637,4111.361481726541,2577.315622905286,0.07586870147857751,0.22987542101571304,0.3853251670848378,2,O,OONO,2500,9700,107.5158
638,2907.7186948866506,1203.6427871197125,0.044524627024011054,0.15158861811202934,0.2927601458712529,3,N,OONO,2500,9700,107.5158
639,718.745320010543,2188.9733748825815,0.016196984258786594,0.053825951200310564,0.7528146992802248,4,O,OONO,2500,9700,107.5158
640,6797.189186055249,3002.810813945438,0.1359895884964932,0.3742670148916587,0.30640926672912633,1,O,OONO,2500,9800,107.1042
641,4223.857648988633,2573.3315370783193,0.07704166606216314,0.23274650818899328,0.3785875994679726,2,O,OONO,2500,9800,107.1042
642,3021.060793289939,1202.7968558083983,0.04582016181768143,0.15546060828215078,0.28476264016529956,3,N,OONO,2500,9800,107.1042
643,836.235398027232,2184.825395262799,0.017139173307939015,0.056797724497460476,0.7231980899277175,4,O,OONO,2500,9800,107.1042
644,6905.8105635710735,2994.189436429507,0.13676053294574153,0.3756133974711316,0.30244337741712196,1,O,OONO,2500,9900,106.6926
645,4336.566520051416,2569.2440435242834,0.07820988447992669,0.23558679370475216,0.3720409095895758,2,O,OONO,2500,9900,106.6926
646,3134.6547379712683,1201.911782114988,0.04711583583045954,0.15930494248827287,0.27715746468031527,3,N,OONO,2500,9900,106.6926
647,953.9326309248607,2180.7221070868927,0.01809891539499079,0.05980895924872488,0.6956817542522225,4,O,OONO,2500,9900,106.6926
648,7014.539862498216,2985.4601375021953,0.13752428934322744,0.376937000832432,0.29854601375021955,1,O,OONO,2500,10000,106.281
649,4449.487043051163,2565.0528194487238,0.07937328095953146,0.2383963479458582,0.3656765617887849,2,O,OONO,2500,10000,106.281
650,3248.500350223762,1200.9866928373995,0.048411367907912645,0.1631209075923317,0.2699157635963903,3,N,OONO,2500,10000,106.281
651,1071.8227006661148,2176.677649557638,0.01907556343137777,0.06285667662418874,0.6700561535748965,4,O,OONO,2500,10000,106.281
652,7125.586027414983,2974.4139725852406,0.13833294189961615,0.37829190302289006,0.2944964329292317,1,O,OONO,2500,10100,105.79589999999999
653,4566.479945938009,2559.106081477381,0.08061024982532505,0.24133356296976963,0.3591432440267334,2,O,OONO,2500,10100,105.79589999999999
654,3367.162541249475,1199.317404690664,0.04979254020272793,0.16713299767486234,0.26263498775626615,3,N,OONO,2500,10100,105.79589999999999
655,1195.8874398671442,2171.2751013820266,0.020133186559433112,0.06612821708721052,0.6448382205440897,4,O,OONO,2500,10100,105.79589999999999
656,7236.751213656184,2963.248786343942,0.13913459050303253,0.37962306388152733,0.29051458689646487,1,O,OONO,2500,10200,105.3108
657,4683.709969559661,2553.041244096638,0.0818431563168722,0.24423922290443184,0.3527883118710639,2,O,OONO,2500,10200,105.3108
658,3486.1093811339074,1197.6005884265583,0.051174842532723884,0.17111590500121143,0.25569486501299116,3,N,OONO,2500,10200,105.3108
659,1320.1934862596179,2165.9158948742906,0.02121014383482179,0.0694392636638311,0.6212988917088411,4,O,OONO,2500,10200,105.3108
660,7348.034029879573,2951.9659701204696,0.1399293091492726,0.38093077155207494,0.2865986378757737,1,O,OONO,2500,10300,104.8257
661,4801.176199995993,2546.8578298836546,0.0830718985491073,0.2471133236487983,0.3466039786325534,2,O,OONO,2500,10300,104.8257
662,3605.341295805067,1195.834904191656,0.05255796445294552,0.17506883416182806,0.2490712388753102,3,N,OONO,2500,10300,104.8257
663,1444.746778392422,2160.594517418848,0.02230579178936628,0.07278699223333228,0.5992760019509861,4,O,OONO,2500,10300,104.8257
664,7459.434180041164,2940.5658109210844,0.14071718403564745,0.3822153664852467,0.2827467125885658,1,O,OONO,2500,10400,104.34060000000001
665,4918.878685689894,2540.5554943512557,0.08429639154679355,0.2499559053389659,0.3405828690262987,2,O,OONO,2500,10400,104.34060000000001
666,3724.859582387294,1194.019103302795,0.05394161842533792,0.1789910804499344,0.2427421328313017,3,N,OONO,2500,10400,104.34060000000001
667,1569.5532332632145,2155.306349124235,0.023419503798024613,0.07616865987770127,0.5786275432543637,4,O,OONO,2500,10400,104.34060000000001
668,7570.947596675609,2929.052396686479,0.14149825462878302,0.3834769718849884,0.278957371112998,1,O,OONO,2500,10500,103.8555
669,5036.814815661355,2534.1327808317187,0.0855165124277433,0.25276693530788563,0.3347180453269089,2,O,OONO,2500,10500,103.8555
670,3844.6629560776123,1192.1518595837254,0.055325490704412006,0.1828818790058368,0.2366876494797617,3,N,OONO,2500,10500,103.8555
671,1694.6175675961986,2150.0453884815593,0.024550639450444972,0.07958153843699584,0.5592285755719587,4,O,OONO,2500,10500,103.8555
672,7682.5748129964095,2917.4251825754804,0.14227261323525495,0.3847159557444651,0.2752287908090076,1,O,OONO,2500,10600,103.37039999999999
673,5154.983132744282,2527.5916801756434,0.08673218745927838,0.2555464200329048,0.32900319771696634,2,O,OONO,2500,10600,103.37039999999999
674,3964.7532257740695,1190.2299051307164,0.05670935077718606,0.18674082051265664,0.23088919487833345,3,N,OONO,2500,10600,103.37039999999999
675,1819.9486943305783,2144.804531569022,0.02569861385640582,0.08302314170088762,0.5409679769288226,4,O,OONO,2500,10600,103.37039999999999
676,7794.31438330682,2905.685613958263,0.14304032871647349,0.3859325701001439,0.27155940317366944,1,O,OONO,2500,10700,102.8853
677,5273.384064825139,2520.930318448832,0.08794333332806836,0.2582944488750401,0.3234319523790239,2,O,OONO,2500,10700,102.8853
678,4085.1257831273165,1188.2582817436073,0.05809282347973137,0.1905667415687682,0.2253312611288078,3,N,OONO,2500,10700,102.8853
679,1945.54062851089,2139.585154634356,0.026862746018945977,0.086490563449736,0.5237501286916124,4,O,OONO,2500,10700,102.8853
680,7906.1649107965695,2893.835087563788,0.14380146927433468,0.3871270620546246,0.2679476932929433,1,O,OONO,2500,10800,102.4002
681,5392.016349904935,2514.1485608784265,0.08914986685111573,0.26101106200893415,0.31799849727965246,2,O,OONO,2500,10800,102.4002
682,4205.785007452055,1186.2313380238056,0.059475727103089106,0.19435948261116565,0.21999772646177523,3,N,OONO,2500,10800,102.4002
683,2071.4085403403446,2134.376467112319,0.028042499807586545,0.08998161783723367,0.5074858708494387,4,O,OONO,2500,10800,102.4002
684,8018.125046969362,2881.8749521247228,0.14455610218251466,0.3882996726005826,0.2643921974426351,1,O,OONO,2500,10900,101.91510000000001
685,5510.878793185923,2507.2462537784504,0.09035170870319086,0.263696310330303,0.31269732500943254,2,O,OONO,2500,10900,101.91510000000001
686,4326.73280303997,1184.145990145984,0.06085785543769784,0.1981188450809729,0.21487425773365829,3,N,OONO,2500,10900,101.91510000000001
687,2197.5573662687743,2129.1754367709677,0.02923731479982779,0.09349394112095899,0.4920977406497127,4,O,OONO,2500,10900,101.91510000000001
688,8130.193480187817,2869.8065193945654,0.1453042940207868,0.38945063742459674,0.2608915017631423,1,O,OONO,2500,11000,101.43
689,5629.970227592765,2500.223252593303,0.09154878332785539,0.2663502541008811,0.3075232168442251,2,O,OONO,2500,11000,101.43
690,4447.965205917768,1182.0050216748807,0.062238893376223986,0.20184389062647673,0.20994871622620936,3,N,OONO,2500,11000,101.43
691,2323.9878587633443,2123.9773471544368,0.030446567062357915,0.0970250366716302,0.47751662812663287,4,O,OONO,2500,11000,101.43
692,8245.562010711974,2854.437989150401,0.14611898144280977,0.39064323086568215,0.25715657559913524,1,O,OONO,2500,11100,100.842
693,5754.901290095541,2490.6607206148715,0.09285700607805743,0.2691856873820335,0.3020607591549496,2,O,OONO,2500,11100,100.842
694,4576.126152254209,1178.7751378412709,0.06375131011850567,0.2058483071186094,0.2048297752508803,3,N,OONO,2500,11100,100.842
695,2459.2829056770197,2116.8432466317963,0.03178577155289281,0.10088786863672133,0.46258411070880007,4,O,OONO,2500,11100,100.842
696,8361.056309129206,2838.94369083813,0.14692736032859466,0.3918119513104269,0.25347711525340444,1,O,OONO,2500,11200,100.254
697,5880.102541383108,2480.953767746769,0.09416147091949514,0.2719876675267518,0.29672731243753064,2,O,OONO,2500,11200,100.254
698,4704.62733989191,1175.4752014911862,0.06526449495392067,0.20981640178876462,0.19990726236802886,3,N,OONO,2500,11200,100.254
699,2594.922254365328,2109.705085527231,0.03314335067676971,0.10477327155623115,0.4484319231065179,4,O,OONO,2500,11200,100.254
700,8476.67500227359,2823.3249977327514,0.1477294788474469,0.39295696402354763,0.24985176971086295,1,O,OONO,2500,11300,99.666
701,6005.573030416218,2471.1019718574053,0.09546205950324983,0.2747561283085504,0.29151783820833205,2,O,OONO,2500,11300,99.666
702,4833.4691205653935,1172.10390985089,0.06677814347551196,0.2137474958126178,0.19516937083515193,3,N,OONO,2500,11300,99.666
703,2730.915441142872,2102.55367942421,0.03451866647259118,0.10867857339194474,0.4349988852681993,4,O,OONO,2500,11300,99.666
704,8592.416726097254,2807.583273920365,0.14852538457551387,0.3940784273507307,0.246279234554418,1,O,OONO,2500,11400,99.078
705,6131.31176645209,2461.1049596450885,0.09675865702534217,0.27749101218503697,0.2864275602660327,2,O,OONO,2500,11400,99.078
706,4962.651750889656,1168.6600155625613,0.06829195965402436,0.21764095270631434,0.19060521794976534,3,N,OONO,2500,11400,99.078
707,2867.267500605952,2095.3842502829525,0.03591108275593549,0.11260108141040104,0.42223076602288534,4,O,OONO,2500,11400,99.078
708,8708.280125058775,2791.719874955133,0.14931512448624498,0.39517649273017696,0.24275824999609852,1,O,OONO,2500,11500,98.49
709,6257.317718226227,2450.9624068326525,0.09805115211786204,0.2801922696075938,0.2814519482187776,2,O,OONO,2500,11500,98.49
710,5092.175392732338,1165.142325493936,0.06980565557327921,0.22149617622582995,0.1862047570479162,3,N,OONO,2500,11500,98.49
711,3003.983898915705,2088.191493816649,0.03731997137947824,0.11653818587132063,0.41007846995941283,4,O,OONO,2500,11500,98.49
712,8824.263850856667,2775.7361491451547,0.15009874494847572,0.39625130468742903,0.23928759906423747,1,O,OONO,2500,11600,97.902
713,6383.589813248142,2440.6740376086263,0.09933943674622765,0.2828598583844116,0.2765867021725199,2,O,OONO,2500,11600,97.902
714,5222.039316821213,1161.5504910298039,0.07131893667066339,0.22531250724867896,0.18195882332840177,3,N,OONO,2500,11600,97.902
715,3141.0692708816027,2080.9700459396686,0.03874470131089574,0.12048731845959489,0.3984975829723181,4,O,OONO,2500,11600,97.902
716,8940.366561977826,2759.6334380143535,0.15087629171698072,0.3973030008356755,0.23586610581319262,1,O,OONO,2500,11700,97.314
717,6510.128470353691,2430.238076375121,0.10062342669197598,0.2854938246756996,0.27182756540549424,2,O,OONO,2500,11700,97.314
718,5352.249079326919,1157.8794011959496,0.0728316084186707,0.22908991199303982,0.17785814926215163,3,N,OONO,2500,11700,97.314
719,3278.535626808247,2073.7134531044253,0.040184724250056404,0.12444623844513843,0.3874471128621706,4,O,OONO,2500,11700,97.314
720,9056.586923353332,2743.4130766505955,0.15164780992958093,0.39833171189233285,0.23249263361445724,1,O,OONO,2500,11800,96.726
721,6636.928575737004,2419.658338871312,0.1019029686512334,0.28809393025727187,0.267171105334613,2,O,OONO,2500,11800,96.726
722,5482.7932059633495,1154.1353697736988,0.0743432683019136,0.23282707147431406,0.17389600575075298,3,N,OONO,2500,11800,96.726
723,3416.372836045856,2066.4203700872263,0.04163931202118509,0.12841208418798092,0.37689190390031274,4,O,OONO,2500,11800,96.726
724,9172.923605473268,2727.076394531428,0.15241334410427498,0.3993375616688167,0.22916608357406956,1,O,OONO,2500,11900,96.13799999999999
725,6763.9918969328055,2408.9317036296293,0.10317800061164603,0.2906603066056677,0.2626132961787969,2,O,OONO,2500,11900,96.13799999999999
726,5613.680301972098,1150.3115949606663,0.07585375313333301,0.23652412217255267,0.17006401138391158,3,N,OONO,2500,11900,96.13799999999999
727,3554.597704834394,2059.0825971846966,0.04310795686316402,0.13238287495882423,0.36679726782113625,4,O,OONO,2500,11900,96.13799999999999
728,9289.375287083074,2710.624712926178,0.15317293815362654,0.40032066721086074,0.22588539274384814,1,O,OONO,2500,12000,95.55
729,6891.316879788304,2398.0584049722293,0.1044484235674919,0.2931929161671781,0.25815066469612247,2,O,OONO,2500,12000,95.55
730,5744.908039373913,1146.4088404165047,0.07736279365601337,0.2401805004239105,0.16635555444835698,3,N,OONO,2500,12000,95.55
731,3693.2121891158076,2051.695850267332,0.044590051098030374,0.1363562804305768,0.35713293166846377,4,O,OONO,2500,12000,95.55
732,9410.65030058517,2689.349699415799,0.15403083962869898,0.4013496767609562,0.22226030573684288,1,O,OONO,2500,12100,94.815
733,7027.2529055146215,2383.3973943226747,0.10588809330215668,0.2959758046046719,0.25326596124547,2,O,OONO,2500,12100,94.815
734,5886.396353784203,1140.8565517297784,0.07907597512140728,0.24422867117803287,0.16234744459452907,3,N,OONO,2500,12100,94.815
735,3844.940324527442,2041.4560292594106,0.046287568169649344,0.14083065717916207,0.3468091352610013,4,O,OONO,2500,12100,94.815
736,9532.068083932545,2667.93191609081,0.15488289739896288,0.4023512255397866,0.21868294394186966,1,O,OONO,2500,12200,94.08
737,7163.519419716404,2368.548664071501,0.10732455029933491,0.2987199862261687,0.2484821387358717,2,O,OONO,2500,12200,94.08
738,6028.318774079839,1135.2006456365755,0.08079034394080599,0.24823061387544315,0.15846968216657908,3,N,OONO,2500,12200,94.08
739,3997.1769643459897,2031.141809734083,0.048004702355623964,0.14531070912239688,0.33693337825256525,4,O,OONO,2500,12200,94.08
740,9653.62712020713,2646.372879621084,0.15572912714768283,0.4033252763128009,0.21515226663586048,1,O,OONO,2500,12300,93.34499999999998
741,7300.115341661641,2353.5117786025285,0.10875762334418337,0.30142518808327967,0.24379559613154306,2,O,OONO,2500,12300,93.34499999999998
742,6170.675703229034,1129.439638432559,0.08250553329220356,0.2521855045075739,0.1547153141522114,3,N,OONO,2500,12300,93.34499999999998
743,4149.929343229076,2020.746359999986,0.049740714252479924,0.14979338626047664,0.32747570236798473,4,O,OONO,2500,12300,93.34499999999998
744,9775.325892537812,2624.674107178724,0.15656954414764349,0.4042717818259296,0.21166726670796163,1,O,OONO,2500,12400,92.61
745,7437.039571524418,2338.2863210237347,0.11018714455144643,0.30409114441187,0.23920290195222152,2,O,OONO,2500,12400,92.61
746,6313.467454811411,1123.5721167137988,0.08422118324824922,0.25609255567883965,0.15107787257389743,3,N,OONO,2500,12400,92.61
747,4303.206146175432,2010.2613085167945,0.0514948713751077,0.1542757579557348,0.3184084376620649,4,O,OONO,2500,12400,92.61
748,9897.162884071391,2602.837116536168,0.15740416324800122,0.4051906845938432,0.20822696932289345,1,O,OONO,2500,12500,91.875
749,7574.290945936481,2322.871937987412,0.11161294890721327,0.3067175936719902,0.23470078902367758,2,O,OONO,2500,12500,91.875
750,6456.694210297604,1117.596735635979,0.0859369402138864,0.2599510134133224,0.14755133432464151,3,N,OONO,2500,12500,91.875
751,4457.009561528589,1999.684648743681,0.053266431112441295,0.15875479845426255,0.30970719436494903,4,O,OONO,2500,12500,91.875
752,10019.136585980164,2580.863418529854,0.15823299890890832,0.40608191702195995,0.2048304300420519,1,O,OONO,2500,12600,91.14
753,7711.868240680155,2307.2683450253617,0.11303487415587482,0.30930427738896926,0.23028614544031026,2,O,OONO,2500,12600,91.14
754,6600.356022091142,1111.5122185742662,0.0876524567647438,0.26376015512129053,0.14413008416184186,3,N,OONO,2500,12600,91.14
755,4611.349799489593,1989.0062226034709,0.05505467202351576,0.16322777774235253,0.30134832362774705,4,O,OONO,2500,12600,91.14
756,10141.245415336514,2558.754595654177,0.15905606391275756,0.40694539568383425,0.20147673981528955,1,O,OONO,2500,12700,90.405
757,7849.770093844747,2291.4753212856754,0.11445275956459412,0.31185093662631247,0.22595600712120603,2,O,OONO,2500,12700,90.405
758,6744.452740489649,1105.317353338766,0.08936739042265934,0.2675192848262412,0.1408088823143343,3,N,OONO,2500,12700,90.405
759,4766.232387751827,1978.220352741121,0.05685886654099066,0.16769191997595648,0.293310729403599,4,O,OONO,2500,12700,90.405
760,10263.487706569511,2536.512307250361,0.15987336914506756,0.4077810203020923,0.19816502400393446,1,O,OONO,2500,12800,89.66999999999999
761,7987.9949929240465,2275.4927137325703,0.11586644551346673,0.3143573103153112,0.22170754998576753,2,O,OONO,2500,12800,89.66999999999999
762,6888.984001394256,1099.010991531002,0.09108140320690775,0.2712277305141285,0.1375828343037936,3,N,OONO,2500,12800,89.66999999999999
763,4921.662908980398,1967.3210924127482,0.058678290767223515,0.1721445286358201,0.2855749254192757,4,O,OONO,2500,12800,89.66999999999999
764,10385.861845822428,2514.138160687961,0.1606849248660291,0.40858868046834046,0.19489443106108223,1,O,OONO,2500,12900,88.93499999999999
765,8126.5413961018185,2259.3204496931244,0.11727577466324972,0.3168231370346602,0.21753808044364709,2,O,OONO,2500,12900,88.93499999999999
766,7033.949343822945,1092.5920522814329,0.09279416273050087,0.27488484552035375,0.1344473619251522,3,N,OONO,2500,12900,88.93499999999999
767,5077.646837654311,1956.3025061694425,0.06051222533361078,0.1765829820972144,0.27812291652162996,4,O,OONO,2500,12900,88.93499999999999
768,10508.367199735374,2491.6328002645955,0.16149077425414943,0.4093683646560619,0.19166406155881505,1,O,OONO,2500,13000,88.19999999999999
769,8265.408597703765,2242.958602531225,0.11868061952716728,0.3192482193902286,0.21344501575732033,2,O,OONO,2500,13000,88.19999999999999
770,7179.349008612849,1086.0595891376663,0.094505365837165,0.2784900674933013,0.1313981730364047,3,N,OONO,2500,13000,88.19999999999999
771,5234.190152387926,1945.1588562247264,0.06235997326236291,0.18100477781021365,0.270938054953336,4,O,OONO,2500,13000,88.19999999999999
772,10638.30477923681,2461.695220762955,0.16244744183480309,0.410178560951398,0.1879156657070958,1,O,OONO,2500,13100,87.24449999999999
773,8417.70560818609,2220.599171000022,0.12035390555436364,0.32201293221637706,0.20873618655239612,2,O,OONO,2500,13100,87.24449999999999
774,7340.850444760585,1076.8551637214484,0.09654708482023865,0.2826434266824053,0.12792739659061292,3,N,OONO,2500,13100,87.24449999999999
775,5411.358228879366,1929.4922158811678,0.06458146585420117,0.18619627532190652,0.26284314472832127,4,O,OONO,2500,13100,87.24449999999999
776,10768.419324850265,2431.58067514877,0.16339842248877143,0.4109496673635442,0.18421065720824015,1,O,OONO,2500,13200,86.289
777,8570.44676989631,2197.972554319356,0.12202473350261663,0.32472481690593247,0.20411283104913067,2,O,OONO,2500,13200,86.289
778,7502.959420481372,1067.4873501459497,0.09859115149685456,0.28673039533877154,0.12455445775539944,3,N,OONO,2500,13200,86.289
779,5589.3279105748725,1913.6315074075076,0.06682675521221952,0.19136848945562632,0.2550502275387135,4,O,OONO,2500,13200,86.289
780,10898.70872231444,2401.2912776829494,0.1643436683531323,0.41168109735153713,0.18054821636713905,1,O,OONO,2500,13300,85.33349999999999
781,8723.630458100419,2175.078260415988,0.12369278999338901,0.3273829574402101,0.1995721067361538,2,O,OONO,2500,13300,85.33349999999999
782,7665.676212943874,1057.9542455622916,0.10063699258822788,0.2907494250625333,0.12127453709136854,3,N,OONO,2500,13300,85.33349999999999
783,5768.108166683264,1897.5680456497064,0.06909475133325285,0.19651711882222425,0.24754085522756214,4,O,OONO,2500,13300,85.33349999999999
784,11029.170804329906,2370.829195663719,0.1652831300153569,0.4123722323654867,0.1769275519152029,1,O,OONO,2500,13400,84.378
785,8877.255114205154,2151.915690235367,0.1253577631036787,0.3299864349893842,0.19511128519204304,2,O,OONO,2500,13400,84.378
786,7829.0011617852915,1048.2539524389506,0.10268403874195596,0.29469899355479084,0.11808311679153635,3,N,OONO,2500,13400,84.378
787,5947.710019863653,1881.291141886961,0.07138438295469805,0.20163803534658942,0.2402977216391113,4,O,OONO,2500,13400,84.378
788,11159.803348396792,2340.1966515912486,0.16621675641750994,0.4130224203531541,0.17334790011787027,1,O,OONO,2500,13500,83.4225
789,9031.319267519413,2128.484115604148,0.1270193421331328,0.33253432508043773,0.19072774395347425,2,O,OONO,2500,13500,83.4225
790,7992.934555277622,1038.3847123435635,0.10473172396303901,0.2985775961753998,0.11497597212381258,3,N,OONO,2500,13500,83.4225
791,6128.1429718280015,1864.7915832876624,0.07369455807896837,0.2067271369490696,0.23330499835712615,4,O,OONO,2500,13500,83.4225
792,11290.604074527111,2309.3959254577353,0.16714449475525953,0.4136309741825167,0.16980852393071583,1,O,OONO,2500,13600,82.46699999999998
793,9185.819931066373,2104.784143460731,0.12867721146321814,0.33502562340011843,0.1864190905612715,2,O,OONO,2500,13600,82.46699999999998
794,8157.474926433954,1028.3450002105487,0.10677947569221154,0.30238371397737857,0.11194917905288931,3,N,OONO,2500,13600,82.46699999999998
795,6309.414727495004,1848.0601984817458,0.07602416835728461,0.21178037517465328,0.22654806973334168,4,O,OONO,2500,13600,82.46699999999998
796,11421.570642838504,2278.4293571587814,0.16806629037137913,0.4141971699753928,0.16630871220137092,1,O,OONO,2500,13700,81.5115
797,9340.755475400996,2080.815167437587,0.1303310501364392,0.33745935197319166,0.18218292671877748,2,O,OONO,2500,13700,81.5115
798,8322.62204536953,1018.1334123428702,0.10882672178590304,0.30611583318843416,0.1089990434953723,3,N,OONO,2500,13700,81.5115
799,6491.5339950600965,1831.0880499755656,0.07837210158737506,0.21679378306130184,0.22001336117315706,4,O,OONO,2500,13700,81.5115
800,11552.700651046129,2247.299349016289,0.1689820866435776,0.4147202453475337,0.16284777891422383,1,O,OONO,2500,13800,80.55599999999998
801,9496.123239163619,2056.577411882055,0.13198054437134765,0.3398344958074061,0.17801702597529231,2,O,OONO,2500,13800,80.55599999999998
802,8488.374555179054,1007.7486425417744,0.11087289645644749,0.30977245727081976,0.10612211079839913,3,N,OONO,2500,13800,80.55599999999998
803,6674.508016983714,1813.8665381608623,0.08073723912033447,0.22176346148819837,0.21368832470454063,4,O,OONO,2500,13800,80.55599999999998
804,11683.991631866578,2216.0083683924045,0.16989182486669796,0.41519939755103363,0.1594250624742737,1,O,OONO,2500,13900,79.60049999999998
805,9651.920504219297,2032.071127641249,0.1336253757497024,0.3421500096643738,0.17391925565052935,2,O,OONO,2500,13900,79.60049999999998
806,8654.730921557311,997.189506215156,0.11291743202805225,0.31335208170179485,0.10331513876220165,3,N,OONO,2500,13900,79.60049999999998
807,6858.343816453368,1796.3871057580589,0.08311845380390388,0.2266855781113647,0.2075612889689725,4,O,OONO,2500,13900,79.60049999999998
808,11815.441047464305,2184.558952958724,0.17079544409945946,0.4156337813829784,0.15603992521133744,1,O,OONO,2500,14000,78.645
809,9808.144325222705,2007.2967222180132,0.13526522414783496,0.344404816978864,0.16988758304953808,2,O,OONO,2500,14000,78.645
810,8821.69070327648,986.4536219460442,0.11495979275289288,0.31685332051401455,0.10057494967822525,3,N,OONO,2500,14000,78.645
811,7043.048540021507,1778.6421634053675,0.08551463670686256,0.2315564118099211,0.2016214604695627,4,O,OONO,2500,14000,78.645
812,11959.152787851375,2140.847212134706,0.17194345365772248,0.4160044489840579,0.15183313561239048,1,O,OONO,2500,14100,77.33669999999998
813,9986.901928741412,1972.2508590261634,0.13735573682455893,0.3470855427906166,0.16491560012759943,2,O,OONO,2500,14100,77.33669999999998
814,9015.910496823268,970.9914319174471,0.11756787594015525,0.3210912228370128,0.09722649114266563,3,N,OONO,2500,14100,77.33669999999998
815,7262.9562506568345,1752.9542406607288,0.08859629784585636,0.23760481294087024,0.1944289754516061,4,O,OONO,2500,14100,77.33669999999998
816,12103.104546248553,2096.8954516519952,0.1730850067590025,0.41629832431584113,0.14766869377830952,1,O,OONO,2500,14200,76.02839999999999
817,10166.328498106433,1936.7760479527567,0.1394439834459808,0.34967005584209854,0.16002307842189753,2,O,OONO,2500,14200,76.02839999999999
818,9211.086008256529,955.2424898491538,0.12017927371105326,0.32520717988869285,0.09396140307949678,3,N,OONO,2500,14200,76.02839999999999
819,7484.27778630501,1726.8082256972548,0.09170917277261872,0.24357343560344707,0.18747064397720292,4,O,OONO,2500,14200,76.02839999999999
820,12247.291382940817,2052.7086080172344,0.17421984263904666,0.4165125076477968,0.1435460565047017,1,O,OONO,2500,14300,74.7201
821,10346.418992742027,1900.8723899809174,0.14152915193433757,0.3521547654893733,0.15520757451958983,2,O,OONO,2500,14300,74.7201
822,9407.214711586428,939.2042811547301,0.12279268138259734,0.3291965262787277,0.09077578259817028,3,N,OONO,2500,14300,74.7201
823,7707.028797884832,1700.1859137016036,0.09485099021916386,0.24945378163162182,0.18073212590838006,4,O,OONO,2500,14300,74.7201
824,12391.70802753751,2008.2919457908745,0.1753476879024164,0.4166439143584236,0.13946471845769962,1,O,OONO,2500,14400,73.4118
825,10527.167535530592,1864.5404923225444,0.14361040549055587,0.354535905142886,0.15046678699813323,2,O,OONO,2500,14400,73.4118
826,9604.292845095502,922.8746904350152,0.12540676280986265,0.3330544513232862,0.08766600202002962,3,N,OONO,2500,14400,73.4118
827,7931.220292413853,1673.0725526819879,0.09801935382948461,0.2552371001174973,0.17420049343209623,4,O,OONO,2500,14400,73.4118
828,12536.348847760193,1963.6510861189192,0.17646825538496172,0.41668926080364554,0.13542421283578754,1,O,OONO,2500,14500,72.10349999999998
829,10708.567359526249,1827.7814909601361,0.14568688081258893,0.35680951619073065,0.1457985505314569,2,O,OONO,2500,14500,72.10349999999998
830,9802.315336629099,906.2520228971703,0.12802014841889403,0.33677597911565604,0.08462868957825402,3,N,OONO,2500,14500,72.10349999999998
831,8156.8632576238915,1645.452078981239,0.10121183538358226,0.260914777355289,0.16786361410273612,4,O,OONO,2500,14500,72.10349999999998
832,12681.207821834027,1918.7920312246247,0.1775812429445292,0.41664504925859697,0.131424111727714,1,O,OONO,2500,14600,70.7952
833,10890.61070839953,1790.59711927495,0.1477576856271754,0.35897142820163236,0.14120083389785373,2,O,OONO,2500,14600,70.7952
834,10001.275682464393,889.335025935148,0.13063143251054884,0.3403559459358309,0.08166071212601846,3,N,OONO,2500,14600,70.7952
835,8383.965838486894,1617.3098438034622,0.10442591943540737,0.2664780834306902,0.16171035527389285,4,O,OONO,2500,14600,70.7952
836,12826.28006489975,1873.7199350999424,0.17868636207626956,0.41650764429212567,0.1274639411632614,1,O,OONO,2500,14700,69.4869
837,11073.290137163935,1752.9899255769535,0.14982192320329252,0.3610172911163308,0.13667173309073186,2,O,OONO,2500,14700,69.4869
838,10201.167166406483,872.1229707078292,0.13323919609478788,0.3437890321857493,0.07875915467805085,3,N,OONO,2500,14700,69.4869
839,8612.534965354665,1588.6322005231114,0.10765903616788827,0.271918255937254,0.15573043501871475,4,O,OONO,2500,14700,69.4869
840,12971.556703677754,1828.4432963212598,0.17978324096139517,0.4162729558141658,0.12354346596765269,1,O,OONO,2500,14800,68.17859999999999
841,11256.593889630602,1714.9627804826182,0.15187860289317567,0.362942384668445,0.13220948107148808,2,O,OONO,2500,14800,68.17859999999999
842,10401.978398605857,854.6154906756382,0.13584192157274616,0.3470695566138049,0.07592132212061915,3,N,OONO,2500,14800,68.17859999999999
843,8842.572110526784,1559.4062872855882,0.11090848502980075,0.277226311599368,0.1499143939286194,4,O,OONO,2500,14800,68.17859999999999
844,13117.031379955048,1782.968620041762,0.18087154496732358,0.415936803702829,0.11966232349273571,1,O,OONO,2500,14900,66.87029999999999
845,11440.511742239378,1676.5195203196222,0.15392674880645515,0.3647418154463415,0.12781241972795887,2,O,OONO,2500,14900,66.87029999999999
846,10603.69888926103,836.8128516638282,0.13843809533245843,0.35019168116472754,0.07314470458294635,3,N,OONO,2500,14900,66.87029999999999
847,9074.078443931436,1529.6204459963024,0.11417152802922127,0.28239323717863635,0.14425347814670936,4,O,OONO,2500,14900,66.87029999999999
848,13262.696406569117,1737.303593417482,0.1819509045624506,0.41549467497889275,0.11582023956116547,1,O,OONO,2500,15000,65.562
849,11625.033962246258,1637.6624443222736,0.1559653802923822,0.3664105306676755,0.12347884578818577,2,O,OONO,2500,15000,65.562
850,10806.318022266549,818.7159362807462,0.14102618890479868,0.3531493440347197,0.07042697156323395,3,N,OONO,2500,15000,65.562
851,9307.053824789662,1499.264206039563,0.11744537399246736,0.2874099288173458,0.13873959686826828,4,O,OONO,2500,15000,65.562
852,4878.650063959911,3121.349936042048,0.12118449502937982,0.34625507479019374,0.390168742005256,1,O,OOON,2500,8000,113.925
853,2261.1509405486336,2617.4991234120866,0.05583490486809534,0.17763734573593182,0.5365211870284278,2,O,OOON,2500,8000,113.925
854,0.00016199923086964146,2261.1509399316124,0.01614847877032379,0.055830484033386106,0.9999999997271207,3,O,OOON,2500,8000,113.925
855,1.041897404163911e-10,0.00016199923086964143,0.0020430557416802205,0.01583367955098396,0.9999999999999998,4,N,OOON,2500,8000,113.925
856,4983.471669252425,3116.5283307484815,0.12206113693055483,0.3480192275100385,0.38475658404302243,1,O,OOON,2500,8100,113.5722
857,2367.1008433117245,2616.3708259407713,0.05702336381445204,0.180902554233148,0.5250096718886846,2,O,OOON,2500,8100,113.5722
858,27.95338698156882,2339.1474560816823,0.016993538873442928,0.05750172654609379,0.9881908760630014,3,O,OOON,2500,8100,113.5722
859,3.13400214034322e-05,27.953386981501943,0.0022162251758060807,0.016677598149558142,0.9999999999976076,4,N,OOON,2500,8100,113.5722
860,5088.417843537552,3111.58215646311,0.12292857254866271,0.3497539204287329,0.3794612385930622,1,O,OOON,2500,8200,113.2194
861,2473.258975998058,2615.158867539503,0.058208000400525595,0.18413737251245674,0.5139434197332744,2,O,OOON,2500,8200,113.2194
862,136.30839283376636,2336.9505831285146,0.01794262909963271,0.06055657667520657,0.944887133053045,3,O,OOON,2500,8200,113.2194
863,9.650224644462192e-05,136.30839283376633,0.0025931069585314382,0.017669617170499124,0.9999999999999998,4,N,OOON,2500,8200,113.2194
864,5193.486877532499,3106.513122467644,0.12378693606645638,0.35145970059839043,0.374278689453933,1,O,OOON,2500,8300,112.86659999999999
865,2579.625704590151,2613.8611730898306,0.059388677423147226,0.18734171173731518,0.5032960003033095,2,O,OOON,2500,8300,112.86659999999999
866,244.8567203730054,2334.7689842066284,0.018903622660734233,0.06363450943254992,0.9050805239117334,3,O,OOON,2500,8300,112.86659999999999
867,0.0001686818465152148,244.85672035562715,0.0030021986619599315,0.018674185870730463,0.9999999999290269,4,N,OOON,2500,8300,112.86659999999999
868,5298.677089199757,3101.322910800299,0.1246363590395574,0.35313710031976975,0.369205108428607,1,O,OOON,2500,8400,112.51379999999999
869,2686.1973583220442,2612.4797309431365,0.06056526010801562,0.19051537839037122,0.49304377054192056,2,O,OOON,2500,8400,112.51379999999999
870,353.5818511651226,2332.615507144312,0.019875942696609302,0.06673301515694739,0.8683708588714418,3,O,OOON,2500,8400,112.51379999999999
871,0.00023448198057561022,353.58184360501076,0.0034438670621813935,0.01968964361295088,0.9999999786184958,4,N,OOON,2500,8400,112.51379999999999
872,5403.986823183443,3096.0131768165725,0.1254769704636965,0.3547866376106447,0.36423684433136144,1,O,OOON,2500,8500,112.16099999999999
873,2792.9754701898964,2611.011353008775,0.06173762752669582,0.19365837336200464,0.4831639007348005,2,O,OOON,2500,8500,112.16099999999999
874,462.48547420892936,2330.48999598097,0.020859069852781704,0.06984997263930785,0.8344111936731469,3,O,OOON,2500,8500,112.16099999999999
875,0.00026228530329848877,462.4854741966988,0.0039183663777452955,0.020714340109461618,0.9999999999735547,4,N,OOON,2500,8500,112.16099999999999
876,5509.415734626264,3090.58426618281,0.12630889912204454,0.35640886711453623,0.3593702635096291,1,O,OOON,2500,8600,111.8082
877,2899.960096667776,2609.4556379620412,0.06290567064653182,0.1967706569949558,0.4736356382695553,2,O,OOON,2500,8600,111.8082
878,571.5750690613593,2328.385027606849,0.021852502684526088,0.07298345713556918,0.8029024365825929,3,O,OOON,2500,8600,111.8082
879,0.00031939398310261435,571.5750176902642,0.004425792983719689,0.02174654706068752,0.9999999101236253,4,N,OOON,2500,8600,111.8082
880,5614.9591193510705,3085.040881145464,0.12713226362699115,0.3580041577502579,0.35460240013166255,1,O,OOON,2500,8700,111.4554
881,3007.1473004996183,2607.8118188520925,0.06406925857551163,0.19985213693001935,0.4644400365916611,2,O,OOON,2500,8700,111.4554
882,680.8492284152383,2326.2980720843807,0.022855719045691527,0.07613143019731172,0.7735896647623085,3,O,OOON,2500,8700,111.4554
883,0.00032301254650595607,680.8491474885925,0.0049660405109935015,0.02278447638475569,0.9999998811386687,4,N,OOON,2500,8700,111.4554
884,5720.617427907307,3079.3825723643536,0.12794718918413256,0.3595730671402891,0.34992983776867653,1,O,OOON,2500,8800,111.1026
885,3114.5380793343834,2606.079348573877,0.06522830039984132,0.2029028375732131,0.45555910378842135,2,O,OOON,2500,8800,111.1026
886,790.3128056848068,2324.2252736526043,0.023868248641371704,0.07929207405876071,0.746250395548004,3,O,OOON,2500,8800,111.1026
887,0.0005495933308601181,790.3124440629771,0.005538842863246901,0.023826339839385986,0.9999995424320255,4,N,OOON,2500,8800,111.1026
888,5826.389024678624,3073.6109754894032,0.12875379505841955,0.3611160572575416,0.34534954780779814,1,O,OOON,2500,8900,110.7498
889,3222.1314147408407,2604.257609937617,0.06638269738981015,0.20592276343630989,0.4469762659010337,2,O,OOON,2500,8900,110.7498
890,899.9681807857235,2322.1632339548214,0.024889619988838974,0.08246358646545483,0.7206916587359599,3,O,OOON,2500,8900,110.7498
891,0.00010744100588974681,899.9681801620133,0.006143739475013656,0.024870300854236072,0.9999999993069641,4,N,OOON,2500,8900,110.7498
892,5932.272328268697,3067.7276718327735,0.1295521982989185,0.3626335790809309,0.3408586302036415,1,O,OOON,2500,9000,110.39699999999999
893,3329.926296229552,2602.3460320391946,0.06753235676997574,0.20891193703000857,0.43867609038081296,2,O,OOON,2500,9000,110.39699999999999
894,1009.818659479121,2320.1076367580563,0.02591937675331342,0.0856442584617754,0.6967444412764016,3,O,OOON,2500,9000,110.39699999999999
895,3.4064684848799515e-05,1009.8186592652696,0.006780080329688744,0.02591451679287745,0.9999999997882278,4,N,OOON,2500,9000,110.39699999999999
896,6039.979212618476,3060.020787434372,0.1303839998880659,0.3641750893772025,0.33626602059718375,1,O,OOON,2500,9100,109.9854
897,3440.906451914007,2599.072760704529,0.06873604391568049,0.2119995870539475,0.4303115406878642,2,O,OOON,2500,9100,109.9854
898,1123.9797129660683,2316.9267389484667,0.027008547851688446,0.08897874653756971,0.6733477853371092,3,O,OOON,2500,9100,109.9854
899,20.50780000492719,1103.471913211748,0.0075092884976066575,0.02737093459618818,0.9817542972370895,4,N,OOON,2500,9100,109.9854
900,6147.805573722995,3052.1944263029623,0.13120785338834423,0.36569086630031544,0.33176026372858286,1,O,OOON,2500,9200,109.57379999999999
901,3552.1079703442833,2595.69760595454,0.06993564976902748,0.21505638464673152,0.4222153050918028,2,O,OOON,2500,9200,109.57379999999999
902,1238.361600574502,2313.746369769792,0.028107311722915716,0.09232298155592092,0.6513727592423199,3,O,OOON,2500,9200,109.57379999999999
903,136.62373646096705,1101.7378641135356,0.008406282148583261,0.03055038675860224,0.8896737944736143,4,N,OOON,2500,9200,109.57379999999999
904,6255.74988934651,3044.2501106671652,0.1320238595409473,0.3671813132185608,0.3273387215771145,1,O,OOON,2500,9300,109.1622
905,3663.5246383716526,2592.2252521449627,0.07113105092391006,0.21808207625507037,0.4143748228425022,2,O,OOON,2500,9300,109.1622
906,1352.9622266653296,2310.562411711451,0.029215176557637428,0.09567511104568706,0.6306938371618104,3,O,OOON,2500,9300,109.1622
907,252.92837427398595,1100.0338523892665,0.009324942993349244,0.03378849431213335,0.8130558493865271,4,N,OOON,2500,9300,109.1622
908,6363.810662973094,3036.189337035343,0.13283211738101608,0.3686468233231842,0.32299886564205776,1,O,OOON,2500,9400,108.75059999999999
909,3775.1595484797117,2588.6511150022648,0.07232215374753871,0.22107682382689184,0.4067768907808579,2,O,OOON,2500,9400,108.75059999999999
910,1467.7856404197248,2307.3739080571568,0.03033171278397278,0.09903345744579778,0.6111990442857853,3,O,OOON,2500,9400,108.75059999999999
911,369.41338479178984,1098.3722556237144,0.010264373371571841,0.03708092128836969,0.7483192541041799,4,N,OOON,2500,9400,108.75059999999999
912,6471.986421252703,3028.0135787498307,0.13363272427159817,0.3700877798272031,0.3187382714473506,1,O,OOON,2500,9500,108.339
913,3887.011393489888,2584.97502797346,0.07350885845215453,0.22404061804660055,0.3994098348978177,2,O,OOON,2500,9500,108.339
914,1582.8363290017624,2304.1750644882386,0.031456482887579316,0.10239643245537208,0.5927883484847399,3,O,OOON,2500,9500,108.339
915,486.08814992162763,1096.7481790810739,0.01122373257457452,0.04042380912619672,0.6929005602068492,4,N,OOON,2500,9500,108.339
916,6580.275712319113,3019.7242876833766,0.13442577593680907,0.37150455618482425,0.3145546133003517,1,O,OOON,2500,9600,107.9274
917,3999.079053560705,2581.196658840474,0.07469107077126755,0.22697347312374022,0.3922626910614316,2,O,OOON,2500,9600,107.9274
918,1698.1159005857394,2300.9631529749718,0.032589058413785496,0.10576244909164054,0.5753732602325622,3,O,OOON,2500,9600,107.9274
919,602.9543587026584,1095.1615418829492,0.012202188087577111,0.0438132950687112,0.6449274407625474,4,N,OOON,2500,9600,107.9274
920,6688.677104596786,3011.3228954021915,0.1352113664960549,0.37289751632591317,0.31044565931981355,1,O,OOON,2500,9700,107.5158
921,4111.361481726541,2577.315622905286,0.07586870147857751,0.22987542101571304,0.3853251670848378,2,O,OOON,2500,9700,107.5158
922,1813.6286957037587,2297.7327862393377,0.03372902728087334,0.10913005753370283,0.5588739390714969,3,O,OOON,2500,9700,107.5158
923,720.0231999902508,1093.6054957137837,0.013198965684246753,0.04724589463931306,0.6029930483038713,4,N,OOON,2500,9700,107.5158
924,6797.189186055249,3002.810813945438,0.1359895884964932,0.3742670148916587,0.30640926672912633,1,O,OOON,2500,9800,107.1042
925,4223.857648988633,2573.3315370783193,0.07704166606216314,0.23274650818899328,0.3785875994679726,2,O,OOON,2500,9800,107.1042
926,1929.3706393208868,2294.487009710259,0.0348759729890796,0.11249762958738102,0.5432207238943421,3,O,OOON,2500,9800,107.1042
927,837.292543689625,1092.0780956312894,0.01421326669155839,0.050717999291372426,0.5660281510325494,4,N,OOON,2500,9800,107.1042
928,6905.8105635710735,2994.189436429507,0.13676053294574153,0.3756133974711316,0.30244337741712196,1,O,OOON,2500,9900,106.6926
929,4336.566520051416,2569.2440435242834,0.07820988447992669,0.23558679370475216,0.3720409095895758,2,O,OOON,2500,9900,106.6926
930,2045.3493217812807,2291.21719827633,0.03602951161243615,0.11586392999709927,0.5283482191918883,3,O,OOON,2500,9900,106.6926
931,954.7731869520337,1090.5761348302638,0.015244382391741917,0.05422639231975326,0.5331979839416812,4,N,OOON,2500,9900,106.6926
932,7014.539862498216,2985.4601375021953,0.13752428934322744,0.376937000832432,0.29854601375021955,1,O,OOON,2500,10000,106.281
933,4449.487043051163,2565.0528194487238,0.07937328095953146,0.2383963479458582,0.3656765617887849,2,O,OOON,2500,10000,106.281
934,2161.5653776191243,2287.921665432839,0.03718925701960859,0.11922758496417153,0.5141989724424355,3,O,OOON,2500,10000,106.281
935,1072.4685981790424,1089.096779440087,0.016291593231886524,0.05776785812220975,0.503846328552728,4,N,OOON,2500,10000,106.281
936,7125.586027414983,2974.4139725852406,0.13833294189961615,0.37829190302289006,0.2944964329292317,1,O,OOON,2500,10100,105.79589999999999
937,4566.479945938009,2559.106081477381,0.08061024982532505,0.24133356296976963,0.3591432440267334,2,O,OOON,2500,10100,105.79589999999999
938,2283.301401875499,2283.178544062755,0.03843192501718359,0.12279084424695295,0.4999865478646623,3,O,OOON,2500,10100,105.79589999999999
939,1196.3328762758429,1086.9685256028806,0.017422061161979828,0.061555675837609757,0.47605126713015067,4,N,OOON,2500,10100,105.79589999999999
940,7236.751213656184,2963.248786343942,0.13913459050303253,0.37962306388152733,0.29051458689646487,1,O,OOON,2500,10200,105.3108
941,4683.709969559661,2553.041244096638,0.0818431563168722,0.24423922290443184,0.3527883118710639,2,O,OOON,2500,10200,105.3108
942,2405.309389265226,2278.4005802944357,0.03968251259075855,0.12635218299492298,0.48645210636486946,3,O,OOON,2500,10200,105.3108
943,1320.448938945361,1084.8604503190727,0.018570959150663945,0.06537865469990738,0.45102740427520466,4,N,OOON,2500,10200,105.3108
944,7348.034029879573,2951.9659701204696,0.1399293091492726,0.38093077155207494,0.2865986378757737,1,O,OOON,2500,10300,104.8257
945,4801.176199995993,2546.8578298836546,0.0830718985491073,0.2471133236487983,0.3466039786325534,2,O,OOON,2500,10300,104.8257
946,2527.592586529242,2273.5836135156883,0.040940610666930215,0.12991016178776385,0.47354721401759553,3,O,OOON,2500,10300,104.8257
947,1444.824055432357,1082.7685310967795,0.019737571723653244,0.0692335096875094,0.42837937445590496,4,N,OOON,2500,10300,104.8257
948,7459.434180041164,2940.5658109210844,0.14071718403564745,0.3822153664852467,0.2827467125885658,1,O,OOON,2500,10400,104.34060000000001
949,4918.878685689894,2540.5554943512557,0.08429639154679355,0.2499559053389659,0.3405828690262987,2,O,OOON,2500,10400,104.34060000000001
950,2650.151975093383,2268.7267106101717,0.042205825803557286,0.1334633494996618,0.4612284334660254,3,O,OOON,2500,10400,104.34060000000001
951,1569.4624244182548,1080.68955068964,0.02092119621713776,0.0731170360464689,0.4077839915771472,4,N,OOON,2500,10400,104.34060000000001
952,7570.947596675609,2929.052396686479,0.14149825462878302,0.3834769718849884,0.278957371112998,1,O,OOON,2500,10500,103.8555
953,5036.814815661355,2534.1327808317187,0.0855165124277433,0.25276693530788563,0.3347180453269089,2,O,OOON,2500,10500,103.8555
954,2772.9901889940106,2263.8246266707333,0.0434777469501682,0.13701037896976664,0.4494556003194022,3,O,OOON,2500,10500,103.8555
955,1694.3686483574147,1078.621540637918,0.022121140490816572,0.07702608876752114,0.3889741640338158,4,N,OOON,2500,10500,103.8555
956,7682.5748129964095,2917.4251825754804,0.14227261323525495,0.3847159557444651,0.2752287908090076,1,O,OOON,2500,10600,103.37039999999999
957,5154.983132744282,2527.5916801756434,0.08673218745927838,0.2555464200329048,0.32900319771696634,2,O,OOON,2500,10600,103.37039999999999
958,2896.1084187078,2258.8747140370383,0.044755996246772706,0.1405499577932357,0.4381924549255537,3,O,OOON,2500,10600,103.37039999999999
959,1819.5478645796484,1076.560554128469,0.0233367426133779,0.08095772874344088,0.371726606357097,4,N,OOON,2500,10600,103.37039999999999
960,7794.31438330682,2905.685613958263,0.14304032871647349,0.3859325701001439,0.27155940317366944,1,O,OOON,2500,10700,102.8853
961,5273.384064825139,2520.930318448832,0.08794333332806836,0.2582944488750401,0.3234319523790239,2,O,OOON,2500,10700,102.8853
962,3019.5099376733665,2253.874127151007,0.046040206358138706,0.14408085527407227,0.4274056468188883,3,O,OOON,2500,10700,102.8853
963,1945.0058488001625,1074.5040888732108,0.024567364813640254,0.08490911605007914,0.355853801130773,4,N,OOON,2500,10700,102.8853
964,7906.1649107965695,2893.835087563788,0.14380146927433468,0.3871270620546246,0.2679476932929433,1,O,OOON,2500,10800,102.4002
965,5392.016349904935,2514.1485608784265,0.08914986685111573,0.26101106200893415,0.31799849727965246,2,O,OOON,2500,10800,102.4002
966,3143.196365918546,2248.819983986439,0.04733000975081545,0.14760186558503668,0.4170647561233911,3,O,OOON,2500,10800,102.4002
967,2070.747420796154,1072.448945178193,0.025812378243005092,0.08887751062309564,0.3411969283264261,4,N,OOON,2500,10800,102.4002
968,8018.125046969362,2881.8749521247228,0.14455610218251466,0.3882996726005826,0.2643921974426351,1,O,OOON,2500,10900,101.91510000000001
969,5510.878793185923,2507.2462537784504,0.09035170870319086,0.263696310330303,0.31269732500943254,2,O,OOON,2500,10900,101.91510000000001
970,3267.1693149164607,2243.7094782695553,0.04862504782369813,0.1511118326671953,0.40714186656470314,3,O,OOON,2500,10900,101.91510000000001
971,2196.775509525015,1070.3938053964885,0.027071165322594935,0.09286020703521497,0.32762116138564973,4,N,OOON,2500,10900,101.91510000000001
972,8130.193480187817,2869.8065193945654,0.1453042940207868,0.38945063742459674,0.2608915017631423,1,O,OOON,2500,11000,101.43
973,5629.970227592765,2500.223252593303,0.09154878332785539,0.2663502541008811,0.3075232168442251,2,O,OOON,2500,11000,101.43
974,3391.4316723623206,2238.5385560666077,0.04992497406624836,0.1546096957603179,0.3976110823988764,3,O,OOON,2500,11000,101.43
975,2323.0968155614905,1068.3348568022502,0.02834313987189787,0.09685472637339715,0.31500998988374007,4,N,OOON,2500,11000,101.43
976,8245.562010711974,2854.437989150401,0.14611898144280977,0.39064323086568215,0.25715657559913524,1,O,OOON,2500,11100,100.842
977,5754.901290095541,2490.6607206148715,0.09285700607805743,0.2691856873820335,0.3020607591549496,2,O,OOON,2500,11100,100.842
978,3523.621611552845,2231.2796788085225,0.05135441479794349,0.15839761156375548,0.38771814950999434,3,O,OOON,2500,11100,100.842
979,2458.279287854687,1065.3423236983688,0.029748354449484374,0.10121043709283817,0.30234299852329405,4,N,OOON,2500,11100,100.842
980,8361.056309129206,2838.94369083813,0.14692736032859466,0.3918119513104269,0.25347711525340444,1,O,OOON,2500,11200,100.254
981,5880.102541383108,2480.953767746769,0.09416147091949514,0.2719876675267518,0.29672731243753064,2,O,OOON,2500,11200,100.254
982,3656.1589257761557,2223.943615679977,0.052791382024095355,0.16217381481416718,0.37821510764961336,3,O,OOON,2500,11200,100.254
983,2593.818783837997,1062.3401419382014,0.031170605456919284,0.10558085515703147,0.29056180639431045,4,N,OOON,2500,11200,100.254
984,8476.67500227359,2823.3249977327514,0.1477294788474469,0.39295696402354763,0.24985176971086295,1,O,OOON,2500,11300,99.666
985,6005.573030416218,2471.1019718574053,0.09546205950324983,0.2747561283085504,0.29151783820833205,2,O,OOON,2500,11300,99.666
986,3789.0456437720136,2216.5273866648104,0.054235463831704224,0.1659369172569225,0.36907841690357285,3,O,OOON,2500,11300,99.666
987,2729.7209741071556,1059.3246697504426,0.03260922842572611,0.10996302565709293,0.279575589566105,4,N,OOON,2500,11300,99.666
988,8592.416726097254,2807.583273920365,0.14852538457551387,0.3940784273507307,0.246279234554418,1,O,OOON,2500,11400,99.078
989,6131.31176645209,2461.1049596450885,0.09675865702534217,0.27749101218503697,0.2864275602660327,2,O,OOON,2500,11400,99.078
990,3922.283985818011,2209.027780639124,0.055686255975484995,0.1696855899516925,0.36028632449029546,3,O,OOON,2500,11400,99.078
991,2865.9897948542607,1056.2941909823915,0.03406356445828138,0.11435401419527094,0.269305892893448,4,N,OOON,2500,11400,99.078
992,8708.280125058775,2791.719874955133,0.14931512448624498,0.39517649273017696,0.24275824999609852,1,O,OOON,2500,11500,98.49
993,6257.317718226227,2450.9624068326525,0.09805115211786204,0.2801922696075938,0.2814519482187776,2,O,OOON,2500,11500,98.49
994,4055.8761426903216,2201.441575537446,0.05714336127260398,0.1734185544420654,0.35181873043222944,3,O,OOON,2500,11500,98.49
995,3002.6316460478915,1053.244496648933,0.035532979295173565,0.1187511046839801,0.2596835947633994,4,N,OOON,2500,11500,98.49
996,8824.263850856667,2775.7361491451547,0.15009874494847572,0.39625130468742903,0.23928759906423747,1,O,OOON,2500,11600,97.902
997,6383.589813248142,2440.6740376086263,0.09933943674622765,0.2828598583844116,0.2765867021725199,2,O,OOON,2500,11600,97.902
998,4189.8242014259895,2193.765611822566,0.058606389351193965,0.17713457896622595,0.34365704501717026,3,O,OOON,2500,11600,97.902
999,3139.6512688243597,1050.1729326030597,0.03701684402242345,0.12315160972963139,0.25064844779063467,4,N,OOON,2500,11600,97.902
1000,8940.366561977826,2759.6334380143535,0.15087629171698072,0.3973030008356755,0.23586610581319262,1,O,OOON,2500,11700,97.314
1001,6510.128470353691,2430.238076375121,0.10062342669197598,0.2854938246756996,0.27182756540549424,2,O,OOON,2500,11700,97.314
1002,4324.131553448531,2185.9969169051246,0.06007497430627937,0.1808325253635018,0.3357839905709819,3,O,OOON,2500,11700,97.314
1003,3277.054804417663,1047.0767490311969,0.0385145580538677,0.12755299416026367,0.24214729271965474,4,N,OOON,2500,11700,97.314
1004,9056.586923353332,2743.4130766505955,0.15164780992958093,0.39833171189233285,0.23249263361445724,1,O,OOON,2500,11800,96.726
1005,6636.928575737004,2419.658338871312,0.1019029686512334,0.28809393025727187,0.267171105334613,2,O,OOON,2500,11800,96.726
1006,4458.796330299989,2178.1322454370224,0.0615486940749539,0.1845111260619893,0.3281837706374819,3,O,OOON,2500,11800,96.726
1007,3414.843277116361,1043.9530531837454,0.04002547639278156,0.13195264086088537,0.23413337947048773,4,N,OOON,2500,11800,96.726
1008,9172.923605473268,2727.076394531428,0.15241334410427498,0.3993375616688167,0.22916608357406956,1,O,OOON,2500,11900,96.13799999999999
1009,6763.9918969328055,2408.9317036296293,0.10317800061164603,0.2906603066056677,0.2626132961787969,2,O,OOON,2500,11900,96.13799999999999
1010,4593.823852687571,2170.168044147418,0.06302721251325705,0.18816939445007186,0.32084131341604666,3,O,OOON,2500,11900,96.13799999999999
1011,3553.026130687259,1040.7977204723834,0.04154906381925543,0.13634837771687952,0.22656456883157916,4,N,OOON,2500,11900,96.13799999999999
1012,9289.375287083074,2710.624712926178,0.15317293815362654,0.40032066721086074,0.22588539274384814,1,O,OOON,2500,12000,95.55
1013,6891.316879788304,2398.0584049722293,0.1044484235674919,0.2931929161671781,0.25815066469612247,2,O,OOON,2500,12000,95.55
1014,4729.213152671402,2162.1037270882152,0.06451015722594547,0.1918061934951436,0.31374318795722445,3,O,OOON,2500,12000,95.55
1015,3691.599925636151,1037.613224455599,0.04308464221688992,0.1407374166842325,0.21940504497444357,4,N,OOON,2500,12000,95.55
1016,9410.65030058517,2689.349699415799,0.15403083962869898,0.4013496767609562,0.22226030573684288,1,O,OOON,2500,12100,94.815
1017,7027.2529055146215,2383.3973943226747,0.10588809330215668,0.2959758046046719,0.25326596124547,2,O,OOON,2500,12100,94.815
1018,4876.331487339522,2150.9214181668763,0.06619970178189993,0.19586522938372247,0.3060828245528129,3,O,OOON,2500,12100,94.815
1019,3843.2938284689944,1033.037658870526,0.04484025239408388,0.14566499455836268,0.21184729987135084,4,N,OOON,2500,12100,94.815
1020,9532.068083932545,2667.93191609081,0.15488289739896288,0.4023512255397866,0.21868294394186966,1,O,OOON,2500,12200,94.08
1021,7163.519419716404,2368.548664071501,0.10732455029933491,0.2987199862261687,0.2484821387358717,2,O,OOON,2500,12200,94.08
1022,5023.917459438198,2139.6019602794654,0.0678976944042292,0.19990124089415381,0.2986802764002516,3,O,OOON,2500,12200,94.08
1023,3995.503198731732,1028.4142607063368,0.04661392459757178,0.15058749518969805,0.20470365387359282,4,N,OOON,2500,12200,94.08
1024,9653.62712020713,2646.372879621084,0.15572912714768283,0.4033252763128009,0.21515226663586048,1,O,OOON,2500,12300,93.34499999999998
1025,7300.115341661641,2353.5117786025285,0.10875762334418337,0.30142518808327967,0.24379559613154306,2,O,OOON,2500,12300,93.34499999999998
1026,5171.9740366047445,2128.141305060189,0.06960364805905671,0.20391265036275102,0.2915216000649909,3,O,OOON,2500,12300,93.34499999999998
1027,4148.235334983555,1023.7387016211868,0.0484049269679319,0.15550182085133424,0.19793964439412431,4,N,OOON,2500,12300,93.34499999999998
1028,9775.325892537812,2624.674107178724,0.15656954414764349,0.4042717818259296,0.21166726670796163,1,O,OOON,2500,12400,92.61
1029,7437.039571524418,2338.2863210237347,0.11018714455144643,0.30409114441187,0.23920290195222152,2,O,OOON,2500,12400,92.61
1030,5320.504116853207,2116.5354546713625,0.07131708037582173,0.20789792750708813,0.2845938137502101,3,O,OOON,2500,12400,92.61
1031,4301.49679601151,1019.0073208417602,0.05021252886175309,0.16040491994491474,0.19152458084074342,4,N,OOON,2500,12400,92.61
1032,9897.162884071391,2602.837116536168,0.15740416324800122,0.4051906845938432,0.20822696932289345,1,O,OOON,2500,12500,91.875
1033,7574.290945936481,2322.871937987412,0.11161294890721327,0.3067175936719902,0.23470078902367758,2,O,OOON,2500,12500,91.875
1034,5469.5104401043445,2104.7805058321983,0.0730375132168154,0.21185558591850467,0.2778848239202362,3,O,OOON,2500,12500,91.875
1035,4455.29390041841,1014.2165396859434,0.05203600608010404,0.16529383421386104,0.18543095415804614,4,N,OOON,2500,12500,91.875
1036,10019.136585980164,2580.863418529854,0.15823299890890832,0.40608191702195995,0.2048304300420519,1,O,OOON,2500,12600,91.14
1037,7711.868240680155,2307.2683450253617,0.11303487415587482,0.30930427738896926,0.23028614544031026,2,O,OOON,2500,12600,91.14
1038,5618.995573813163,2092.872666867028,0.07476447266932718,0.21578418134723018,0.2713833537542966,3,O,OOON,2500,12600,91.14
1039,4609.632024139163,1009.3635489389808,0.05387463196307846,0.1701656323144183,0.17963415982084613,4,N,OOON,2500,12600,91.14
1040,10141.245415336514,2558.754595654177,0.15905606391275756,0.40694539568383425,0.20147673981528955,1,O,OOON,2500,12700,90.405
1041,7849.770093844747,2291.4753212856754,0.11445275956459412,0.31185093662631247,0.22595600712120603,2,O,OOON,2500,12700,90.405
1042,5768.961835608299,2080.808258236475,0.07649748805661827,0.21968230770911745,0.26507887917228334,3,O,OOON,2500,12700,90.405
1043,4764.518966933983,1004.4428686744542,0.055727720495634056,0.1750177270518807,0.17411154680806487,4,N,OOON,2500,12700,90.405
1044,10263.487706569511,2536.512307250361,0.15987336914506756,0.4077810203020923,0.19816502400393446,1,O,OOON,2500,12800,89.66999999999999
1045,7987.9949929240465,2275.4927137325703,0.11586644551346673,0.3143573103153112,0.22170754998576753,2,O,OOON,2500,12800,89.66999999999999
1046,5919.411786662232,2068.5832020770436,0.07823609857015996,0.22354862003899492,0.2589615045965155,3,O,OOON,2500,12800,89.66999999999999
1047,4919.958546386535,999.4532402767927,0.057594544211319355,0.1798472471575079,0.1688433371925207,4,N,OOON,2500,12800,89.66999999999999
1048,10385.861845822428,2514.138160687961,0.1606849248660291,0.40858868046834046,0.19489443106108223,1,O,OOON,2500,12900,88.93499999999999
1049,8126.5413961018185,2259.3204496931244,0.11727577466324972,0.3168231370346602,0.21753808044364709,2,O,OOON,2500,12900,88.93499999999999
1050,6070.3459818327665,2056.195412595111,0.07997982269072855,0.22738172184006283,0.253022203711586,3,O,OOON,2500,12900,88.93499999999999
1051,5075.955311767836,994.3906700779959,0.05947439434426687,0.1846515987908161,0.163811201709753,4,N,OOON,2500,12900,88.93499999999999
1052,10508.367199735374,2491.6328002645955,0.16149077425414943,0.4093683646560619,0.19166406155881505,1,O,OOON,2500,13000,88.19999999999999
1053,8265.408597703765,2242.958602531225,0.11868061952716728,0.3192482193902286,0.21344501575732033,2,O,OOON,2500,13000,88.19999999999999
1054,6221.767976083536,2043.6406212429567,0.08172823592837872,0.23118041899567923,0.24725221954673918,3,O,OOON,2500,13000,88.19999999999999
1055,5232.515890304492,989.2520857790329,0.0613666060245928,0.1894283392535716,0.15899854986263004,4,N,OOON,2500,13000,88.19999999999999
1056,10638.30477923681,2461.695220762955,0.16244744183480309,0.410178560951398,0.1879156657070958,1,O,OOON,2500,13100,87.24449999999999
1057,8417.70560818609,2220.599171000022,0.12035390555436364,0.32201293221637706,0.20873618655239612,2,O,OOON,2500,13100,87.24449999999999
1058,6391.595911081092,2026.1096971032514,0.08382123250087613,0.23560042176547513,0.24069619340606194,3,O,OOON,2500,13100,87.24449999999999
1059,5409.710532306476,981.8853794338883,0.0636384947208385,0.19501828363060478,0.15362131666233722,4,N,OOON,2500,13100,87.24449999999999
1060,10768.419324850265,2431.58067514877,0.16339842248877143,0.4109496673635442,0.18421065720824015,1,O,OOON,2500,13200,86.289
1061,8570.44676989631,2197.972554319356,0.12202473350261663,0.32472481690593247,0.20411283104913067,2,O,OOON,2500,13200,86.289
1062,6562.113305376302,2008.3334643552403,0.0859252728107615,0.23997762976541734,0.2343324120989247,3,O,OOON,2500,13200,86.289
1063,5587.711835984844,974.4014693917701,0.06593240885376982,0.20057448679143616,0.14848897360450153,4,N,OOON,2500,13200,86.289
1064,10898.70872231444,2401.2912776829494,0.1643436683531323,0.41168109735153713,0.18054821636713905,1,O,OOON,2500,13300,85.33349999999999
1065,8723.630458100419,2175.078260415988,0.12369278999338901,0.3273829574402101,0.1995721067361538,2,O,OOON,2500,13300,85.33349999999999
1066,6733.324467747721,1990.3059899070731,0.08803962036476617,0.24430959714308736,0.22815111202457614,3,O,OOON,2500,13300,85.33349999999999
1067,5766.528763538956,966.7957042002347,0.0682472788173329,0.206092592985231,0.1435837094783025,4,N,OOON,2500,13300,85.33349999999999
1068,11029.170804329906,2370.829195663719,0.1652831300153569,0.4123722323654867,0.1769275519152029,1,O,OOON,2500,13400,84.378
1069,8877.255114205154,2151.915690235367,0.1253577631036787,0.3299864349893842,0.19511128519204304,2,O,OOON,2500,13400,84.378
1070,6905.233566826669,1972.021547015811,0.09016353690819413,0.2485939142560687,0.22214316493622369,3,O,OOON,2500,13400,84.378
1071,5946.171030182251,959.0625366297538,0.0705820461042753,0.21156843890578486,0.1388892247232841,4,N,OOON,2500,13400,84.378
1072,11159.803348396792,2340.1966515912486,0.16621675641750994,0.4130224203531541,0.17334790011787027,1,O,OOON,2500,13500,83.4225
1073,9031.319267519413,2128.484115604148,0.1270193421331328,0.33253432508043773,0.19072774395347425,2,O,OOON,2500,13500,83.4225
1074,7077.844598559083,1953.474668952231,0.09229628202639785,0.25282820206147916,0.2163000344786595,3,O,OOON,2500,13500,83.4225
1075,6126.647783756058,951.1968148027521,0.07293564371909134,0.21699793149259966,0.13439074587712732,4,N,OOON,2500,13500,83.4225
1076,11290.604074527111,2309.3959254577353,0.16714449475525953,0.4136309741825167,0.16980852393071583,1,O,OOON,2500,13600,82.46699999999998
1077,9185.819931066373,2104.784143460731,0.12867721146321814,0.33502562340011843,0.1864190905612715,2,O,OOON,2500,13600,82.46699999999998
1078,7251.159939082682,1934.6599923156123,0.09443710459421638,0.25701009182910706,0.21061375106783956,3,O,OOON,2500,13600,82.46699999999998
1079,6307.966444336504,943.1934947963235,0.07530699049328268,0.2223770427800915,0.13007484357263308,4,N,OOON,2500,13600,82.46699999999998
1080,11421.570642838504,2278.4293571587814,0.16806629037137913,0.4141971699753928,0.16630871220137092,1,O,OOON,2500,13700,81.5115
1081,9340.755475400996,2080.815167437587,0.1303310501364392,0.33745935197319166,0.18218292671877748,2,O,OOON,2500,13700,81.5115
1082,7425.182984820147,1915.5724909687376,0.09658525056288599,0.26113723793990484,0.20507682660288273,3,O,OOON,2500,13700,81.5115
1083,6490.135340241798,935.0476450914816,0.07769500301959413,0.22770183960635904,0.1259292393201715,4,N,OOON,2500,13700,81.5115
1084,11552.700651046129,2247.299349016289,0.1689820866435776,0.4147202453475337,0.16284777891422383,1,O,OOON,2500,13800,80.55599999999998
1085,9496.123239163619,2056.577411882055,0.13198054437134765,0.3398344958074061,0.17801702597529231,2,O,OOON,2500,13800,80.55599999999998
1086,7599.915929505727,1896.2073090923936,0.09873996519360798,0.2652073229859662,0.19968225573064532,3,O,OOON,2500,13800,80.55599999999998
1087,6673.161296708997,926.7546335008252,0.08009859206323605,0.23296846497803386,0.12194274806420105,4,N,OOON,2500,13800,80.55599999999998
1088,11683.991631866578,2216.0083683924045,0.16989182486669796,0.41519939755103363,0.1594250624742737,1,O,OOON,2500,13900,79.60049999999998
1089,9651.920504219297,2032.071127641249,0.1336253757497024,0.3421500096643738,0.17391925565052935,2,O,OOON,2500,13900,79.60049999999998
1090,7775.3604328016245,1876.56006424745,0.10090048600420341,0.26921803020440865,0.19442348944203589,3,O,OOON,2500,13900,79.60049999999998
1091,6857.050478716124,918.3099542716375,0.08251665855520754,0.2381731265514591,0.11810512994324962,4,N,OOON,2500,13900,79.60049999999998
1092,11815.441047464305,2184.558952958724,0.17079544409945946,0.4156337813829784,0.15603992521133744,1,O,OOON,2500,14000,78.645
1093,9808.144325222705,2007.2967222180132,0.13526522414783496,0.344404816978864,0.16988758304953808,2,O,OOON,2500,14000,78.645
1094,7951.518269781643,1856.6260580921507,0.10306605358410931,0.2731671005201401,0.18929432485181072,3,O,OOON,2500,14000,78.645
1095,7041.80924765675,909.709022096637,0.08494810633725769,0.24331213440025845,0.11440695867527934,4,N,OOON,2500,14000,78.645
1096,11959.152787851375,2140.847212134706,0.17194345365772248,0.4160044489840579,0.15183313561239048,1,O,OOON,2500,14100,77.33669999999998
1097,9986.901928741412,1972.2508590261634,0.13735573682455893,0.3470855427906166,0.16491560012759943,2,O,OOON,2500,14100,77.33669999999998
1098,8158.918241083036,1827.9836876583954,0.10584063098139092,0.27801846465361657,0.1830381133910629,3,O,OOON,2500,14100,77.33669999999998
1099,7261.789713084096,897.1285207383402,0.08807208870280019,0.24966772702316228,0.10995679748584575,4,N,OOON,2500,14100,77.33669999999998
1100,12103.104546248553,2096.8954516519952,0.1730850067590025,0.41629832431584113,0.14766869377830952,1,O,OOON,2500,14200,76.02839999999999
1101,10166.328498106433,1936.7760479527567,0.1394439834459808,0.34967005584209854,0.16002307842189753,2,O,OOON,2500,14200,76.02839999999999
1102,8367.464828650438,1798.86366945606,0.10863031314540639,0.28277463537801373,0.17694329568350206,3,O,OOON,2500,14200,76.02839999999999
1103,7483.184561636907,884.2802328391249,0.09122507523296522,0.25592132862568195,0.10568078276365431,4,N,OOON,2500,14200,76.02839999999999
1104,12247.291382940817,2052.7086080172344,0.17421984263904666,0.4165125076477968,0.1435460565047017,1,O,OOON,2500,14300,74.7201
1105,10346.418992742027,1900.8723899809174,0.14152915193433757,0.3521547654893733,0.15520757451958983,2,O,OOON,2500,14300,74.7201
1106,8577.162986574927,1769.2560061590457,0.11143347743226252,0.28742974769402463,0.17100177437238642,3,O,OOON,2500,14300,74.7201
1107,7706.008013642137,871.154891445037,0.09440482359201315,0.2620643290715771,0.10156678762063616,4,N,OOON,2500,14300,74.7201
1108,12391.70802753751,2008.2919457908745,0.1753476879024164,0.4166439143584236,0.13946471845769962,1,O,OOON,2500,14400,73.4118
1109,10527.167535530592,1864.5404923225444,0.14361040549055587,0.354535905142886,0.15046678699813323,2,O,OOON,2500,14400,73.4118
1110,8788.015755550443,1739.151779908391,0.11424844250950271,0.2919777855101304,0.16520605129903387,3,O,OOON,2500,14400,73.4118
1111,7930.274677103124,857.7410784466874,0.09760907135104159,0.2680883215316612,0.09760349802569991,4,N,OOON,2500,14400,73.4118
1112,12536.348847760193,1963.6510861189192,0.17646825538496172,0.41668926080364554,0.13542421283578754,1,O,OOON,2500,14500,72.10349999999998
1113,10708.567359526249,1827.7814909601361,0.14568688081258893,0.35680951619073065,0.1457985505314569,2,O,OOON,2500,14500,72.10349999999998
1114,9000.024577479868,1708.54278177812,0.11707347573643627,0.296412605015939,0.15954914643724166,3,O,OOON,2500,14500,72.10349999999998
1115,8155.990751830786,844.0338256481563,0.10083534871738814,0.2739842650548625,0.09378128008229257,4,N,OOON,2500,14500,72.10349999999998
1116,12681.207821834027,1918.7920312246247,0.1775812429445292,0.41664504925859697,0.131424111727714,1,O,OOON,2500,14600,70.7952
1117,10890.61070839953,1790.59711927495,0.1477576856271754,0.35897142820163236,0.14120083389785373,2,O,OOON,2500,14600,70.7952
1118,9213.189151856759,1677.4215559951504,0.11990679075758744,0.3007279152092354,0.15402456307628518,3,O,OOON,2500,14600,70.7952
1119,8383.165274880093,830.0238769760408,0.10408122561454007,0.27974355189428274,0.0900908320989767,4,N,OOON,2500,14600,70.7952
1120,12826.28006489975,1873.7199350999424,0.17868636207626956,0.41650764429212567,0.1274639411632614,1,O,OOON,2500,14700,69.4869
1121,11073.290137163935,1752.9899255769535,0.14982192320329252,0.3610172911163308,0.13667173309073186,2,O,OOON,2500,14700,69.4869
1122,9427.50859885153,1645.7815380038026,0.12274656968020553,0.3049173100259438,0.14862624546251763,3,O,OOON,2500,14700,69.4869
1123,8611.804720225906,815.703878625624,0.10734418922635845,0.2853574094355057,0.08652380107348766,4,N,OOON,2500,14700,69.4869
1124,12971.556703677754,1828.4432963212598,0.17978324096139517,0.4162729558141658,0.12354346596765269,1,O,OOON,2500,14800,68.17859999999999
1125,11256.593889630602,1714.9627804826182,0.15187860289317567,0.362942384668445,0.13220948107148808,2,O,OOON,2500,14800,68.17859999999999
1126,9642.977107218707,1613.6167849290357,0.1255908812658157,0.3089740751154531,0.14334858312828308,3,O,OOON,2500,14800,68.17859999999999
1127,8841.910164591021,801.0669426281537,0.11062159870121269,0.2908168375754168,0.08307257538011545,4,N,OOON,2500,14800,68.17859999999999
1128,13117.031379955048,1782.968620041762,0.18087154496732358,0.415936803702829,0.11966232349273571,1,O,OOON,2500,14900,66.87029999999999
1129,11440.511742239378,1676.5195203196222,0.15392674880645515,0.3647418154463415,0.12781241972795887,2,O,OOON,2500,14900,66.87029999999999
1130,9859.58934459124,1580.9224106630616,0.1284377798594826,0.3128913836219016,0.13818633696481922,3,O,OOON,2500,14900,66.87029999999999
1131,9073.482447947445,786.1068966437654,0.11391077822398928,0.2961128058941393,0.07973018643773504,4,N,OOON,2500,14900,66.87029999999999
1132,13262.696406569117,1737.303593417482,0.1819509045624506,0.41549467497889275,0.11582023956116547,1,O,OOON,2500,15000,65.562
1133,11625.033962246258,1637.6624443222736,0.1559653802923822,0.3664105306676755,0.12347884578818577,2,O,OOON,2500,15000,65.562
1134,10077.338943588025,1547.6950282900575,0.13128528189311267,0.3166622072599408,0.13313466724625403,3,O,OOON,2500,15000,65.562
1135,9306.520660664099,770.8182828505646,0.11720899505847603,0.3012361732367987,0.07649026068940731,4,N,OOON,2500,15000,65.562
1136,5763.121886647813,2236.878113351302,0.13098282091105987,0.41000447568354353,0.27960976416891276,1,N,NOOO,3500,8000,144.207
1137,2328.3482307259424,3434.773656256174,0.05387908732632356,0.18324953262188493,0.5959918467478483,2,O,NOOO,3500,8000,144.207
1138,0.003031540982614119,2328.348230725942,0.01252003076666243,0.053775077957234324,0.9999999999999998,3,O,NOOO,3500,8000,144.207
1139,1.384246322807483e-09,0.0030315409825750635,0.0012421261645344701,0.012185237408531462,0.999999999987117,4,O,NOOO,3500,8000,144.207
1140,5863.883598780704,2236.1164012188224,0.1317427157165126,0.41159576914250723,0.27606375323689164,1,N,NOOO,3500,8100,143.89829999999998
1141,2427.926921155568,3435.9566777361056,0.054841800890146876,0.1860826895614334,0.5859524016558847,2,O,NOOO,3500,8100,143.89829999999998
1142,0.0025486331287483963,2427.926921152284,0.013080197768499722,0.05476153743340459,0.9999999999986475,3,O,NOOO,3500,8100,143.89829999999998
1143,1.1616432258837088e-09,0.002548633128747128,0.0013004544539081664,0.012730130850078385,0.9999999999995024,4,O,NOOO,3500,8100,143.89829999999998
1144,5964.733708392853,2235.266291606797,0.13249258808666095,0.41315748248689205,0.2725934501959509,1,N,NOOO,3500,8200,143.5896
1145,2527.666200704937,3437.067507722774,0.055801333007217124,0.18889237987045218,0.5762315093608533,2,O,NOOO,3500,8200,143.5896
1146,0.0020393318394976725,2527.6662007049363,0.013651938822210151,0.05574227322857038,0.9999999999999997,3,O,NOOO,3500,8200,143.5896
1147,1.0143602210837798e-09,0.002039331839497672,0.001360183065234699,0.013286253316674504,0.9999999999999998,4,O,NOOO,3500,8200,143.5896
1148,6065.670630885976,2234.3293691138524,0.13323262944616127,0.4146903161644209,0.26919630953178947,1,N,NOOO,3500,8300,143.2809
1149,2627.5650128170755,3438.105618078605,0.05675759225979313,0.191678516209157,0.5668137667370214,2,O,NOOO,3500,8300,143.2809
1150,0.0015217402252965502,2627.5650124647627,0.01423505276545284,0.05671694901537797,0.9999999998659166,3,O,NOOO,3500,8300,143.2809
1151,8.254404244643057e-10,0.00152174022529655,0.0014213008104932666,0.01385340743454561,0.9999999999999999,4,O,NOOO,3500,8300,143.2809
1152,6166.692817421933,2233.3071825779903,0.13396302640363994,0.41619494824888253,0.265869902687856,1,N,NOOO,3500,8400,142.97220000000002
1153,2727.622538446876,3439.0702789775,0.057710492604155936,0.19444103726764198,0.5576847073137087,2,O,NOOO,3500,8400,142.97220000000002
1154,0.0010552133591794771,2727.6225082515307,0.0148293247811644,0.0576852316695772,0.9999999889297932,3,O,NOOO,3500,8400,142.97220000000002
1155,6.230656893451332e-10,0.001055213359179477,0.0014837950420402383,0.014431382224600131,0.9999999999999998,4,O,NOOO,3500,8400,142.97220000000002
1156,6267.798753942731,2232.2012460572723,0.13468396090397966,0.4176720353135275,0.2626119113008556,1,N,NOOO,3500,8500,142.6635
1157,2827.838023253484,3439.960730689953,0.05865995296395925,0.19717990115936884,0.5488307563362753,2,O,NOOO,3500,8500,142.6635
1158,0.0005769217848269202,2827.83802274389,0.015434528047376788,0.058646797721202924,0.9999999998197938,3,O,NOOO,3500,8500,142.6635
1159,3.701630691630069e-10,0.0005769217848268567,0.0015476517431884614,0.01501995541378208,0.9999999999998899,4,O,NOOO,3500,8500,142.6635
1160,6368.987506858868,2231.012442297613,0.1353956545629366,0.41912233580045505,0.259420051429955,1,N,NOOO,3500,8600,142.35479999999998
1161,2928.21104391356,3440.776462945589,0.0596059191241769,0.19989514841581268,0.5402391603438004,2,O,NOOO,3500,8600,142.35479999999998
1162,0.00021675871819585527,2928.211042233257,0.016050426231812763,0.059601341714497255,0.9999999994261675,3,O,NOOO,3500,8600,142.35479999999998
1163,1.5081363823783732e-10,0.00021675871819579518,0.001612871338787821,0.015619044187478701,0.9999999999997228,4,O,NOOO,3500,8600,142.35479999999998
1164,6470.256317669351,2229.7436532412416,0.13609817444526398,0.42054617082247736,0.2562923739357749,1,N,NOOO,3500,8700,142.0461
1165,3028.7400609424917,3441.5162567268358,0.06054826610565103,0.20258661062221994,0.531897978651718,2,O,NOOO,3500,8700,142.0461
1166,7.747796913475092,3020.992263742032,0.016681782906154925,0.06066076716513674,0.9974419075111883,3,O,NOOO,3500,8700,142.0461
1167,5.8415567902256e-06,7.747796913474816,0.0016872758030588055,0.016235133776749695,0.9999999999999644,4,O,NOOO,3500,8700,142.0461
1168,6571.604603777962,2228.3953849406016,0.1367917556933518,0.4219443229482138,0.25322674828870473,1,N,NOOO,3500,8800,141.73739999999998
1169,3129.4247998803803,3442.1798038975653,0.0614869593896618,0.20525438999141585,0.5237959389581479,2,O,NOOO,3500,8800,141.73739999999998
1170,109.43183702101193,3019.992962850556,0.017382676244326656,0.06308511296426943,0.9650313255541378,3,O,NOOO,3500,8800,141.73739999999998
1171,9.885674713440773e-05,109.43183702100758,0.0018633372060287649,0.01694782678016051,0.9999999999999603,4,O,NOOO,3500,8800,141.73739999999998
1172,6673.030966159216,2226.969037344815,0.13747656220126542,0.4233173685281092,0.2502212401511028,1,N,NOOO,3500,8900,141.4287
1173,3230.265837237215,3442.7651292792366,0.062421935986575396,0.20789854191185245,0.5159222468378237,2,O,NOOO,3500,8900,141.4287
1174,211.25889780425095,3019.0069394294983,0.01809044404112753,0.06552408919939325,0.9346001510549354,3,O,NOOO,3500,8900,141.4287
1175,0.00018280934124479322,211.25889780425064,0.002049731843876481,0.017668899506886597,0.9999999999999986,4,O,NOOO,3500,8900,141.4287
1176,6774.534041254672,2225.465974629735,0.13815275401742522,0.42466586659046063,0.24727399718108165,1,N,NOOO,3500,9000,141.11999999999998
1177,3331.258818311242,3443.275223120233,0.06335313351060552,0.21051899057414597,0.5082674619614908,2,O,NOOO,3500,9000,141.11999999999998
1178,313.20784729306223,3018.050971016929,0.018804805336057138,0.06797627794908769,0.9059791315004784,3,O,NOOO,3500,9000,141.11999999999998
1179,0.00033075647379197796,313.2078472930614,0.002246624558765609,0.01839797009906433,0.9999999999999972,4,O,NOOO,3500,9000,141.11999999999998
1180,6876.818512076117,2223.181514444154,0.13884202453132957,0.4260149353152324,0.244305660927929,1,N,NOOO,3500,9100,140.7672
1181,3434.0754546086187,3442.743057541179,0.0643101144647541,0.21318628656155392,0.5006302044318183,2,O,NOOO,3500,9100,140.7672
1182,417.82639273446927,3016.249061880745,0.019547572812940534,0.07051085043754944,0.8783292917553283,3,O,NOOO,3500,9100,140.7672
1183,0.00040358272242028287,417.82639072780233,0.002460658311048198,0.019157153600875484,0.9999999951973667,4,O,NOOO,3500,9100,140.7672
1184,6979.181502143574,2220.8185305760367,0.13952290258020847,0.4273398432297281,0.24139331854087356,1,N,NOOO,3500,9200,140.4144
1185,3537.053959823231,3442.127542348074,0.06526360946561612,0.21583010475827763,0.49319931589268234,2,O,NOOO,3500,9200,140.4144
1186,522.5742071477695,3014.4797526755237,0.02029737667167318,0.0730587168607252,0.8522572137480697,3,O,NOOO,3500,9200,140.4144
1187,0.0005235013850884681,522.574207147767,0.002686350084517503,0.01992465895667822,0.9999999999999952,4,O,NOOO,3500,9200,140.4144
1188,7081.62191357901,2218.378086420987,0.14019554825333588,0.4286411496414729,0.23853527810978356,1,N,NOOO,3500,9300,140.06159999999997
1189,3640.1935933567224,3441.4283202366237,0.06621356300346674,0.218450482515017,0.48596611937693046,2,O,NOOO,3500,9300,140.06159999999997
1190,627.4629895933092,3012.7306037814437,0.021053977264363363,0.07561897233642458,0.8276292253465899,3,O,NOOO,3500,9300,140.06159999999997
1191,0.0006493412250727407,627.4629894241301,0.002923909347676167,0.020700126031055786,0.999999999730376,4,O,NOOO,3500,9300,140.06159999999997
1192,7184.138220534341,2215.861779465651,0.14086008143902937,0.42991928197614904,0.23572997653889904,1,N,NOOO,3500,9400,139.7088
1193,3743.4934021295867,3440.6448184109945,0.06715990367322001,0.22104741349123003,0.4789224139057679,2,O,NOOO,3500,9400,139.7088
1194,732.4871065244065,3011.0062956066326,0.021817120652817237,0.07819043652984818,0.8043306003674912,3,O,NOOO,3500,9400,139.7088
1195,0.000776633350285238,732.4871065244064,0.0031735119636369874,0.0214831723654566,0.9999999999999999,4,O,NOOO,3500,9400,139.7088
1196,7286.729242180592,2213.270757819404,0.14151665223033152,0.43117475282505296,0.2329758692441478,1,N,NOOO,3500,9500,139.356
1197,3846.952596204031,3439.776645978444,0.06810258063897867,0.22362095205049717,0.4720604446322301,2,O,NOOO,3500,9500,139.356
1198,837.6528475056476,3009.2997486983895,0.02258657207091267,0.08077217734507261,0.7822554797446184,3,O,NOOO,3500,9500,139.356
1199,0.0009034392523996357,837.6528453966847,0.003435337200860353,0.022273421571726234,0.9999999974822948,4,O,NOOO,3500,9500,139.356
1200,7389.393744678235,2210.606255321765,0.14216539762413527,0.43240803186243265,0.2302714849293505,1,N,NOOO,3500,9600,139.0032
1201,3950.5703553211483,3438.823389356954,0.0690415413226769,0.22617114789767823,0.4653728720077421,2,O,NOOO,3500,9600,139.0032
1202,942.960677536156,3007.6096777874327,0.023362095435283517,0.08336318682054815,0.7613102431491665,3,O,NOOO,3500,9600,139.0032
1203,0.0014118692830034371,942.9606770697832,0.0037095443056044536,0.02307048977014677,0.9999999995054164,4,O,NOOO,3500,9600,139.0032
1204,7492.130519461787,2207.869480538207,0.14280645152927843,0.43361957514264565,0.2276154103647636,1,N,NOOO,3500,9700,138.65039999999996
1205,4054.345851743388,3437.784667718692,0.06997673626999701,0.22869805977526173,0.4588527467305325,2,O,NOOO,3500,9700,138.65039999999996
1206,1048.4115239472687,3005.934327796998,0.024143459635410383,0.08596249314575606,0.7414104365330432,3,O,NOOO,3500,9700,138.65039999999996
1207,0.0011290779228434861,1048.4115238671313,0.003996279531803112,0.023873987748338862,0.999999999923563,4,O,NOOO,3500,9700,138.65039999999996
1208,7594.9383826131225,2205.061617386877,0.14343994485303427,0.4348098255739093,0.22500628748845683,1,N,NOOO,3500,9800,138.2976
1209,4158.278247846452,3436.6601347668593,0.07090811902327673,0.2312017548041306,0.45249348469163464,2,O,NOOO,3500,9800,138.2976
1210,1154.0076345459474,3004.2706133003285,0.024930439019670864,0.08856917575593895,0.7224794576592422,3,O,NOOO,3500,9800,138.2976
1211,0.0012241284316432174,1154.0076344391698,0.004295676321410547,0.024683517553644733,0.9999999999074723,4,O,NOOO,3500,9800,138.2976
1212,7697.816174252838,2202.183825747174,0.14406600558464633,0.43597921337229506,0.22244281068153274,1,N,NOOO,3500,9900,137.9448
1213,4262.366695594054,3435.449478658847,0.07183564600083933,0.2336823079083569,0.44628884360080173,2,O,NOOO,3500,9900,137.9448
1214,1259.7511834788027,3002.6155121397396,0.02572281257391939,0.09118234310357341,0.7044479573387008,3,O,NOOO,3500,9900,137.9448
1215,0.0013046840436801836,1259.7511833868016,0.004607854386567817,0.02549868126942038,0.9999999999269689,4,O,NOOO,3500,9900,137.9448
1216,7800.762757949142,2199.2372420508627,0.14468475887602295,0.4371281564968942,0.21992372420508627,1,N,NOOO,3500,10000,137.59199999999998
1217,4366.61033678224,3434.1524211669407,0.07275927638163444,0.23613980129088688,0.4402329012848733,2,O,NOOO,3500,10000,137.59199999999998
1218,1365.6410509767684,3000.9692858098597,0.026520360826373143,0.09380106482739357,0.6872537401680036,3,O,NOOO,3500,10000,137.59199999999998
1219,0.0013597046612829084,1365.641047400427,0.0049329123322689565,0.026319070710549418,0.9999999973811995,4,O,NOOO,3500,10000,137.59199999999998
1220,7904.748168092239,2195.25183190777,0.1453244689772411,0.438285328402152,0.21735166652552176,1,N,NOOO,3500,10100,137.1804
1221,4473.302603127057,3431.4455694202065,0.07372100112943014,0.23866818512897944,0.4340992902558671,2,O,NOOO,3500,10100,137.1804
1222,1475.1288615437115,2998.1737415835337,0.027358446149165733,0.09653180157419242,0.6702371843764076,3,O,NOOO,3500,10100,137.1804
1223,0.0013959945163616212,1475.1288536020259,0.005285813144301653,0.02718067709160259,0.9999999946162766,4,O,NOOO,3500,10100,137.1804
1224,8008.805996153359,2191.1940038466596,0.14595699495565373,0.43942195073931656,0.21482294155359408,1,N,NOOO,3500,10200,136.7688
1225,4580.15742421562,3428.6485744277356,0.07467921477153848,0.24117334420896155,0.42810983011381726,2,O,NOOO,3500,10200,136.7688
1226,1584.7761584574876,2995.381265758139,0.028202476668161867,0.09926881453621518,0.6539908977628899,3,O,NOOO,3500,10200,136.7688
1227,0.0013954535372521452,1584.7761535152842,0.005653192295968224,0.028047867622326056,0.9999999968814502,4,O,NOOO,3500,10200,136.7688
1228,8112.935112904785,2187.0648870952377,0.14658245127169883,0.44053840826908436,0.2123363968053629,1,N,NOOO,3500,10300,136.35719999999998
1229,4687.179054371633,3425.7560598943933,0.0756338756253154,0.24365551856365117,0.4222585306327962,2,O,NOOO,3500,10300,136.35719999999998
1230,1694.5911019814628,2992.587952437351,0.029052255456429515,0.10201130424556659,0.638462477691401,3,O,NOOO,3500,10300,136.35719999999998
1231,0.0013518063531628892,1694.5911007190991,0.0060351603943326615,0.028920204468047345,0.999999999255063,4,O,NOOO,3500,10300,136.35719999999998
1232,8217.134410439108,2182.865589560939,0.14720095000173436,0.4416350750598883,0.2098909220731672,1,N,NOOO,3500,10400,135.94559999999998
1233,4794.366396883336,3422.7680143071707,0.07658493620354023,0.24611476091188406,0.41654034646906357,2,O,NOOO,3500,10400,135.94559999999998
1234,1804.570093064492,2989.796303824019,0.029907561239997882,0.10475829057188586,0.6236061361033212,3,O,NOOO,3500,10400,135.94559999999998
1235,0.0012809223897492566,1804.5700929215166,0.006431782570647887,0.029797212168333774,0.9999999999207703,4,O,NOOO,3500,10400,135.94559999999998
1236,8321.402801680551,2178.5971983194886,0.14781260089920495,0.4427123148315856,0.2074854474589989,1,N,NOOO,3500,10500,135.53399999999996
1237,4901.718467042716,3419.684335013124,0.07753235173237812,0.24855113504808976,0.41095046310250727,2,O,NOOO,3500,10500,135.53399999999996
1238,1914.7188649057357,2986.999602136706,0.030768183772001544,0.1075089991784706,0.6093780420520173,3,O,NOOO,3500,10500,135.53399999999996
1239,0.0011761165604617801,1914.718864878899,0.006843121200935986,0.030678419489142596,0.999999999985984,4,O,NOOO,3500,10500,135.53399999999996
1240,8425.73921990909,2174.260780090957,0.14841751145390142,0.4437704812856748,0.2051189415180148,1,N,NOOO,3500,10600,135.1224
1241,5009.234341074613,3416.50487903911,0.07847607998305413,0.2509647135462776,0.4054842892557471,2,O,NOOO,3500,10600,135.1224
1242,2025.0377959357215,2984.1965451386486,0.031633913132127184,0.11026257822748681,0.5957390574980486,3,O,NOOO,3500,10600,135.1224
1243,0.0010387169891473583,2025.0377959226093,0.007269206983252791,0.031563344371136455,0.999999999993525,4,O,NOOO,3500,10600,135.1224
1244,8530.142618296892,2169.8573817031306,0.14901578694936854,0.4448099184226372,0.2027904095049655,1,N,NOOO,3500,10700,134.71079999999998
1245,5116.913125663513,3413.229492733945,0.07941608114131592,0.2533555762590957,0.40013744734029105,2,O,NOOO,3500,10700,134.71079999999998
1246,2135.5280531399385,2981.3850725234097,0.03250454395625766,0.11301821613230777,0.5826530565020707,3,O,NOOO,3500,10700,134.71079999999998
1247,0.0008773374746549564,2135.5280531399376,0.007710049831854753,0.03245149982717589,0.9999999999999996,4,O,NOOO,3500,10700,134.71079999999998
1248,8634.61196945678,2165.3880305432226,0.14960753051854803,0.44583096084699386,0.20049889171696506,1,N,NOOO,3500,10800,134.29919999999998
1249,5224.753940552884,3409.8580289583338,0.08035231769333198,0.2557238092703631,0.39490576311014636,2,O,NOOO,3500,10800,134.29919999999998
1250,2246.1909178161836,2978.56302273663,0.03337987487369577,0.11577512850615414,0.5700867555920611,3,O,NOOO,3500,10800,134.29919999999998
1251,0.0006894677632959291,2246.1909158271806,0.008165636942449437,0.03334239351961379,0.9999999991144995,4,O,NOOO,3500,10800,134.29919999999998
1252,8739.146265001837,2160.8537349981652,0.1501928431977076,0.4468339340605865,0.1982434619264372,1,N,NOOO,3500,10900,133.8876
1253,5332.755908579897,3406.3903564488032,0.08128475432877426,0.25806950415796487,0.38978525512160966,2,O,NOOO,3500,10900,133.8876
1254,2357.0290481453603,2975.726860583988,0.03425970990911771,0.11853258918429216,0.5580092004204293,3,O,NOOO,3500,10900,133.8876
1255,0.0005591228531233866,2357.029008417813,0.008635935109558686,0.03423552966742536,0.9999999831450753,4,O,NOOO,3500,10900,133.8876
1256,8843.744515116658,2156.255484883344,0.15077182397872982,0.44781915474464856,0.1960232258984858,1,N,NOOO,3500,11000,133.476
1257,5440.918150518175,3402.826364610948,0.08221335785268387,0.2603927574382505,0.38477212438628,2,O,NOOO,3500,11000,133.476
1258,2468.039790311156,2972.8783602502094,0.03514385095380626,0.12128976747422224,0.5463927737944527,3,O,NOOO,3500,11000,133.476
1259,0.0004913981582694987,2468.0396024657994,0.009120875813900756,0.03513040654762066,0.999999923888846,4,O,NOOO,3500,11000,133.476
1260,8949.155823500318,2150.8441764996805,0.151365237572278,0.44880466621040743,0.19376974563060184,1,N,NOOO,3500,11100,133.0203
1261,5551.011201588083,3398.144621917534,0.08317130100054285,0.2627628818179535,0.37971677875963106,2,O,NOOO,3500,11100,133.0203
1262,2581.8656306171283,2969.1455709804495,0.0360633184794848,0.12413476248591797,0.5348837289557279,3,O,NOOO,3500,11100,133.0203
1263,0.0001790114190787992,2581.8655871839205,0.009637560187595016,0.036057914589977466,0.9999999831775879,4,O,NOOO,3500,11100,133.0203
1264,9054.633666452262,2145.36636624246,0.15195241748214708,0.449772341836768,0.19155056841450538,1,N,NOOO,3500,11200,132.5646
1265,5661.273976020853,3393.3596904338187,0.08412565575368501,0.26511044257706434,0.37476498944472336,2,O,NOOO,3500,11200,132.5646
1266,2695.8813823145497,2965.392593706498,0.036987598333281906,0.12697954684230428,0.5238030532114941,3,O,NOOO,3500,11200,132.5646
1267,0.01778849804476279,2695.863614998612,0.010170014636105727,0.03698700076165117,0.9999934094593129,4,O,NOOO,3500,11200,132.5646
1268,9160.176242255837,2139.8237577441614,0.1525334641714893,0.45072244004062134,0.1893649343136426,1,N,NOOO,3500,11300,132.1089
1269,5771.7047956211945,3388.471446635688,0.08507638502126309,0.26743552350484084,0.36991334631802064,2,O,NOOO,3500,11300,132.1089
1270,2810.0874058163313,2961.617389804914,0.03791649173995149,0.12982336098044334,0.5131269693577879,3,O,NOOO,3500,11300,132.1089
1271,76.56870074832803,2733.518704967787,0.010757611369324791,0.03867723656216208,0.9727521995614578,4,O,NOOO,3500,11300,132.1089
1272,9265.783408735988,2134.216591264012,0.15310845861481034,0.45165527640231146,0.1872119816898256,1,N,NOOO,3500,11400,131.6532
1273,5882.303643260251,3383.4797654761564,0.08602345072088739,0.269738204819003,0.36515852100386204,2,O,NOOO,3500,11400,131.6532
1274,2924.4857598919075,2957.8178833681154,0.03884980819509362,0.13266548591183844,0.5028332542399584,3,O,NOOO,3500,11400,131.6532
1275,196.59544471610178,2727.890315173017,0.011381443712525988,0.04082941677711866,0.9327760636023213,4,O,NOOO,3500,11400,131.6532
1276,9371.453945355424,2128.546054644575,0.1536774918808917,0.45257111552671553,0.18509096127344132,1,N,NOOO,3500,11500,131.1975
1277,5993.069378496582,3378.3845668589183,0.08696681868926807,0.27201857615006336,0.36049737709411417,2,O,NOOO,3500,11500,131.1975
1278,3039.0773896200694,2953.991988876577,0.03978735739077815,0.13550521507827495,0.49290135026229476,3,O,NOOO,3500,11500,131.1975
1279,316.7717435744571,2722.305646039848,0.012018569480977277,0.04301857672854266,0.8957671349001669,4,O,NOOO,3500,11500,131.1975
1280,9477.186921627166,2122.813078372834,0.15424065040198373,0.45347022544486837,0.18300112744593394,1,N,NOOO,3500,11600,130.74179999999998
1281,6104.001130303307,3373.185791323867,0.08790645612876814,0.2742767296068802,0.35592690312208325,2,O,NOOO,3500,11600,130.74179999999998
1282,3153.8654176097352,2950.1357128442023,0.0407289548137041,0.13834191044401875,0.4833117900647588,3,O,NOOO,3500,11600,130.74179999999998
1283,437.08608852511713,2716.7793290717095,0.012668773611948509,0.04524338451885971,0.8614125745196552,4,O,NOOO,3500,11600,130.74179999999998
1284,9582.98142301234,2117.0185769876675,0.15479801896688908,0.4543528669879878,0.18094175871689466,1,N,NOOO,3500,11700,130.28609999999998
1285,6215.098019045529,3367.883403966802,0.0888423320427741,0.27651276083221815,0.35144421712842394,2,O,NOOO,3500,11700,130.28609999999998
1286,3268.8457569965867,2946.252262115917,0.041674413128726086,0.14117479323936186,0.47404759395385715,3,O,NOOO,3500,11700,130.28609999999998
1287,557.5273865375971,2711.318370459007,0.013331820535972866,0.047502489879734336,0.8294421248404711,4,O,NOOO,3500,11700,130.28609999999998
1288,9688.836550579865,2111.1634494201376,0.15534968075878341,0.4552192939903933,0.17891215673052013,1,N,NOOO,3500,11800,129.83039999999997
1289,6326.359156937405,3362.47739364245,0.08977441717540587,0.27872676874262403,0.34704655983088184,2,O,NOOO,3500,11800,129.83039999999997
1290,3384.0235473731623,2942.335609587383,0.04262355616985905,0.14400331509213501,0.46509145886237824,3,O,NOOO,3500,11800,129.83039999999997
1291,678.1148252874968,2705.9087220950196,0.014007513449981463,0.04979488511649363,0.7996128526338041,4,O,NOOO,3500,11800,129.83039999999997
1292,9794.751420674227,2105.2485793258497,0.15589571739197605,0.45606975348502354,0.17691164532149997,1,N,NOOO,3500,11900,129.3747
1293,6437.78514418708,3356.9662767876484,0.09070268734912082,0.2809189042078994,0.3427311355448947,2,O,NOOO,3500,11900,129.3747
1294,3499.400697367857,2938.3844468305692,0.04357621394412556,0.14682686538463197,0.4564278522845311,3,O,NOOO,3500,11900,129.3747
1295,798.8475051360925,2700.5531922317773,0.014695636462403064,0.0521193440434746,0.7717187672343586,4,O,NOOO,3500,11900,129.3747
1296,9900.725164590373,2099.2748354097416,0.15643620894765867,0.4569044858918804,0.17493956961747847,1,N,NOOO,3500,12000,128.91899999999998
1297,6549.371481579385,3351.353683192493,0.09162710855979249,0.28308915451914707,0.3384957795999128,2,O,NOOO,3500,12000,128.91899999999998
1298,3614.9745052174007,2934.3969763658083,0.04453219670652389,0.14964478865754868,0.44804253119845583,3,O,NOOO,3500,12000,128.91899999999998
1299,919.7287478041485,2695.2457574126506,0.015395957443834377,0.054474678528918845,0.7455780818157005,4,O,NOOO,3500,12000,128.91899999999998
1300,10008.298950864812,2091.701049135395,0.15701166766663235,0.45775197732679307,0.17286785530044585,1,N,NOOO,3500,12100,128.3751
1301,6664.7758392147425,3343.5231117422813,0.09261698350167112,0.2853721091039698,0.3340750639201649,2,O,NOOO,3500,12100,128.3751
1302,3736.156643859414,2928.619195356032,0.04556246346058322,0.15264631670815967,0.4394175087066526,3,O,NOOO,3500,12100,128.3751
1303,1047.876538536077,2688.2801053237476,0.016159653266991588,0.05702351426331727,0.7195308873738174,4,O,NOOO,3500,12100,128.3751
1304,10115.938198424239,2084.0618015759765,0.15758155915356573,0.45858269925978384,0.17082473783409644,1,N,NOOO,3500,12200,127.8312
1305,6780.364686746348,3335.573511718079,0.09360351978222302,0.28763248427734933,0.3297344691407527,2,O,NOOO,3500,12200,127.8312
1306,3857.5687132998423,2922.7959734467836,0.04659745269377076,0.15564313368042318,0.43106766501217914,3,O,NOOO,3500,12200,127.8312
1307,1176.204010978067,2681.36470232188,0.01693789239786283,0.059607877479533736,0.6950918834128003,4,O,NOOO,3500,12200,127.8312
1308,10223.641994432672,2076.358005567586,0.15814595629968212,0.45939686574611555,0.16880959394858425,1,N,NOOO,3500,12300,127.28729999999997
1309,6896.137127909971,3327.5048665486834,0.09458667472025145,0.2898703352438129,0.32547157542886285,2,O,NOOO,3500,12300,127.28729999999997
1310,3979.212035918314,2916.925091991511,0.04763697167745616,0.1586345393481381,0.42297956637001366,3,O,NOOO,3500,12300,127.28729999999997
1311,1304.7153310061476,2674.4967049235274,0.01773045043218715,0.06222644361215077,0.6721171630921429,4,O,NOOO,3500,12300,127.28729999999997
1312,10331.409439742174,2068.5905602579855,0.15870493072853706,0.46019468464487245,0.166821819375644,1,N,NOOO,3500,12400,126.7434
1313,7012.092279263427,3319.317160478675,0.09556640738143274,0.2920857213312299,0.3212840590471759,2,O,NOOO,3500,12400,126.7434
1314,4101.087904729474,2911.004374533964,0.04868083048289666,0.16161985409041577,0.4151406254510594,3,O,NOOO,3500,12400,126.7434
1315,1433.4133329094402,2667.6745718185366,0.018537099267390746,0.06487786837565847,0.65047973459484,4,O,NOOO,3500,12400,126.7434
1316,10439.239648620027,2060.7603513800104,0.15925855282164497,0.46097635776324764,0.16486082811040084,1,N,NOOO,3500,12500,126.1995
1317,7128.2292612967785,3311.0103873270136,0.09654267851526571,0.29427870545704066,0.3171696884805877,2,O,NOOO,3500,12500,126.1995
1318,4223.2013248561825,2905.0279387161886,0.04972884808407949,0.16459852978520306,0.4075385109299503,3,O,NOOO,3500,12500,126.1995
1319,1562.3079338664993,2660.8933909899793,0.019357624013686528,0.06756090572459351,0.6300654849980645,4,O,NOOO,3500,12500,126.1995
1320,10547.131748480127,2052.8682515196974,0.15980689174345306,0.4617420809954243,0.1629260517079125,1,N,NOOO,3500,12600,125.65559999999999
1321,7244.54719289874,3302.5845555803294,0.0975154504997759,0.29644935372134584,0.31312632043837335,2,O,NOOO,3500,12600,125.65559999999999
1322,4345.543858914913,2899.0033350445096,0.0507808242841955,0.1675696406631475,0.40016349646892696,3,O,NOOO,3500,12600,125.65559999999999
1323,1691.3956296415683,2654.1482293005847,0.020191761640978342,0.07027415568860455,0.6107746959809373,4,O,NOOO,3500,12600,125.65559999999999
1324,10655.084879619746,2044.9151203799147,0.16035001546568245,0.46249204445621817,0.1610169386125917,1,N,NOOO,3500,12700,125.11169999999998
1325,7361.045187263974,3294.039692356474,0.09848468728617642,0.2985977350349731,0.3091518959794556,2,O,NOOO,3500,12700,125.11169999999998
1326,4468.123733837848,2892.9214539113404,0.05183658879953769,0.17053277536363634,0.39300416996714704,3,O,NOOO,3500,12700,125.11169999999998
1327,1820.6821631012708,2647.441570736098,0.021039299091630465,0.07301630998525144,0.5925175148321388,4,O,NOOO,3500,12700,125.11169999999998
1328,10763.09819496065,2036.9018050388408,0.16088799079107002,0.46322643260972274,0.15913295351865944,1,N,NOOO,3500,12800,124.56779999999999
1329,7477.722349799661,3285.3758451602725,0.09945035434984181,0.3007239208319432,0.30524443665286877,2,O,NOOO,3500,12800,124.56779999999999
1330,4590.941399793955,2886.7809502118153,0.05289596153477867,0.17348731319833344,0.3860508340870875,3,O,NOOO,3500,12800,124.56779999999999
1331,1950.1764225974398,2640.764977196808,0.021900003332759693,0.07578614194159063,0.575212085546404,4,O,NOOO,3500,12800,124.56779999999999
1332,10871.17085979547,2028.8291402040488,0.16142088337650398,0.46394542439303127,0.15727357676000378,1,N,NOOO,3500,12900,124.02390000000001
1333,7594.577778523433,3276.5930812705437,0.10041241864786504,0.3028279848697564,0.30140204063835213,2,O,NOOO,3500,12900,124.02390000000001
1334,4713.997598480487,2880.580180135897,0.05395876558327586,0.1764326619563804,0.37929431551571396,3,O,NOOO,3500,12900,124.02390000000001
1335,2079.8810045226255,2634.1165939578113,0.02277363619324683,0.07858233706146005,0.5587861552595814,4,O,NOOO,3500,12900,124.02390000000001
1336,10979.302051537994,2020.6979484619217,0.16194875775560688,0.4646491933353254,0.15543830372784012,1,N,NOOO,3500,13000,123.48
1337,7711.610562294474,3267.6914892434716,0.10137084857127694,0.30491000296017196,0.2976228792963875,2,O,NOOO,3500,13000,123.48
1338,4837.293184015052,2874.3173783137045,0.05502482694167025,0.17936825244645993,0.3727259507070459,3,O,NOOO,3500,13000,123.48
1339,2209.8046086650916,2627.4885755826003,0.023659964499096423,0.081403698529639,0.5431733152468817,4,O,NOOO,3500,13000,123.48
1340,11089.602634326218,2010.3973656742571,0.16252446120168,0.46536486909811187,0.15346544776139368,1,N,NOOO,3500,13100,122.8185
1341,7833.861541893195,3255.7410924320143,0.10242176332307322,0.30714167740035575,0.2935850092909868,2,O,NOOO,3500,13100,122.8185
1342,4968.257941747068,2865.6036001593443,0.05620055036905494,0.18255807664158571,0.3657970701722179,3,O,NOOO,3500,13100,122.8185
1343,2349.607271540264,2618.6506702457127,0.024646773777823837,0.08451245085353173,0.5270762309343534,4,O,NOOO,3500,13100,122.8185
1344,11199.97121929958,2000.028780700956,0.16309505166122917,0.46606335087526884,0.15151733187128455,1,N,NOOO,3500,13200,122.157
1345,7956.323103283873,3243.648116015453,0.10346970560336155,0.30934967035135474,0.28961218314794057,2,O,NOOO,3500,13200,122.157
1346,5099.512136080784,2856.810967207135,0.057381545748067274,0.18573875773219867,0.3590617085457505,3,O,NOOO,3500,13200,122.157
1347,2489.679745955448,2609.8323901313383,0.025649871831017298,0.08765234220051964,0.5117807979445496,4,O,NOOO,3500,13200,122.157
1348,11310.406898283241,1989.5931017178618,0.16366058622426669,0.4667447709713219,0.14959346629457607,1,N,NOOO,3500,13300,121.4955
1349,8078.9944298881455,3231.412468394906,0.10451461947442035,0.3115339823298646,0.2857025832452932,2,O,NOOO,3500,13300,121.4955
1350,5231.057461204353,2847.936968685078,0.05856760552401748,0.18890955965303136,0.35251131726854135,3,O,NOOO,3500,13300,121.4955
1351,2630.024985933762,2601.0324752704655,0.026669001197591025,0.0908217688617329,0.49722880976949285,4,O,NOOO,3500,13300,121.4955
1352,11420.908773621653,1979.0912263811874,0.16422112107569203,0.46740925590217636,0.14769337510307368,1,N,NOOO,3500,13400,120.834
1353,8201.874685706569,3219.0340879148603,0.10555645052198595,0.3136946162975868,0.28185446112219326,2,O,NOOO,3500,13400,120.834
1354,5362.895548600246,2838.979137106942,0.05975852404227511,0.19206976540714069,0.34613783383626173,3,O,NOOO,3500,13400,120.834
1355,2770.64822432745,2592.2473242731126,0.027703903015593157,0.09401917424685118,0.48336711031966817,4,O,NOOO,3500,13400,120.834
1356,11531.475957961415,1968.5240420454065,0.16477671150923365,0.4680569264614851,0.14581659570706715,1,N,NOOO,3500,13500,120.1725
1357,8324.963015659461,3206.512942301948,0.10659514581869008,0.3158315774281794,0.27806613429117444,2,O,NOOO,3500,13500,120.1725
1358,5495.027962612736,2829.935053046835,0.06095409756090169,0.19521867664707904,0.3399336486809199,3,O,NOOO,3500,13500,120.1725
1359,2911.555027124313,2583.472935488491,0.02875431539313713,0.09724301561163835,0.4701473683238766,4,O,NOOO,3500,13500,120.1725
1360,11642.107574032909,1957.8924259819105,0.16532741194104417,0.4686878977825254,0.14396267838102283,1,N,NOOO,3500,13600,119.51100000000001
1361,8448.25854593504,3193.8490280977417,0.1076306538881913,0.31794487288066375,0.2743359832219253,2,O,NOOO,3500,13600,119.51100000000001
1362,5627.456198996635,2820.802346938434,0.06215412426635971,0.19835561333317478,0.3338915744115916,3,O,NOOO,3500,13600,119.51100000000001
1363,3052.752374507614,2574.703824577242,0.029819974680700183,0.10049178634598252,0.45752534245158705,4,O,NOOO,3500,13600,119.51100000000001
1364,11752.802754435192,1947.1972455966975,0.1658732759228102,0.46930227939540414,0.1421311858099779,1,N,NOOO,3500,13700,118.8495
1365,8571.762651722309,3181.040046016672,0.10866296822214028,0.3200346586708848,0.2706622507398274,2,O,NOOO,3500,13700,118.8495
1366,5760.1837008406,2811.57895088178,0.06335843639937518,0.20148000460577586,0.3280047599447769,3,O,NOOO,3500,13700,118.8495
1367,3194.243563949402,2565.9401369228867,0.03090063002198553,0.10376395151005473,0.4454615113313889,4,O,NOOO,3500,13700,118.8495
1368,11863.560641409385,1936.4393586479684,0.16641435615492742,0.46990017528080497,0.1403216926556499,1,N,NOOO,3500,13800,118.188
1369,8695.469036826036,3168.0915667364557,0.10969193837299385,0.322100602114174,0.2670439054931225,2,O,NOOO,3500,13800,118.188
1370,5893.208474484154,2802.260562792582,0.06456676428075171,0.20459103551490218,0.322266751905478,3,O,NOOO,3500,13800,118.188
1371,3336.0343774355597,2557.1740970480796,0.03199597023414057,0.10705792180813187,0.43391882505427826,4,O,NOOO,3500,13800,118.188
1372,11974.380386339213,1925.6196137341365,0.1669507044985824,0.470481683911582,0.13853378516072926,1,N,NOOO,3500,13900,117.5265
1373,8819.38015245074,3155.0002100867155,0.11071757916862643,0.3241429228023721,0.2634792037912917,2,O,NOOO,3500,13900,117.5265
1374,6026.531165967589,2792.8489867381054,0.06577894949601079,0.20768810120419434,0.3166717998840344,3,O,NOOO,3500,13900,117.5265
1375,3478.128641553619,2548.402524415202,0.033105737480394935,0.11037223223123888,0.42286390864553736,4,O,NOOO,3500,13900,117.5265
1376,12085.261150037426,1914.7388500275167,0.16748237198853966,0.4710468983099893,0.1367670607162512,1,N,NOOO,3500,14000,116.865
1377,8943.49498833528,3141.7661477088914,0.11173984383365554,0.32616163236088797,0.25996675692019794,2,O,NOOO,3500,14000,116.865
1378,6160.155551500141,2783.339436973517,0.06699480344632852,0.21077066736252043,0.3112138420834069,3,O,NOOO,3500,14000,116.865
1379,3620.5338505808654,2539.621700920072,0.03422966558073651,0.11370541813415187,0.4122658396672491,4,O,NOOO,3500,14000,116.865
1380,12198.912236850038,1901.087763200673,0.16807409207321122,0.47161363024460057,0.13482891937593425,1,N,NOOO,3500,14100,116.0565
1381,9074.348831478825,3124.563398356432,0.11288355829800763,0.3283583138319321,0.25613459115787907,2,O,NOOO,3500,14100,116.0565
1382,6303.706074080045,2770.6427574656304,0.06836266871228398,0.21417651520598927,0.3053268955072896,3,O,NOOO,3500,14100,116.0565
1383,3775.6724908260267,2528.033583253871,0.035504671767921034,0.11743679335370563,0.40103925429657805,4,O,NOOO,3500,14100,116.0565
1384,12312.636802459967,1887.3631975761107,0.16866097514432302,0.47216066910844984,0.13291290123775426,1,N,NOOO,3500,14200,115.24799999999999
1385,9205.453992820081,3107.1828063732282,0.11402472615917969,0.3305283439311965,0.2523572209774301,2,O,NOOO,3500,14200,115.24799999999999
1386,6447.6354212032375,2757.8185716338157,0.0697369111718628,0.21756731809839364,0.29958528648177635,3,O,NOOO,3500,14200,115.24799999999999
1387,3931.2111207006787,2516.4243005026274,0.036798959293316155,0.12119327435026794,0.3902863819234091,4,O,NOOO,3500,14200,115.24799999999999
1388,12426.433863302133,1873.5661367209439,0.16924306290616553,0.4726880223381014,0.13101861095950657,1,N,NOOO,3500,14300,114.4395
1389,9336.809509461664,3089.624352892555,0.11516326483887214,0.33267159882043906,0.24863322710925653,2,O,NOOO,3500,14300,114.4395
1390,6591.945713665595,2744.8637958021964,0.0711172808633239,0.220942187345766,0.29398305631282584,3,O,NOOO,3500,14300,114.4395
1391,4087.158571493183,2504.7871425859926,0.03811221244213706,0.12497292558160872,0.37997690687794683,4,O,NOOO,3500,14300,114.4395
1392,12540.302441775952,1859.697558243205,0.1698203963787908,0.47319568958555436,0.12914566376688924,1,N,NOOO,3500,14400,113.631
1393,9468.414465550042,3071.887976653493,0.11629909393981656,0.3347879604557499,0.24496123525856953,2,O,NOOO,3500,14400,113.631
1394,6736.639085679144,2731.7753798730537,0.07250352931316627,0.22430025482117213,0.2885145543440634,3,O,NOOO,3500,14400,113.631
1395,4243.519138773576,2493.119947009535,0.03944410245003715,0.1287737078353313,0.370083644871142,4,O,NOOO,3500,14400,113.631
1396,12654.241565868513,1845.75843414304,0.17039301589988162,0.47368366263436135,0.1272936851133131,1,N,NOOO,3500,14500,112.8225
1397,9600.267938403254,3053.973628226069,0.11743213448629658,0.33687731154973516,0.24133991850316494,2,O,NOOO,3500,14500,112.8225
1398,6881.717615852468,2718.5503225518614,0.07389540895598809,0.22764067044496167,0.28317442179681696,3,O,NOOO,3500,14500,112.8225
1399,4400.303114718961,2481.4145011646992,0.04079430416489626,0.13259374125070808,0.3605806921586851,4,O,NOOO,3500,14500,112.8225
1400,12768.250267800524,1831.7497320002701,0.17096096111775805,0.47415192527159683,0.1254623104109774,1,N,NOOO,3500,14600,112.014
1401,9732.36899582426,3035.881272414197,0.11856230897120155,0.3389395359789806,0.2377679955154233,2,O,NOOO,3500,14600,112.014
1402,7027.18331366254,2705.1856821620345,0.07529267320150465,0.230962601662708,0.2779575746997173,3,O,NOOO,3500,14600,112.014
1403,4557.5174620700855,2469.665851599927,0.04216248152852765,0.1364310764437969,0.35144463170589285,4,O,NOOO,3500,14600,112.014
1404,12882.327585150737,1817.6724141078705,0.1715242710004427,0.4746004532359339,0.12365118463318847,1,N,NOOO,3500,14700,111.2055
1405,9864.71665431836,3017.6109306516123,0.11968954092215252,0.34097451614667595,0.23424423192979246,2,O,NOOO,3500,14700,111.2055
1406,7173.038076369948,2691.6785779484203,0.07669507610356449,0.23426523199536464,0.27285918818257354,3,O,NOOO,3500,14700,111.2055
1407,4715.169341177913,2457.868735193642,0.043548293137094955,0.14028378305457645,0.34265379732063167,4,O,NOOO,3500,14700,111.2055
1408,12996.472560182821,1803.5274380010214,0.17208298384515452,0.47502921412039856,0.12185996202709605,1,N,NOOO,3500,14800,110.397
1409,9997.309897552215,2999.162661898627,0.12081375506903155,0.3429821335727791,0.23076743693416746,2,O,NOOO,3500,14800,110.397
1410,7319.283703108987,2678.0261944431095,0.0781023725709372,0.23754776107095288,0.2678746804776762,3,O,NOOO,3500,14800,110.397
1411,4873.265882964639,2446.0178201446565,0.04495139227197302,0.14414994586863544,0.33418814181306705,4,O,NOOO,3500,14800,110.397
1412,13110.684239384214,1789.3157569392426,0.1726371372704303,0.4754381672387629,0.1200883058348485,1,N,NOOO,3500,14900,109.5885
1413,10130.147676832414,2980.536561438562,0.12193487744127408,0.3449622688095174,0.22733646139421876,2,O,NOOO,3500,14900,109.5885
1414,7465.9218934194905,2664.2257834130014,0.07951431848990236,0.2408094044343854,0.2629996983663002,3,O,NOOO,3500,14900,109.5885
1415,5031.814110659226,2434.1077827604463,0.0463714270799551,0.14802766446552482,0.3260290982826761,4,O,NOOO,3500,14900,109.5885
1416,13224.961673213145,1775.0383201433224,0.17318676821939974,0.475827263509123,0.11833588800955483,1,N,NOOO,3500,15000,108.78
1417,10263.228904547359,2961.732767651956,0.1230528350101493,0.3469148002882862,0.22395019666868882,2,O,NOOO,3500,15000,108.78
1418,7612.956394893715,2650.272483311012,0.08093070277151115,0.24404951403804023,0.2582298911930872,3,O,NOOO,3500,15000,108.78
1419,5190.822902886297,2422.1334920074223,0.04780806499913234,0.15191512510820576,0.318159380714703,4,O,NOOO,3500,15000,108.78
1420,13343.755789124943,1756.2441988057817,0.17383346392154275,0.47619158437674064,0.11630756283481998,1,N,NOOO,3500,15100,107.7363
1421,10407.438802791406,2936.316986294064,0.12437510540671765,0.3491329349595597,0.22005176298918325,2,O,NOOO,3500,15100,107.7363
1422,7776.459982223791,2630.978808473032,0.08261491393947724,0.24780694857995278,0.25279791294735937,3,O,NOOO,3500,15100,107.7363
1423,5370.924399066678,2405.5355834469665,0.04952929659879828,0.15648632715177607,0.30933555743175944,4,O,NOOO,3500,15100,107.7363
1424,13462.637214321823,1737.362765473674,0.17447532448070616,0.47652799858723677,0.1143001819390575,1,N,NOOO,3500,15200,106.6926
1425,10551.982478798898,2910.6547358083844,0.12569564658027604,0.3513160484606182,0.21620241929359663,2,O,NOOO,3500,15200,106.6926
1426,7940.515931863706,2611.466542562491,0.08430845830684414,0.2515389864321455,0.2474858679693095,3,O,NOOO,3500,15200,106.6926
1427,5551.681198754628,2388.834733193943,0.05127682898158113,0.16107436577893341,0.300841249320844,4,O,NOOO,3500,15200,106.6926
1428,13581.604638908739,1718.3953293445622,0.17511236699010413,0.47683617831078207,0.11231342021859884,1,N,NOOO,3500,15300,105.6489
1429,10696.858979844787,2884.745658832851,0.1270143096551462,0.3534636650262603,0.21240094491991013,2,O,NOOO,3500,15300,105.6489
1430,8105.127626433656,2591.7313526444764,0.08601096191000172,0.25524418304546087,0.24228900815911128,3,O,NOOO,3500,15300,105.6489
1431,5733.1083020321375,2372.0193244266957,0.05305018921777801,0.16567628147274946,0.29265662846451806,4,O,NOOO,3500,15300,105.6489
1432,13700.656744153288,1699.3432084682872,0.17574460772671277,0.47711577519859877,0.11034696158884982,1,N,NOOO,3500,15400,104.6052
1433,10842.067356794198,2858.5893889061294,0.12833094595911518,0.35557530078000227,0.2086461577928389,2,O,NOOO,3500,15400,104.6052
1434,8270.298571924111,2571.7687850627813,0.08772204872873482,0.25892110898798587,0.23720280463404228,3,O,NOOO,3500,15400,104.6052
1435,5915.217704136551,2355.0808677928694,0.054848882452454145,0.17028903716316218,0.2847637056040351,4,O,NOOO,3500,15400,104.6052
1436,13819.792201926319,1680.2077302392472,0.17637206212853682,0.4773664196098544,0.10840049872511272,1,N,NOOO,3500,15500,103.5615
1437,10987.60632202046,2832.185881607732,0.12964540603482783,0.35765045261842043,0.2049369368385263,2,O,NOOO,3500,15500,103.5615
1438,8436.032076856554,2551.5742446318604,0.08944134040072359,0.2625683549519997,0.2322229400882524,3,O,NOOO,3500,15500,103.5615
1439,6098.02147656962,2338.010600287846,0.05667239840308128,0.1749096064500006,0.27714576936021307,4,O,NOOO,3500,15500,103.5615
1440,13939.009674601515,1660.9902318731165,0.17699474476831267,0.47758771978546033,0.10647373281237926,1,N,NOOO,3500,15600,102.5178
1441,11133.47462634883,2805.5350479260837,0.1309575406068357,0.3596886086643499,0.2012721931772594,2,O,NOOO,3500,15600,102.5178
1442,8602.331362671655,2531.1432616136576,0.09116845604060904,0.26618452188021174,0.22734531191398008,3,O,NOOO,3500,15600,102.5178
1443,6281.531656470014,2320.799706201515,0.0585202114380959,0.1795349710157892,0.2697872946713292,4,O,NOOO,3500,15600,102.5178
1444,14058.30781442077,1641.6920608305586,0.17761266933254088,0.477779260990589,0.10456637330130947,1,N,NOOO,3500,15700,101.4741
1445,11279.671138055279,2778.6366774990283,0.1322672007981008,0.3616892496343628,0.19765086340254626,2,O,NOOO,3500,15700,101.4741
1446,8769.199644767143,2510.47149036102,0.09290301211216623,0.2697682195843219,0.22256601807221207,3,O,NOOO,3500,15700,101.4741
1447,6465.7602479778025,2303.439396789326,0.06039178082928938,0.18416212104908253,0.26267384597223314,4,O,NOOO,3500,15700,101.4741
1448,14177.685263587306,1622.3145750578192,0.17822584859420917,0.47794060459990967,0.10267813766188728,1,N,NOOO,3500,15800,100.4304
1449,11426.194165322211,2751.4910936686824,0.13357423561349968,0.3636518259154874,0.19407195480177325,2,O,NOOO,3500,15800,100.4304
1450,8936.63948085562,2489.5546820729896,0.0946446201559872,0.27331805952660654,0.2178813562987257,3,O,NOOO,3500,15800,100.4304
1451,6650.718559171548,2285.9209216841114,0.06228654794482671,0.1887880480201337,0.2557920039832748,4,O,NOOO,3500,15800,100.4304
1452,14297.14065414205,1602.8591432645655,0.17883429439027343,0.4780712871377093,0.10080875114871482,1,N,NOOO,3500,15900,99.38669999999999
1453,11573.042139165433,2724.0985003770766,0.1348784950052421,0.36557578119246986,0.19053449681128187,2,O,NOOO,3500,15900,99.38669999999999
1454,9104.6533794537,2468.388759653936,0.09639288923022714,0.2768326587975134,0.21328780539910305,3,O,NOOO,3500,15900,99.38669999999999
1455,6836.418964531219,2268.234407192664,0.06420395356386403,0.19340980957312234,0.24912913349467491,4,O,NOOO,3500,15900,99.38669999999999
1456,14416.672608011288,1583.3271449779525,0.17943801759602362,0.4781708192622679,0.09895794656112203,1,N,NOOO,3500,16000,98.343
1457,11720.213596452935,2696.4589975919775,0.13617982974518797,0.36746055004105305,0.1870375412488431,2,O,NOOO,3500,16000,98.343
1458,9273.243662403927,2446.9699337133184,0.09814742512535575,0.2803106326263697,0.20878202547894534,3,O,NOOO,3500,16000,98.343
1459,7022.869178567073,2250.374481817867,0.06614337171662502,0.19802427108911708,0.24267392982904717,4,O,NOOO,3500,16000,98.343
1460,14542.853717899943,1557.1459809793635,0.18018029483853193,0.4781596087057668,0.09671714167573686,1,N,NOOO,3500,16100,96.96119999999999
1461,11884.094903648142,2658.758814251813,0.13778875415586278,0.36966160088413147,0.18282235837793673,2,O,NOOO,3500,16100,96.96119999999999
1462,9466.815773060036,2417.2791322466987,0.10032890985832112,0.28449313546752936,0.2034045631446994,3,O,NOOO,3500,16100,96.96119999999999
1463,7241.372210799531,2225.4435620526365,0.06857288426868154,0.20365986341274853,0.23507836377101993,4,O,NOOO,3500,16100,96.96119999999999
1464,14669.145502632873,1530.8544973666064,0.18091729146682356,0.47809764336845184,0.09449719119546954,1,N,NOOO,3500,16200,95.5794
1465,12048.459150243025,2620.6863523898846,0.13939689334211874,0.37180500309667774,0.17865296597675126,2,O,NOOO,3500,16200,95.5794
1466,9661.26938460457,2387.189777441994,0.1025245284934699,0.2886241412027316,0.1981323709259406,3,O,NOOO,3500,16200,95.5794
1467,7461.052393787295,2200.2169896566575,0.07104090286021547,0.20928716374258674,0.22773580800497586,4,O,NOOO,3500,16200,95.5794
1468,14795.54186147652,1504.4581385222282,0.18164891814376916,0.4779832745751278,0.09229804530811216,1,N,NOOO,3500,16300,94.1976
1469,12213.301259381555,2582.240602095036,0.14100387947864332,0.3738889834240596,0.17452828874206178,2,O,NOOO,3500,16300,94.1976
1470,9856.6050890487,2356.6961705200574,0.10473352225970385,0.29270039017965843,0.1929614377365644,3,O,NOOO,3500,16300,94.1976
1471,7681.927373834372,2174.6777126760317,0.07354640590632086,0.21490025027740184,0.2206315149109741,4,O,NOOO,3500,16300,94.1976
1472,14922.04197616275,1477.958023832584,0.18237514678077915,0.47781492636542605,0.09011939169710878,1,N,NOOO,3500,16400,92.8158
1473,12378.620370293782,2543.421605868942,0.14260938637405854,0.37591177895946837,0.17044728931415262,2,O,NOOO,3500,16400,92.8158
1474,10052.832990859208,2325.787378086369,0.10695516847570541,0.2967188313117636,0.1878874469458482,3,O,NOOO,3500,16400,92.8158
1475,7904.023858227722,2148.8091310576665,0.07608837952718618,0.22049331129388797,0.21375159947564287,4,O,NOOO,3500,16400,92.8158
1476,15048.643263327021,1451.3567366582918,0.18309592587590534,0.4775908713678652,0.08796101434292677,1,N,NOOO,3500,16500,91.43400000000001
1477,12544.41374087099,2504.2295224546356,0.1442130606452659,0.3778715023562738,0.1664089897431052,2,O,NOOO,3500,16500,91.43400000000001
1478,10249.955736557968,2294.4579714308215,0.10918868993929365,0.300676163453705,0.1829067518679842,3,O,NOOO,3500,16500,91.43400000000001
1479,8127.360912354661,2122.5948240132993,0.0786657155803781,0.22606036702652324,0.2070833161203569,4,O,NOOO,3500,16500,91.43400000000001
1480,15175.34304868621,1424.6569512747083,0.1838112003371822,0.4773092765157443,0.08582270790811496,1,N,NOOO,3500,16600,90.0522
1481,12710.678284391286,2464.664764277632,0.14581454018266257,0.37976617566115156,0.16241245791745101,2,O,NOOO,3500,16600,90.0522
1482,10447.979971050212,2262.698313341001,0.11143333785645694,0.30456929381761194,0.1780155443096687,3,O,NOOO,3500,16600,90.0522
1483,8351.961978092599,2096.0179947473794,0.08127729721892836,0.23159551885412233,0.20061466432316402,4,O,NOOO,3500,16600,90.0522
1484,15302.138560693393,1397.8614392092338,0.1845209112317668,0.47696819605561397,0.0837042777969601,1,N,NOOO,3500,16700,88.6704
1485,12877.410551455694,2424.7280091601915,0.14741345356811367,0.3815937230802968,0.158456806513868,2,O,NOOO,3500,16700,88.6704
1486,10646.907199606536,2230.5033518491678,0.11368825171545117,0.30839464829064,0.17321054904140074,3,O,NOOO,3500,16700,88.6704
1487,8577.846443344588,2069.060770763481,0.08392187887531846,0.23709263847513037,0.19433444210351947,4,O,NOOO,3500,16700,88.6704
1488,15429.026923694564,1370.9730760864975,0.18522499551612323,0.4765655640205549,0.0816055402432439,1,N,NOOO,3500,16800,87.28859999999999
1489,13044.606710531341,2384.4202129401465,0.14900941944021479,0.3833519631708526,0.15454119204875846,2,O,NOOO,3500,16800,87.28859999999999
1490,10846.740807241524,2197.8659032907467,0.11595261162775443,0.312148865625349,0.1684884758937452,3,O,NOOO,3500,16800,87.28859999999999
1491,8805.027227641418,2041.7135791244384,0.08659819630225672,0.24254550204882444,0.1882329093511062,4,O,NOOO,3500,16800,87.28859999999999
1492,15556.005150502731,1343.9948490338788,0.18592338574607886,0.4760991861255776,0.07952632242804017,1,N,NOOO,3500,16900,85.9068
1493,13212.26252714982,2343.742622862991,0.15060204580429656,0.38503860041606897,0.15066481401796444,2,O,NOOO,3500,16900,85.9068
1494,11047.482787146415,2164.7797400038157,0.11822555602289321,0.3158284228614783,0.16384625536734676,3,O,NOOO,3500,16900,85.9068
1495,9033.528868288951,2013.953900342325,0.08930493005769718,0.24794805348822957,0.18229979979561778,4,O,NOOO,3500,16900,85.9068
1496,15683.070134362733,1316.9298646951981,0.18661600976489645,0.47556673103785463,0.0774664626291293,1,N,NOOO,3500,17000,84.52499999999999
1497,13380.373341896868,2302.6967916552985,0.15219092928316147,0.3866512161345586,0.1468269141135781,2,O,NOOO,3500,17000,84.52499999999999
1498,11249.134300973908,2131.23904092342,0.12050619777922503,0.31942970123542913,0.15928098465309976,3,O,NOOO,3500,17000,84.52499999999999
1499,9263.36599927382,1985.7683017000488,0.09204072505937509,0.2532941428381985,0.17652632181021508,4,O,NOOO,3500,17000,84.52499999999999
1500,4052.632039693637,3947.3679603075675,0.10266821359773562,0.31816732584370855,0.49342099503844594,1,O,ONOO,3500,8000,144.207
1501,2330.8492817163283,1721.7827579785078,0.04770090473359478,0.1770797568908287,0.42485543743287085,2,N,ONOO,3500,8000,144.207
1502,0.0022235695165540087,2330.849281716328,0.011091705670359338,0.0476148868523275,0.9999999999999998,3,O,ONOO,3500,8000,144.207
1503,7.547566068418751e-10,0.0022235695165510896,0.001100521073767311,0.010796098563876678,0.9999999999986872,4,O,ONOO,3500,8000,144.207
1504,4153.753050069004,3946.246949931763,0.10348237152389636,0.32006607788485775,0.48719098147305717,1,O,ONOO,3500,8100,143.89829999999998
1505,2430.0831947854113,1723.669855283959,0.048785567515308825,0.18059562136958837,0.4149668587677172,2,N,ONOO,3500,8100,143.89829999999998
1506,0.0018721648270024463,2430.0831947792763,0.011642038713692179,0.04871938615045249,0.9999999999974754,3,O,ONOO,3500,8100,143.89829999999998
1507,6.729709943810552e-10,0.0018721648270023422,0.0011575771441228295,0.011331511025428672,0.9999999999999444,4,O,ONOO,3500,8100,143.89829999999998
1508,4254.993327265778,3945.006672734652,0.10428916729661566,0.3219386922246179,0.48109837472373806,1,O,ONOO,3500,8200,143.5896
1509,2529.4902301323978,1725.5030971332594,0.04986464597855276,0.18407244625890962,0.40552427804676555,2,N,ONOO,3500,8200,143.5896
1510,0.0015783350734585888,2529.4902301321904,0.01220477511331052,0.04981624227377382,0.9999999999999181,3,O,ONOO,3500,8200,143.5896
1511,6.253738832019349e-10,0.0015783350734585885,0.0012161110518014225,0.01187896246818141,0.9999999999999999,4,O,ONOO,3500,8200,143.5896
1512,4356.3514949872215,3943.6485050129954,0.10508869505737284,0.32378562758675156,0.47513837409795123,1,O,ONOO,3500,8300,143.2809
1513,2629.069342340495,1727.282152646678,0.0509380915504677,0.18751048777394397,0.3964974255714287,2,N,ONOO,3500,8300,143.2809
1514,0.0011152856916233165,2629.069341199844,0.0127797031402172,0.05090514780748371,0.9999999995661388,3,O,ONOO,3500,8300,143.2809
1515,4.85972048004252e-10,0.0011152856916233163,0.0012761108671587047,0.012438245011817997,0.9999999999999998,4,O,ONOO,3500,8300,143.2809
1516,4457.82619617404,3942.1738038259814,0.105881047318767,0.3256073317561632,0.46930640521737876,1,O,ONOO,3500,8400,142.97220000000002
1517,2728.820940229739,1729.0052567152504,0.05200586499044136,0.19091009896386482,0.3878583822310482,2,N,ONOO,3500,8400,142.97220000000002
1518,0.0008390999208618827,2728.820838674015,0.013366600725323237,0.05198579838940959,0.9999999627840278,3,O,ONOO,3500,8400,142.97220000000002
1519,4.011945947157046e-10,0.0008390999208618826,0.0013375639266888398,0.01300914076240364,0.9999999999999999,4,O,ONOO,3500,8400,142.97220000000002
1520,4559.416092591702,3940.583907408241,0.10666631500279795,0.32740424189747075,0.4635981067539107,1,O,ONOO,3500,8500,142.6635
1521,2828.740093184788,1730.6759996940232,0.053067915841558955,0.19427134429754847,0.3795828159895487,2,N,ONOO,3500,8500,142.6635
1522,0.00040000365935513073,2828.7400893214253,0.013965215610464791,0.05305788635961616,0.9999999986342462,3,O,ONOO,3500,8500,142.6635
1523,2.0940521509784966e-10,0.0004000036593551307,0.0014004538441010973,0.01359140157444114,0.9999999999999999,4,O,ONOO,3500,8500,142.6635
1524,4661.121714193853,3938.87829192092,0.10744458958712713,0.3291768601207014,0.4580091037117349,1,O,ONOO,3500,8600,142.35479999999998
1525,2928.8304710192538,1732.2912432829914,0.054124229947948306,0.19759472312610601,0.37164685873957987,2,N,ONOO,3500,8600,142.35479999999998
1526,0.00016293576127123996,2928.8304487974674,0.014575310543929796,0.054121130183374375,0.9999999924127441,3,O,ONOO,3500,8600,142.35479999999998
1527,9.319800022381465e-11,0.00016293576127123993,0.0014647679276358241,0.014184811343278729,0.9999999999999999,4,O,ONOO,3500,8600,142.35479999999998
1528,4762.937283505496,3937.0627202015676,0.1082159538486537,0.33092542108082085,0.4525359448507549,1,O,ONOO,3500,8700,142.0461
1529,3029.0863103109277,1733.8509732319267,0.055174747768941504,0.20088042798017886,0.36402977197210157,2,N,ONOO,3500,8700,142.0461
1530,21.542008856997576,3007.544301473544,0.015209496489356189,0.05546100464353385,0.9928882816035794,3,O,ONOO,3500,8700,142.0461
1531,1.378856624835377e-05,21.542008500250024,0.0015504952366869062,0.014807405220374333,0.9999999834394483,4,O,ONOO,3500,8700,142.0461
1532,4864.864461603821,3935.135540604407,0.10898049745771651,0.3326504518565206,0.4471744932505008,1,O,ONOO,3500,8800,141.73739999999998
1533,3129.5092065145122,1735.3552551005612,0.05621946092108018,0.2041288241307711,0.35671194311721055,2,N,ONOO,3500,8800,141.73739999999998
1534,123.04376297541873,3006.465443541379,0.015901021593836002,0.05786954888599502,0.9606827285514928,3,O,ONOO,3500,8800,141.73739999999998
1535,8.358939849113247e-05,123.0437624364258,0.001717116160734421,0.015508417033807283,0.9999999956195021,4,O,ONOO,3500,8800,141.73739999999998
1536,4966.9018545779245,3933.098146727905,0.10973830520446513,0.3343523448875228,0.44192114008178707,1,O,ONOO,3500,8900,141.4287
1537,3230.0978711853777,1736.803983397425,0.05725834556218087,0.2073402264639594,0.3496755189146,2,N,ONOO,3500,8900,141.4287
1538,224.67055134884717,3005.427319836219,0.016600807126322774,0.060297697567586996,0.9304446613356921,3,O,ONOO,3500,8900,141.4287
1539,0.0001625596034557043,224.67055134884703,0.0018940006808206582,0.016219174422907504,0.9999999999999993,4,O,ONOO,3500,8900,141.4287
1540,5069.048135438146,3930.951865329417,0.1104894605082679,0.33603148547221795,0.43677242948104633,1,O,ONOO,3500,9000,141.11999999999998
1541,3330.85108998666,1738.1970454524132,0.05829138174679288,0.210514959862143,0.34290403227788074,2,N,ONOO,3500,9000,141.11999999999998
1542,326.4193678424306,3004.431722154873,0.01730852735916684,0.06274400319043412,0.9020012125990615,3,O,ONOO,3500,9000,141.11999999999998
1543,0.00030490160835014446,326.41936784230523,0.0020813505266469917,0.01693926506090743,0.999999999999616,4,O,ONOO,3500,9000,141.11999999999998
1544,5172.507600039193,3927.4924003860788,0.1112580533911296,0.33772614472734847,0.43159257147099767,1,O,ONOO,3500,9100,140.7672
1545,3433.431112199029,1739.0764878405116,0.059350811143181886,0.21373769801990344,0.3362153567115753,2,N,ONOO,3500,9100,140.7672
1546,430.82592333474616,3002.60518889197,0.018045699347457093,0.06527743329193207,0.8745202949386902,3,O,ONOO,3500,9100,140.7672
1547,0.00035003265127167115,430.825923334746,0.0022855230819349417,0.01769046361053226,0.9999999999999996,4,O,ONOO,3500,9100,140.7672
1548,5276.079929472002,3923.9200707660398,0.11202024409786922,0.33939841048621133,0.4265130511702217,1,O,ONOO,3500,9200,140.4144
1549,3536.1832064128225,1739.8967230593746,0.060404733554300934,0.21692411520026428,0.32977072870719243,2,N,ONOO,3500,9200,140.4144
1550,535.3604408438138,3000.822765569984,0.018791178413065483,0.06782878119968914,0.8486050044375616,3,O,ONOO,3500,9200,140.4144
1551,0.00045518515445899755,535.3604408424593,0.002501344323624723,0.018451267131438704,0.99999999999747,4,O,ONOO,3500,9200,140.4144
1552,5379.763902213156,3920.2360979174596,0.11277610610262943,0.34104863586143197,0.4215307632169311,1,O,ONOO,3500,9300,140.06159999999997
1553,3639.1062843156938,1740.6576178974321,0.06145312311475692,0.2200745133245491,0.32355650722541024,2,N,ONOO,3500,9300,140.06159999999997
1554,640.0349205485043,2999.0713637719173,0.019544658779486652,0.07039685036220177,0.8241230482049166,3,O,ONOO,3500,9300,140.06159999999997
1555,0.0005665041960135724,640.0349205484706,0.0027290397240775843,0.01922126555284328,0.9999999999999474,4,O,ONOO,3500,9300,140.06159999999997
1556,5483.558318992812,3916.4416810759285,0.11352571176338108,0.3426771664462609,0.4166427320293541,1,O,ONOO,3500,9400,139.7088
1557,3742.1992568502646,1741.3590621424985,0.06249595714752003,0.2231892004440637,0.31756005149268496,2,N,ONOO,3500,9400,139.7088
1558,744.8437090248166,2997.355547824966,0.020305830128784914,0.07298021572873176,0.8009609703005983,3,O,ONOO,3500,9400,139.7088
1559,0.000697479410768231,744.8436885962018,0.0029688009393816373,0.02000002316563389,0.9999999725732868,4,O,ONOO,3500,9400,139.7088
1560,5587.461999450087,3912.5380005879115,0.11426913234134048,0.3442843403936629,0.4118461053250433,1,O,ONOO,3500,9500,139.356
1561,3845.4624789919553,1741.9995208716696,0.06353322484257293,0.22626858320876425,0.3117693723989739,2,N,ONOO,3500,9500,139.356
1562,849.7952686497401,2995.6672103421747,0.021074406104256784,0.07557772135782281,0.7790135066218239,3,O,ONOO,3500,9500,139.356
1563,0.001302018441905304,849.7952686488635,0.003220827637843976,0.02078713518409015,0.9999999999989684,4,O,ONOO,3500,9500,139.356
1564,5691.473780058644,3908.526219960616,0.1150064380217577,0.3458704885435567,0.40713814791256414,1,O,ONOO,3500,9600,139.0032
1565,3948.8912391737886,1742.5825410477896,0.06456488758687093,0.229312747582612,0.30617421925992505,2,N,ONOO,3500,9600,139.0032
1566,954.8867911147574,2994.0044480667684,0.021850074282590958,0.07818805009651351,0.758188632385123,3,O,ONOO,3500,9600,139.0032
1567,0.0013006584222269638,954.8867911147394,0.0034852847987637135,0.021582138048608583,0.999999999999981,4,O,ONOO,3500,9600,139.0032
1568,5795.592512860426,3904.4074871495145,0.11573769793457706,0.3474359345733274,0.40251623578860973,1,O,ONOO,3500,9700,138.65039999999996
1569,4052.4869564601036,1743.1055564488397,0.06559094592279872,0.2323221758476767,0.3007639948082766,2,N,ONOO,3500,9700,138.65039999999996
1570,1060.1217082930698,2992.365248166246,0.022632563690080203,0.0808100484436904,0.7384021911276214,3,O,ONOO,3500,9700,138.65039999999996
1571,0.0009891951891508664,1060.1217081092047,0.003762338049326136,0.022384612648410563,0.9999999998265623,4,O,ONOO,3500,9700,138.65039999999996
1572,5899.817064630282,3900.1829353753415,0.11646298017473934,0.34898099516058445,0.3979778505485042,1,O,ONOO,3500,9800,138.2976
1573,4156.248355408692,1743.5687092026012,0.06661138742292676,0.23529718300667654,0.29552928338327444,2,N,ONOO,3500,9800,138.2976
1574,1165.5024766612,2990.745878747649,0.02342159629266179,0.08344257621928283,0.7195782405196436,3,O,ONOO,3500,9800,138.2976
1575,0.0010749184169369065,1165.502476129061,0.00405213460636429,0.023194117387813497,0.9999999995434252,4,O,ONOO,3500,9800,138.2976
1576,6004.146316308737,3895.8536836935014,0.11718235182277989,0.350505980151877,0.39352057411045466,1,O,ONOO,3500,9900,137.9448
1577,4260.174236112219,1743.972080169083,0.06762620239485007,0.238238091493272,0.29046128929803494,2,N,ONOO,3500,9900,137.9448
1578,1271.0317022105064,2989.142533943916,0.024216901342148277,0.08608453691951369,0.7016479534113539,3,O,ONOO,3500,9900,137.9448
1579,0.0011528610332739338,1271.0316981241976,0.004354807504194286,0.0240102106017073,0.9999999967850458,4,O,ONOO,3500,9900,137.9448
1580,6108.579162624526,3891.4208373768633,0.11789587896433876,0.3520111927305935,0.38914208373768633,1,O,ONOO,3500,10000,137.59199999999998
1581,4364.263442230937,1744.3157203669443,0.06863538363256505,0.24114522877465844,0.2855517910023296,2,N,ONOO,3500,10000,137.59199999999998
1582,1376.707445171303,2987.555997062838,0.025018210943894968,0.08873478457683381,0.6845498757370271,3,O,ONOO,3500,10000,137.59199999999998
1583,0.0012165415602549013,1376.7074309247787,0.0046704667728397434,0.02483244247449807,0.9999999896517415,4,O,ONOO,3500,10000,137.59199999999998
1584,6214.765950329079,3885.2340496716174,0.11863617687134281,0.35354470539826455,0.38467663858134826,1,O,ONOO,3500,10100,137.1804
1585,4470.800950943597,1743.9649993595776,0.06968424237053103,0.2441285778085685,0.2806163600203211,2,N,ONOO,3500,10100,137.1804
1586,1485.9662149553867,2984.8347359884615,0.025860944806842735,0.09150117540913813,0.6676286349448166,3,O,ONOO,3500,10100,137.1804
1587,0.001242822727119737,1485.9661949430872,0.005013674703884672,0.025696801830993005,0.9999999865324667,4,O,ONOO,3500,10100,137.1804
1588,6321.063076506042,3878.9369234942737,0.11937085333849029,0.35505844351459775,0.3802879336759092,1,O,ONOO,3500,10200,136.7688
1589,4577.513668490749,1743.5494080015606,0.07072787407666498,0.2470781044899747,0.2758316737072184,2,N,ONOO,3500,10200,136.7688
1590,1595.3899993398702,2982.1236691505637,0.026710454516956958,0.09427651214507138,0.651472367997057,3,O,ONOO,3500,10200,136.7688
1591,0.001234049738383305,1595.3899887150783,0.005371508172985187,0.026567677039842152,0.9999999933403169,4,O,ONOO,3500,10200,136.7688
1592,6427.469464335395,3872.5305356647086,0.12009996479437476,0.35655268070794405,0.37597383841404936,1,O,ONOO,3500,10300,136.35719999999998
1593,4684.400536537153,1743.0689277867218,0.07176626001431069,0.24999410082975188,0.27119054201013715,2,N,ONOO,3500,10300,136.35719999999998
1594,1704.98274510759,2979.417791495782,0.02756647601476157,0.09705973879608007,0.6360296836824836,3,O,ONOO,3500,10300,136.35719999999998
1595,0.0011951251408091165,1704.9827438939762,0.005744079430544196,0.027444566963282936,0.9999999992881958,4,O,ONOO,3500,10300,136.35719999999998
1596,6533.984048222387,3866.015951777686,0.12082356692340573,0.3580276849183476,0.3717323030555467,1,O,ONOO,3500,10400,135.94559999999998
1597,4791.460493557603,1742.5235546561487,0.07279938371350862,0.2528768616329055,0.2666862272383744,2,N,ONOO,3500,10400,135.94559999999998
1598,1814.739933730623,2976.7205598210658,0.02842874499481393,0.0998496772677977,0.6212553695941853,3,O,ONOO,3500,10400,135.94559999999998
1599,0.0011328661676763337,1814.7399336392075,0.006131464925171704,0.02832695818962165,0.9999999999496261,4,O,ONOO,3500,10400,135.94559999999998
1600,6640.605773651556,3859.3942263484983,0.12154171467882037,0.3594837185307735,0.36756135489033315,1,O,ONOO,3500,10500,135.53399999999996
1601,4898.692472367446,1741.9133012799773,0.07382723085273686,0.25572668389685993,0.2623124095382233,2,N,ONOO,3500,10500,135.53399999999996
1602,1924.6688228466392,2974.0236495274467,0.029297011104551747,0.1026454027905425,0.6071056034448632,3,O,ONOO,3500,10500,135.53399999999996
1603,0.0010423174026405722,1924.6688228466373,0.006533741436213299,0.0292143442364542,0.999999999999999,4,O,ONOO,3500,10500,135.53399999999996
1604,6747.3335970483195,3852.666402951643,0.12225446229538399,0.36092103850460827,0.3634590946180795,1,O,ONOO,3500,10600,135.1224
1605,5006.0954007004375,1741.2381963452397,0.07484978915675193,0.25854386639078875,0.25806315506720456,2,N,ONOO,3500,10600,135.1224
1606,2034.7697642141427,2971.3256364862204,0.030171024694375947,0.10544589677316601,0.5935415525781793,3,O,ONOO,3500,10600,135.1224
1607,0.0009182978273553236,2034.769764214142,0.006950951229380218,0.030106207203830372,0.9999999999999997,4,O,ONOO,3500,10600,135.1224
1608,6854.16781743996,3845.8321842798487,0.12296186564440507,0.3623399425431529,0.35942356862428493,1,O,ONOO,3500,10700,134.71079999999998
1609,5113.669494932222,1740.498322505971,0.07586705531306219,0.2613287298064356,0.25393284332452326,2,N,ONOO,3500,10700,134.71079999999998
1610,2145.0452864161284,2968.6242085161202,0.031050549702649765,0.10825021577766232,0.5805271950911383,3,O,ONOO,3500,10700,134.71079999999998
1611,0.0007842933515351458,2145.0452855076037,0.007383119425207801,0.03100203227644112,0.9999999995764542,4,O,ONOO,3500,10700,134.71079999999998
1612,6961.104277197733,3838.8957239301726,0.12366397211669115,0.3637405687424814,0.3554533077713123,1,O,ONOO,3500,10800,134.29919999999998
1613,5221.410629295867,1739.6936479009246,0.07687900433870958,0.2640815268643381,0.249916332039384,2,N,ONOO,3500,10800,134.29919999999998
1614,2255.493924121627,2965.9167051742215,0.031935330558130984,0.11105736914649646,0.5680297750445631,3,O,ONOO,3500,10800,134.29919999999998
1615,0.0007281700111496162,2255.493797331618,0.007830234459888119,0.03190127615828683,0.9999999437861448,4,O,ONOO,3500,10800,134.29919999999998
1616,7068.14392957403,3831.856071171447,0.12436083719936407,0.36512322642297795,0.3515464285478392,1,O,ONOO,3500,10900,133.8876
1617,5329.319626679333,1738.824302894367,0.07788563988390342,0.2668025898215422,0.24600861558844336,2,N,ONOO,3500,10900,133.8876
1618,2366.120536824282,2963.1990900171345,0.032825147281630565,0.11386653031777719,0.5560182720478873,3,O,ONOO,3500,10900,133.8876
1619,0.0005054047920969723,2366.1204602810985,0.008292280487293451,0.03280342209129538,0.9999999676503447,4,O,ONOO,3500,10900,133.8876
1620,7175.285720700409,3824.714279789394,0.1250525123063824,0.3664881502453549,0.3477012981626722,1,O,ONOO,3500,11000,133.476
1621,5437.39534770629,1737.8903729939013,0.07888695665490543,0.26949222002487067,0.24220504111497024,2,N,ONOO,3500,11000,133.476
1622,2476.9218212406613,2960.473526513322,0.03371976705873669,0.11667671986175163,0.5444653804256054,3,O,ONOO,3500,11000,133.476
1623,0.0006253432566778738,2476.9214548937734,0.008769196619277338,0.03370793541831251,0.9999998520959019,4,O,ONOO,3500,11000,133.476
1624,7283.801329742664,3816.1986705611357,0.1257638023631904,0.36786906301150535,0.34380168203253475,1,O,ONOO,3500,11100,133.0203
1625,5547.4064704582215,1736.3948592843167,0.07991841776438517,0.27222990239922484,0.238391298811779,2,N,ONOO,3500,11100,133.0203
1626,2590.531548272182,2956.8749221999,0.034650498285035976,0.11957784730522712,0.5330193375852733,3,O,ONOO,3500,11100,133.0203
1627,0.00021551203718049583,2590.5314453648425,0.009277830686554099,0.034645974705989235,0.9999999602755891,4,O,ONOO,3500,11100,133.0203
1628,7392.423922628294,3807.576077555798,0.1264700603703565,0.369232199061663,0.33996214978176764,1,O,ONOO,3500,11200,132.5646
1629,5657.593425022532,1734.830497605727,0.08094481628842791,0.27493604707321617,0.23467681450131547,2,N,ONOO,3500,11200,132.5646
1630,2704.333781349524,2953.2596436753706,0.03558651334543983,0.12247993528609662,0.5219992710352122,3,O,ONOO,3500,11200,132.5646
1631,0.0007976972579672587,2704.332996407586,0.009802486188729777,0.03558603961287519,0.9999997097466505,4,O,ONOO,3500,11200,132.5646
1632,7501.152499468033,3798.8475006366984,0.1271713313362843,0.3705777720019438,0.33618119474661046,1,O,ONOO,3500,11300,132.1089
1633,5767.957227390484,1733.1953032870922,0.08196617252675169,0.2776111305303016,0.23105720133139634,2,N,ONOO,3500,11300,132.1089
1634,2818.331644697168,2949.625582694179,0.03652760541383292,0.12538217498552667,0.5113813203550118,3,O,ONOO,3500,11300,132.1089
1635,87.81832201158724,2730.513322821487,0.010386701474293897,0.03736834363195714,0.9688403165607157,4,O,ONOO,3500,11300,132.1089
1636,7609.986075322492,3790.0139247442175,0.1278676597524125,0.3719059912797532,0.33245736181966823,1,O,ONOO,3500,11400,131.6532
1637,5878.490647779556,1731.4954622391608,0.0829823714404196,0.28025481413347486,0.22752938640111564,2,N,ONOO,3500,11400,131.6532
1638,2932.520874950723,2945.96977282891,0.03747348315087087,0.12828350322063173,0.5011439073976706,3,O,ONOO,3500,11400,131.6532
1639,207.71614684265103,2724.8047281091735,0.011001032579594953,0.03949151962062822,0.9291680585751876,4,O,ONOO,3500,11400,131.6532
1640,7718.92367804255,3781.0763219922633,0.12855908960032242,0.3732170622079451,0.3287892453906316,1,O,ONOO,3500,11500,131.1975
1641,5989.198540215858,1729.725137826669,0.08399352179424201,0.28286801869592954,0.22408890280222485,2,N,ONOO,3500,11500,131.1975
1642,3046.9080552566525,2942.290484959281,0.03842400043199772,0.13118333613166777,0.49126614607991226,3,O,ONOO,3500,11500,131.1975
1643,327.74958346157587,2719.1584718024646,0.01162918321623076,0.04165367234792699,0.8924320729374355,4,O,ONOO,3500,11500,131.1975
1644,7827.964346887641,3772.0356531330185,0.12924566435657345,0.37451118600162725,0.3251754873390533,1,O,ONOO,3500,11600,130.74179999999998
1645,6100.078081283198,1727.8862656044114,0.08499956348307815,0.285450777790556,0.22073251602013366,2,N,ONOO,3500,11600,130.74179999999998
1646,3161.492920805931,2938.5851604772447,0.03937891333955762,0.1340807895135596,0.4817291059754912,3,O,ONOO,3500,11600,130.74179999999998
1647,447.91700238896493,2713.575918384333,0.012270920890015264,0.04385349857432725,0.8583210484281537,4,O,ONOO,3500,11600,130.74179999999998
1648,7937.107131440277,3762.8928685709375,0.12992742699829138,0.37578855982914094,0.32161477509153313,1,O,ONOO,3500,11700,130.28609999999998
1649,6211.12807909459,1725.9790523455517,0.08600049713857975,0.2880033822700249,0.21745694290916714,2,N,ONOO,3500,11700,130.28609999999998
1650,3276.2772660936093,2934.8508130680534,0.040338015187498036,0.13697512582151272,0.47251494023222157,3,O,ONOO,3500,11700,130.28609999999998
1651,568.2157652732595,2708.061500819939,0.012926023256043227,0.04608970360275067,0.8265666428314326,4,O,ONOO,3500,11700,130.28609999999998
1652,8046.351090914815,3753.648909091753,0.13060442001046377,0.37704937687450896,0.3181058397535384,1,O,ONOO,3500,11800,129.83039999999997
1653,6322.347453617538,1724.0036372970403,0.0869963181036449,0.29052610815604557,0.21425906200434425,2,N,ONOO,3500,11800,129.83039999999997
1654,3391.260162955104,2931.087290693367,0.04130109863557891,0.139865562500049,0.46360743571855567,3,O,ONOO,3500,11800,129.83039999999997
1655,688.6562912961671,2702.6038716669273,0.013594265880042256,0.04836113577435532,0.7969320375915689,4,O,ONOO,3500,11800,129.83039999999997
1656,8155.695293631093,3744.304706371062,0.13127668539172643,0.3782938264005645,0.31464745431689595,1,O,ONOO,3500,11900,129.3747
1657,6433.735122489652,1721.9601711412222,0.08798702304614292,0.2930192307414916,0.21113591289830644,2,N,ONOO,3500,11900,129.3747
1658,3506.4442809116254,2927.2908415860993,0.0422679638969188,0.14275142463671536,0.45499088567596024,3,O,ONOO,3500,11900,129.3747
1659,809.2399435181632,2697.2043373928486,0.01427542580048685,0.05066654150132776,0.7692135169738428,4,O,ONOO,3500,11900,129.3747
1660,8265.138816689587,3734.8611833117275,0.13194426466075498,0.37952209381740964,0.31123843194264394,1,O,ONOO,3500,12000,128.91899999999998
1661,6545.290001152984,1719.8488155364107,0.08897260990103592,0.2954830243987024,0.20808468601441554,2,N,ONOO,3500,12000,128.91899999999998
1662,3621.830386466577,2923.459614690988,0.043238413845149086,0.14563202105281658,0.4466508915840256,3,O,ONOO,3500,12000,128.91899999999998
1663,929.9730275809534,2691.8573588751337,0.014969276931299473,0.05300473017815135,0.7432312040159573,4,O,ONOO,3500,12000,128.91899999999998
1664,8377.29603878997,3722.703961210243,0.13265724636765194,0.3807960531398985,0.30766148439754076,1,O,ONOO,3500,12100,128.3751
1665,6660.667731515897,1716.6283072740025,0.09002647404083605,0.2980683655958479,0.20491436608249017,2,N,ONOO,3500,12100,128.3751
1666,3742.8112624447367,2917.8564690712888,0.0442843435108478,0.1487011082978706,0.4380726657877011,3,O,ONOO,3500,12100,128.3751
1667,1057.9554463479008,2684.855816095693,0.015726565170690078,0.05553740851822058,0.7173366829996108,4,O,ONOO,3500,12100,128.3751
1668,8489.565039992433,3710.4349600084515,0.13336572589672271,0.38205305069349466,0.30413401311544686,1,O,ONOO,3500,12200,127.8312
1669,6776.234849163525,1713.3301908290507,0.09107567903115717,0.30062320543911725,0.20181601563306686,2,N,ONOO,3500,12200,127.8312
1670,3864.025756152422,2912.209093011311,0.045335253202972096,0.15176575237710138,0.4297680286820049,3,O,ONOO,3500,12200,127.8312
1671,1186.1166586416111,2677.909097510923,0.016498920452831457,0.058107626499686524,0.6930360371555683,4,O,ONOO,3500,12200,127.8312
1672,8601.944895869556,3698.0551041307863,0.13406973498829752,0.3832932413130317,0.30065488651469807,1,O,ONOO,3500,12300,127.28729999999997
1673,6891.990326020455,1709.9545698494192,0.09212020470839934,0.30314776897076573,0.19878697091753025,2,N,ONOO,3500,12300,127.28729999999997
1674,3985.4752856239197,2906.515040396437,0.04639092567140281,0.15482516542191269,0.42172361000319414,3,O,ONOO,3500,12300,127.28729999999997
1675,1314.4610990411138,2671.0141865841406,0.01728610867548224,0.0607140048576593,0.6701871157547519,4,O,ONOO,3500,12300,127.28729999999997
1676,8714.434687673229,3685.5653123268385,0.13476930508704432,0.3845167763468051,0.297223009058616,1,O,ONOO,3500,12400,126.7434
1677,7007.9331259629225,1706.5015617109727,0.09316003236745557,0.30564228122781334,0.1958247003818686,2,N,ONOO,3500,12400,126.7434
1678,4107.161209206914,2900.771916756114,0.04745114737911077,0.1578785847822929,0.4139268832359947,3,O,ONOO,3500,12400,126.7434
1679,1442.9918977672546,2664.1693114381665,0.018087891517378246,0.06335514417921129,0.6486644121652613,4,O,ONOO,3500,12400,126.7434
1680,8827.033502256376,3672.9664977435705,0.13546446734439943,0.385723803703164,0.29383731981948563,1,O,ONOO,3500,12500,126.1995
1681,7124.062205190015,1702.9712970667413,0.09419514470908442,0.30810696703074897,0.19292679659949472,2,N,ONOO,3500,12500,126.1995
1682,4229.084821886064,2894.977383303954,0.048515708462605646,0.16092527241785062,0.4063661012385473,3,O,ONOO,3500,12500,126.1995
1683,1571.7154028514874,2657.3694190343076,0.018904030319323452,0.06602969440144624,0.6283556681772083,4,O,ONOO,3500,12500,126.1995
1684,8939.740432011045,3660.2595679891006,0.1361552526211514,0.38691446789643297,0.29049679111024607,1,O,ONOO,3500,12600,125.65559999999999
1685,7240.376512594563,1699.3639194168009,0.09522552578923632,0.3105420507839565,0.19009096878605,2,N,ONOO,3500,12600,125.65559999999999
1686,4351.249079077195,2889.127434576522,0.049584405519331964,0.16396456481138272,0.3990299992757163,3,O,ONOO,3500,12600,125.65559999999999
1687,1700.6393217651105,2650.609757358085,0.0197342894643683,0.06873632557386217,0.6091606592009257,4,O,ONOO,3500,12600,125.65559999999999
1688,9052.554574813868,3647.445425186127,0.1368416914898819,0.3880889100912424,0.28720042718001,1,O,ONOO,3500,12700,125.11169999999998
1689,7356.8749901500505,1695.6795846639168,0.09625116097041109,0.31294775628907007,0.18731503584431933,2,N,ONOO,3500,12700,125.11169999999998
1690,4473.650695899195,2883.224294726922,0.0506570286463799,0.1669956413824452,0.3919088333820004,3,O,ONOO,3500,12700,125.11169999999998
1691,1829.758455457319,2643.89224044394,0.020578405365931217,0.07147354030597296,0.5909921046959441,4,O,ONOO,3500,12700,125.11169999999998
1692,9165.475033977102,3634.5249660229156,0.13752381423731003,0.38924726814537114,0.2839472629705403,1,O,ONOO,3500,12800,124.56779999999999
1693,7473.5565732556415,1691.918460721412,0.09727203687432108,0.3153243065659253,0.18459691990315216,2,N,ONOO,3500,12800,124.56779999999999
1694,4596.294084161464,2877.262489294331,0.05173338413938434,0.17001793116727384,0.3849924010197107,3,O,ONOO,3500,12800,124.56779999999999
1695,1959.0855684729786,2637.2085156880585,0.021436146172522007,0.07424009196261029,0.5737684463611045,4,O,ONOO,3500,12800,124.56779999999999
1696,9278.500918197467,3621.499081802531,0.13820165086662584,0.39038967665122026,0.28073636293042875,1,O,ONOO,3500,12900,124.02390000000001
1697,7590.418748048931,1688.0821429200191,0.09828811099435825,0.31767175333292114,0.18193479289410497,2,N,ONOO,3500,12900,124.02390000000001
1698,4719.178692375216,2871.2400557594874,0.052813255168139346,0.17303071820159613,0.3782716278331181,3,O,ONOO,3500,12900,124.02390000000001
1699,2088.6222254273316,2630.5564669480386,0.022307249349331194,0.07703456444413095,0.5574182794133717,4,O,ONOO,3500,12900,124.02390000000001
1700,9391.632385002269,3608.367579638305,0.13887525136684672,0.3915163337836385,0.27756673689525424,1,O,ONOO,3500,13000,123.48
1701,7707.465323747606,1684.1670688263036,0.09929947005351154,0.31999082641907317,0.1793263407025803,2,N,ONOO,3500,13000,123.48
1702,4842.309695368428,2865.1556284134663,0.053896517131779724,0.1760335768441584,0.37173772544724726,3,O,ONOO,3500,13000,123.48
1703,2218.38121187805,2623.928483676583,0.02319150938779864,0.07985582948375972,0.5418753959884717,4,O,ONOO,3500,13000,123.48
1704,9508.451801526891,3591.548173772003,0.1396120825846876,0.3927012225969696,0.27416398273068726,1,O,ONOO,3500,13100,122.8185
1705,7829.736079313793,1678.7157222130577,0.10040695068805458,0.3224696275772053,0.17654984820383537,2,N,ONOO,3500,13100,122.8185
1706,4973.093359361996,2856.642719962699,0.05509106880026269,0.17929679900871873,0.3648453397439494,3,O,ONOO,3500,13100,122.8185
1707,2357.9965950226006,2615.0967643769873,0.0241765026199812,0.08296630353424622,0.5258491195332157,4,O,ONOO,3500,13100,122.8185
1708,9625.394489346141,3574.605494323888,0.1403448694022846,0.3938687369921982,0.27080344653968846,1,O,ONOO,3500,13200,122.157
1709,7952.221095393135,1673.1733939536925,0.1015102120874827,0.3249173603563335,0.17382907223237892,2,N,ONOO,3500,13200,122.157
1710,5104.170941355835,2848.050154042923,0.05629098109809751,0.18255045793590988,0.35814524267853287,3,O,ONOO,3500,13200,122.157
1711,2497.8824933770393,2606.2884479870536,0.02517826753862513,0.08610959223332919,0.5106193499261484,4,O,ONOO,3500,13200,122.157
1712,9742.459504308677,3557.54048556518,0.14107362887630304,0.3950189590697342,0.2674842470349759,1,O,ONOO,3500,13300,121.4955
1713,8074.919721042645,1667.5397832681308,0.10260922843183921,0.3273342199468815,0.17116209541652685,2,N,ONOO,3500,13300,121.4955
1714,5235.54442647053,2839.375294574279,0.057496032365607894,0.18579377350901893,0.3516289192541539,3,O,ONOO,3500,13300,121.4955
1715,2638.0423317157765,2597.5020947571675,0.026196536064046216,0.08928403218369098,0.4961283647263858,4,O,ONOO,3500,13300,121.4955
1716,9859.645900396115,3540.3540938099504,0.14179837793719222,0.3961519671324368,0.26420552938880226,1,O,ONOO,3500,13400,120.834
1717,8197.830889560582,1661.8150108386267,0.10370396450208935,0.3297203530335329,0.1685471291389747,2,N,ONOO,3500,13400,120.834
1718,5367.215388558042,2830.615501003179,0.05870599664212749,0.1890259679510081,0.3452883499472755,3,O,ONOO,3500,13400,120.834
1719,2778.4814585659938,2588.733929992101,0.027231034434297707,0.09248799249814678,0.48232346618897126,4,O,ONOO,3500,13400,120.834
1720,9976.952749499276,3523.0472474771636,0.14251913348175424,0.39726783664571996,0.2609664627760862,1,O,ONOO,3500,13500,120.1725
1721,8320.953534556307,1655.9992149443901,0.10479438654108655,0.33207590592541364,0.1659824654404123,2,N,ONOO,3500,13500,120.1725
1722,5499.185343204332,2821.768191352215,0.05992065084436355,0.1922462865202897,0.3391159654519905,3,O,ONOO,3500,13500,120.1725
1723,2919.2055567988245,2579.9797864055204,0.028281485736157675,0.09571985635845681,0.46915672511270307,4,O,ONOO,3500,13500,120.1725
1724,10094.379141890984,3505.620856651034,0.14323591240516023,0.3983666403969155,0.25776623945963484,1,O,ONOO,3500,13600,119.51100000000001
1725,8444.286594055175,1650.0925478359143,0.1058804622511321,0.3344010245405322,0.16346647224574148,2,N,ONOO,3500,13600,119.51100000000001
1726,5631.455750010675,2812.8308440445276,0.06113977479442081,0.1954539971012672,0.33310461608737635,3,O,ONOO,3500,13600,119.51100000000001
1727,3060.2217291424395,2571.2340209551967,0.029347611251449482,0.09897804341655701,0.4565842537163366,4,O,ONOO,3500,13600,119.51100000000001
1728,10211.924163474225,3488.0758359148776,0.14394873138397243,0.3994484471078184,0.25460407561422466,1,O,ONOO,3500,13700,118.8495
1729,8567.82898580907,1644.095177665085,0.10696216051787959,0.3366958534830077,0.16099758981227522,2,N,ONOO,3500,13700,118.8495
1730,5764.02798922278,2803.800996586265,0.06236315100337687,0.19864838912181915,0.3272475444164691,3,O,ONOO,3500,13700,118.8495
1731,3201.5315346060515,2562.49645464926,0.030429123905461937,0.10226087987211441,0.44456696939023477,4,O,ONOO,3500,13700,118.8495
1732,10329.5869020197,3470.4130978738385,0.14465760698906666,0.4005133220828075,0.2514792099908579,1,O,ONOO,3500,13800,118.188
1733,8691.579614531285,1638.0072874882935,0.10803945147813651,0.33896053615865857,0.15857432664301618,2,N,ONOO,3500,13800,118.188
1734,5896.904835607917,2794.6747793774753,0.06359056819475284,0.20182881693055052,0.32153819021632296,3,O,ONOO,3500,13800,118.188
1735,3343.14531265386,2553.759522955017,0.03152574656250334,0.10556686077357624,0.43306778626210396,4,O,ONOO,3500,13800,118.188
1736,10447.366456207657,3452.633543999278,0.14536255578309693,0.40156132783695564,0.24839090244599124,1,O,ONOO,3500,13900,117.5265
1737,8815.537380910644,1631.8290752966452,0.10911230657918367,0.3411952148287095,0.15619525572657963,2,N,ONOO,3500,13900,117.5265
1738,6030.083813993862,2785.4535672024745,0.06482180584356317,0.20499450218843465,0.3159709325530348,3,O,ONOO,3500,13900,117.5265
1739,3485.0641479532155,2545.019666040625,0.03263717585647851,0.1088943532413277,0.42205377977242414,4,O,ONOO,3500,13900,117.5265
1740,10565.261923736072,3434.73807656948,0.14606359417001474,0.4025925232475691,0.24533843404067715,1,O,ONOO,3500,14000,116.865
1741,8939.701170741373,1625.560752994914,0.1101806984001084,0.34340003006278175,0.15385901123216883,2,N,ONOO,3500,14000,116.865
1742,6163.568752668319,2776.1324182236312,0.06605666080893388,0.20814487523800038,0.31053973339842694,3,O,ONOO,3500,14000,116.865
1743,3627.2957369428996,2536.2730157255705,0.033763130820997286,0.11224182419389284,0.4114942361318794,4,O,ONOO,3500,14000,116.865
1744,10687.888116537391,3412.1118837306262,0.1468461948615465,0.4036867323740645,0.24199375061919334,1,O,ONOO,3500,14100,116.0565
1745,9070.615337391459,1617.2727791481536,0.1113746316572739,0.34579154866222833,0.15131827368643055,2,N,ONOO,3500,14100,116.0565
1746,6306.965952855359,2763.649384594695,0.06744562834478134,0.2116256711646448,0.3046815769159791,3,O,ONOO,3500,14100,116.0565
1747,3782.2373960610603,2524.7285567945946,0.035040793856537876,0.11599056062299716,0.40030794135674247,4,O,ONOO,3500,14100,116.0565
1748,10810.656172104931,3389.3438280811984,0.14762514253618575,0.40476133662016445,0.23868618507614073,1,O,ONOO,3500,14200,115.24799999999999
1749,9201.78337184083,1608.8728002679873,0.1125647972986481,0.348149199976437,0.14882286279896786,2,N,ONOO,3500,14200,115.24799999999999
1750,6450.747228857256,2751.036143007052,0.0688409120814814,0.2150904331437364,0.29896771439172704,3,O,ONOO,3500,14200,115.24799999999999
1751,3937.581623160207,2513.1656056969846,0.03633816009657799,0.11976562576822394,0.38959294428006747,4,O,ONOO,3500,14200,115.24799999999999
1752,10933.565145388537,3366.4348546707674,0.1484004370771446,0.40581630350931913,0.23541502480215157,1,O,ONOO,3500,14300,114.4395
1753,9333.204224727513,1600.3609206618464,0.11375113276234564,0.350473000354445,0.1463713710378204,2,N,ONOO,3500,14300,114.4395
1754,6594.914742094445,2738.2894826426286,0.07024224438362606,0.2185382309445012,0.2933922173681541,3,O,ONOO,3500,14300,114.4395
1755,4093.337470042481,2501.577272447004,0.037654895879007035,0.12356499980657179,0.37931912242621973,4,O,ONOO,3500,14300,114.4395
1756,11056.614084093264,3343.3859158728624,0.14917207823702802,0.4068515951235306,0.232179577491171,1,O,ONOO,3500,14400,113.631
1757,9464.876816760823,1591.7372673231614,0.11493357670062122,0.35276296353293674,0.14396245136321925,2,N,ONOO,3500,14400,113.631
1758,6739.470587214324,2725.406229549775,0.07164935916821327,0.22196815658872945,0.28794946646569186,3,O,ONOO,3500,14400,113.631
1759,4249.509399158434,2489.9611881692904,0.0389906539837811,0.12738656072051532,0.3694594636102544,4,O,ONOO,3500,14400,113.631
1760,11179.802028209064,3320.1979717930535,0.14994006564318205,0.4078671679906771,0.22897917046848645,1,O,ONOO,3500,14500,112.8225
1761,9596.800038475556,1583.0019897106718,0.11611206894898533,0.35501910031837997,0.14159481408672664,2,N,ONOO,3500,14500,112.8225
1762,6884.416771821817,2712.3832666542544,0.07306199190090538,0.22537932334584965,0.28263413385500885,3,O,ONOO,3500,14500,112.8225
1763,4406.10780144132,2478.308970407237,0.04034509048464891,0.13122834434074815,0.35998822450015683,4,O,ONOO,3500,14500,112.8225
1764,11303.128009399838,3296.871990817993,0.1507043987851543,0.40886297292935475,0.2258131500560269,1,O,ONOO,3500,14600,112.014
1765,9728.972749881517,1574.1552594897578,0.1172865504816734,0.35724141823562794,0.1392672239207296,2,N,ONOO,3500,14600,112.014
1766,7029.755205722244,2699.217544159948,0.07447987959669242,0.228770864939997,0.2774411660463146,3,O,ONOO,3500,14600,112.014
1767,4563.139724317326,2466.6154814121296,0.04171785048595089,0.13508831948267783,0.35088213020622633,4,O,ONOO,3500,14600,112.014
1768,11426.591043771672,3273.4089563387656,0.15146507696437975,0.40983895462070574,0.2226808813835895,1,O,ONOO,3500,14700,111.2055
1769,9861.39377363805,1565.1972701151747,0.11845696332299648,0.3594299210701768,0.1369784972717932,2,N,ONOO,3500,14700,111.2055
1770,7175.487690707003,2685.9060829312493,0.07590276078792292,0.23214193481816778,0.2723657674142718,3,O,ONOO,3500,14700,111.2055
1771,4720.612410854025,2454.8752798559995,0.04310857388603086,0.13896447593421576,0.3421196419910686,4,O,ONOO,3500,14700,111.2055
1772,11550.190159225067,3249.80984075993,0.1522220994088177,0.4107950524964922,0.21958174599729258,1,O,ONOO,3500,14800,110.397
1773,9994.061921755794,1556.128237470303,0.11962325066285817,0.36158460889936167,0.13472749937605424,2,N,ONOO,3500,14800,110.397
1774,7321.615943206718,2672.445978548956,0.07733037571067863,0.2354917060102338,0.2674033840766369,3,O,ONOO,3500,14800,110.397
1775,4878.533081901426,2443.0828613052677,0.04451689546693814,0.14285482083811568,0.33368082678142325,4,O,ONOO,3500,14800,110.397
1776,11673.92437499738,3226.075625206477,0.15297546517408192,0.4117311997853194,0.2165151426313072,1,O,ONOO,3500,14900,109.5885
1777,10126.975975980919,1546.948399016899,0.12078535670066746,0.3637054774727096,0.13251314205273376,2,N,ONOO,3500,14900,109.5885
1778,7468.141574600343,2658.8344013805313,0.07876246619432425,0.2388193702188784,0.26254968982712446,3,O,ONOO,3500,14900,109.5885
1779,5036.908840960657,2431.232733639736,0.04594244493905288,0.146757377965428,0.3255472207313964,4,O,ONOO,3500,14900,109.5885
1780,11797.792681315492,3202.207318691928,0.1537251730410462,0.41264732272513477,0.2134804879127952,1,O,ONOO,3500,15000,108.78
1781,10260.13466948685,1537.6580118459533,0.12194322650149744,0.36579251766639953,0.13033438147130583,2,N,ONOO,3500,15000,108.78
1782,7615.068233306841,2645.0664102955375,0.08019880762782897,0.2421242580993653,0.25780035988824185,3,O,ONOO,3500,15000,108.78
1783,5195.748632519155,2419.3196007876927,0.04738487129407532,0.15067025950951124,0.3177016313794872,4,O,ONOO,3500,15000,108.78
1784,11929.414999267294,3170.585000935183,0.15461005234363528,0.41364370175709686,0.20997251661822403,1,O,ONOO,3500,15100,107.7363
1785,10404.44084481797,1524.974154550837,0.12331119003669966,0.3681527934860746,0.1278331045272967,2,N,ONOO,3500,15100,107.7363
1786,7778.448350085089,2625.992482864077,0.08190626555983241,0.24595669373212073,0.2523915049381993,3,O,ONOO,3500,15100,107.7363
1787,5375.649873671369,2402.798476700882,0.04911323558350924,0.155272306706425,0.3089046000639186,4,O,ONOO,3500,15100,107.7363
1788,12061.219456357127,3138.780543919077,0.15549172700632402,0.414613294946012,0.20649871999467612,1,O,ONOO,3500,15200,106.6926
1789,10549.082036216565,1512.1374204873646,0.12467609474851796,0.3704699606569144,0.12537185198884346,2,N,ONOO,3500,15200,106.6926
1790,7942.387172558483,2606.6948594259893,0.08362281773292327,0.24976210653058628,0.24710158196484006,3,O,ONOO,3500,15200,106.6926
1791,5556.211524255068,2386.17564838707,0.05086824753578451,0.15989185155761565,0.3004355739079905,4,O,ONOO,3500,15200,106.6926
1792,12193.20485951307,3106.7951388287183,0.15637016038044796,0.4155557482674298,0.2030585058057986,1,O,ONOO,3500,15300,105.6489
1793,10694.056983651588,1499.147876744893,0.12603781090494742,0.3727436588777156,0.12294945373408259,2,N,ONOO,3500,15300,105.6489
1794,8106.887832428405,2587.1691505160325,0.08534806913513175,0.25353901773073484,0.24192588037179308,3,O,ONOO,3500,15300,105.6489
1795,5737.448548339942,2369.4392841138547,0.05264940700917441,0.1645258268389549,0.2922748325980098,4,O,ONOO,3500,15300,105.6489
1796,12325.370039822215,3074.6299571735535,0.1572453154433233,0.4164706929892725,0.19965129592036063,1,O,ONOO,3500,15400,104.6052
1797,10839.364393034477,1486.0056482787825,0.12739620933940912,0.3749735140979447,0.12056478981788177,2,N,ONOO,3500,15400,104.6052
1798,8271.953606015928,2567.4107871949846,0.08708162422695957,0.2572859718382999,0.23685990193713183,3,O,ONOO,3500,15400,104.6052
1799,5919.372946946594,2352.5806590765956,0.054456192508395694,0.16917109341849793,0.28440447941652364,4,O,ONOO,3500,15400,104.6052
1800,12457.713806682883,3042.2861937541406,0.15811715451626546,0.41735774315012797,0.1962765286292994,1,O,ONOO,3500,15500,103.5615
1801,10985.002883280802,1472.7109245568263,0.1287511610483468,0.377159136475242,0.11821678900399825,2,N,ONOO,3500,15500,103.5615
1802,8437.587767353607,2547.4151153238804,0.08882308714817626,0.2610015393683867,0.23189935791469402,3,O,ONOO,3500,15500,103.5615
1803,6101.996975458867,2335.590791897419,0.0562880684096275,0.17382452942772048,0.27680788114989424,4,O,ONOO,3500,15500,103.5615
1804,12590.23497571507,3009.765040749091,0.15898563937675467,0.4182164957263319,0.19293365645827507,1,O,ONOO,3500,15600,102.5178
1805,11130.971074716434,1459.2639017120052,0.1301025374489274,0.37930012134803265,0.11590442152404114,2,N,ONOO,3500,15600,102.5178
1806,8603.793460714554,2527.1776118350363,0.09057206051075294,0.26468430512442526,0.22704017420146042,3,O,ONOO,3500,15600,102.5178
1807,6285.332803809637,2318.4606569045036,0.0581444838958454,0.1784830243792237,0.26946958542074917,4,O,ONOO,3500,15600,102.5178
1808,12722.932385629045,2977.067672072002,0.1598507313105565,0.4190465302920223,0.1896221447179619,1,O,ONOO,3500,15700,101.4741
1809,11277.267548081272,1445.6648378427026,0.13145021033798876,0.38139604694103174,0.11362670130005774,2,N,ONOO,3500,15700,101.4741
1810,8770.57365778442,2506.693887298202,0.09232814477056912,0.2683328653010686,0.22227847983660667,3,O,ONOO,3500,15700,101.4741
1811,6469.3923982082915,2301.1812595761135,0.06002487265530455,0.1831434780650032,0.26237522759228804,4,O,ONOO,3500,15700,101.4741
1812,12855.804474332617,2944.195630642513,0.1607123874300557,0.4198473898849913,0.18634149561028565,1,O,ONOO,3500,15800,100.4304
1813,11423.890452128158,1431.914022243305,0.13279404807474424,0.383446464989683,0.11138268516001523,2,N,ONOO,3500,15800,100.4304
1814,8937.930793978807,2485.9596557241334,0.09409093580609407,0.2719458197904152,0.21761060000895086,3,O,ONOO,3500,15800,100.4304
1815,6654.187142066002,2283.7436519128178,0.061928650719129216,0.18780279514978107,0.25551144941190435,4,O,ONOO,3500,15800,100.4304
1816,12988.849142809317,2911.150857190685,0.1615705728577762,0.4206186018180811,0.18309124887991732,1,O,ONOO,3500,15900,99.38669999999999
1817,11570.837328051994,1418.0118146714694,0.1341339253394241,0.3854509218127323,0.10917147463033605,2,N,ONOO,3500,15900,99.38669999999999
1818,9105.866499872694,2464.970828176877,0.09586002993227864,0.275521782403432,0.21303305528294614,3,O,ONOO,3500,15900,99.38669999999999
1819,6839.728713390684,2266.1377788990335,0.06385523325553699,0.1924579483480209,0.2488656932243313,4,O,ONOO,3500,15900,99.38669999999999
1820,13122.06621352367,2877.933786476326,0.16242523629555533,0.42135969224889247,0.17987086165477037,1,O,ONOO,3500,16000,98.343
1821,11718.107546694715,1403.9586604781741,0.1354697064089231,0.38740891724837373,0.10699219449382498,2,N,ONOO,3500,16000,98.343
1822,9274.383953217026,2443.723593109275,0.09763501721496155,0.2790593585209073,0.20854251280519845,3,O,ONOO,3500,16000,98.343
1823,7026.025884095129,2248.3580671514787,0.0658039712895261,0.19710572917307373,0.2424266752910942,4,O,ONOO,3500,16000,98.343
1824,13266.800578633654,2833.1994213658977,0.1634797900994371,0.42215391443789835,0.17597511933949675,1,O,ONOO,3500,16100,96.96119999999999
1825,11882.111484951707,1384.6890675113132,0.13711948722050346,0.3896793356663856,0.10437249428029935,2,N,ONOO,3500,16100,96.96119999999999
1826,9467.87057589954,2414.240910800719,0.09984114939572442,0.2833130466630861,0.20318281930431925,3,O,ONOO,3500,16100,96.96119999999999
1827,7244.3426807845835,2223.5278949018325,0.06824510505625901,0.20278232541190666,0.2348498405292761,4,O,ONOO,3500,16100,96.96119999999999
1828,13411.787831172278,2788.21216882465,0.16453152665239462,0.42290112860797147,0.17211186227312653,1,O,ONOO,3500,16200,95.5794
1829,12046.595159625691,1365.192607260544,0.13876687050338307,0.39188138921652366,0.10179050134445926,2,N,ONOO,3500,16200,95.5794
1830,9662.244004756532,2384.35116724882,0.10206086422045833,0.28751270106702326,0.1979273924004686,3,O,ONOO,3500,16200,95.5794
1831,7463.843214069772,2198.400789494025,0.07072490283843758,0.2084503300786838,0.2275248677648583,4,O,ONOO,3500,16200,95.5794
1832,13557.025847533727,2742.974152453455,0.16558031197397602,0.4235998467837198,0.16828062284990522,1,O,ONOO,3500,16300,94.1976
1833,12211.55610037863,1345.4696221863885,0.14041154372177803,0.39401340203135005,0.09924519118853449,2,N,ONOO,3500,16300,94.1976
1834,9857.507119445158,2354.048981208537,0.10429340705482609,0.29165512039592184,0.19277223654858758,3,O,ONOO,3500,16300,94.1976
1835,7684.547554958614,2172.959561941116,0.0732423269117571,0.2141037647084967,0.22043702688833808,4,O,ONOO,3500,16300,94.1976
1836,13702.512351792779,2697.487648170235,0.16662600700229174,0.4242484971740095,0.16448095415672165,1,O,ONOO,3500,16400,92.8158
1837,12376.99155559935,1325.520585749727,0.142053187674111,0.39607361139807035,0.09673558773156672,2,N,ONOO,3500,16400,92.8158
1838,10053.668371498976,2323.32318299582,0.10653801589417984,0.29573721455875035,0.1877130781385036,3,O,ONOO,3500,16400,92.8158
1839,7906.481104319627,2147.187265612669,0.07579630817558757,0.2197366626122458,0.21357251763940258,4,O,ONOO,3500,16400,92.8158
1840,13848.244906760288,2651.7550931579785,0.16766846725639176,0.4248454184583752,0.16071242988836235,1,O,ONOO,3500,16500,91.43400000000001
1841,12542.900743244692,1305.3441635149525,0.14369151006733094,0.39806026932157906,0.09426062091649777,2,N,ONOO,3500,16500,91.43400000000001
1842,10250.732067567764,2292.1686424658737,0.10879392332236026,0.29975575652447967,0.1827462952459686,3,O,ONOO,3500,16500,91.43400000000001
1843,8129.664683438771,2121.0673839334254,0.07838572446242499,0.22534300170727167,0.20691862492867794,4,O,ONOO,3500,16500,91.43400000000001
1844,13994.220904388947,2605.779095464694,0.16870754247160274,0.42538885362711837,0.15697464430510205,1,O,ONOO,3500,16600,90.0522
1845,12709.276798449322,1284.9441059384524,0.1453261231217775,0.3999712442033573,0.0918196243090218,2,N,ONOO,3500,16600,90.0522
1846,10448.701314200216,2260.575484249046,0.11106031566779745,0.3037075573499256,0.177868144670896,3,O,ONOO,3500,16600,90.0522
1847,8354.118673596817,2094.5826424825877,0.08100938074134573,0.23091668213732006,0.20046344320666565,4,O,ONOO,3500,16600,90.0522
1848,14140.437555559565,2559.562444258067,0.1697430762058122,0.4258769433382556,0.15326721223102197,1,O,ONOO,3500,16700,88.6704
1849,12876.11745336207,1264.3201021955915,0.1469567065007001,0.40180453923998743,0.08941166758298094,2,N,ONOO,3500,16700,88.6704
1850,10647.578571820373,2228.538881541701,0.11333633538202958,0.30758910383726373,0.1730753769227081,3,O,ONOO,3500,16700,88.6704
1851,8579.863525216992,2067.7150613544763,0.08366601047669436,0.23645152623827145,0.19419580211662787,4,O,ONOO,3500,16700,88.6704
1852,14286.891879249422,2513.1081207064303,0.17077490541498083,0.42630771875203755,0.14958976908966848,1,O,ONOO,3500,16800,87.28859999999999
1853,13043.418638318855,1243.4732409271387,0.1485829083514349,0.4035579670792269,0.08703595235666234,2,N,ONOO,3500,16800,87.28859999999999
1854,10847.366882166201,2196.05175615372,0.11562114863293982,0.3113970586745814,0.1683647375774765,3,O,ONOO,3500,16800,87.28859999999999
1855,8806.911878561668,2040.455003129767,0.08635431362871586,0.24194122612707936,0.18810601921139147,4,O,ONOO,3500,16800,87.28859999999999
1856,14433.580691190118,2466.4193094317325,0.1718028599960093,0.4266790938007804,0.14594197097229186,1,O,ONOO,3500,16900,85.9068
1857,13211.17590202423,1222.404789162086,0.1502043669199356,0.4052292125242282,0.08469172101613082,2,N,ONOO,3500,16900,85.9068
1858,11048.06789496343,2163.1080070613057,0.11791388168846878,0.31512792692399677,0.1637331924957469,3,O,ONOO,3500,16900,85.9068
1859,9035.28824510236,2012.7796312588137,0.08907293663736987,0.24737965448689483,0.18218385788309605,4,O,ONOO,3500,16900,85.9068
1860,14580.500576887962,2419.499423692177,0.17282676216490606,0.42698885631820926,0.14232349551130452,1,O,ONOO,3500,17000,84.52499999999999
1861,13379.384376019658,1201.116200864809,0.1518207096424394,0.4068158222732648,0.08237825543306368,2,N,ONOO,3500,17000,84.52499999999999
1862,11249.682420218545,2129.70195580239,0.12021363710399041,0.31877812229109487,0.1591778736560951,3,O,ONOO,3500,17000,84.52499999999999
1863,9265.006994782261,1984.6754254361929,0.09182049169304671,0.25276059539472107,0.17642057360385796,4,O,ONOO,3500,17000,84.52499999999999
1864,4052.632039693637,3947.3679603075675,0.10266821359773562,0.31816732584370855,0.49342099503844594,1,O,OONO,3500,8000,144.207
1865,815.053471001555,3237.578568746584,0.03395001284000439,0.11996786870435157,0.7988829326314393,2,O,OONO,3500,8000,144.207
1866,0.000811557520169812,815.0534709263243,0.006136506776791406,0.03378776180176946,0.9999999999076985,3,N,OONO,3500,8000,144.207
1867,7.990577048156691e-11,0.0008115575201697594,0.0006090572031329156,0.005974848502577401,0.9999999999999352,4,O,OONO,3500,8000,144.207
1868,4153.753050069004,3946.246949931763,0.10348237152389636,0.32006607788485775,0.48719098147305717,1,O,OONO,3500,8100,143.89829999999998
1869,915.3341567943388,3238.4188932788775,0.034854491599338205,0.12287993677289934,0.7796368378772733,2,O,OONO,3500,8100,143.89829999999998
1870,0.0007893807506790147,915.3341165545033,0.006662025462548709,0.034731634248513533,0.9999999560380926,3,N,OONO,3500,8100,143.89829999999998
1871,9.18679959553996e-11,0.0007893807506790146,0.0006626205636518192,0.0064863898885952525,0.9999999999999999,4,O,OONO,3500,8100,143.89829999999998
1872,4254.993327265778,3945.006672734652,0.10428916729661566,0.3219386922246179,0.48109837472373806,1,O,OONO,3500,8200,143.5896
1873,1015.7696850319919,3239.2236422335814,0.03575921133035809,0.1257790856994441,0.7612758453642695,2,O,OONO,3500,8200,143.5896
1874,0.0006427679469151832,1015.7696847546703,0.007207225720074397,0.035671445864335925,0.9999999997269837,3,N,OONO,3500,8200,143.5896
1875,8.780631391638584e-11,0.0006427679469151831,0.0007183729647155605,0.007017064644937238,0.9999999999999998,4,O,OONO,3500,8200,143.5896
1876,4356.3514949872215,3943.6485050129954,0.10508869505737284,0.32378562758675156,0.47513837409795123,1,O,OONO,3500,8300,143.2809
1877,1116.358663475395,3239.9928315118286,0.03666401302515112,0.12866482332492077,0.7437399932581272,2,O,OONO,3500,8300,143.2809
1878,0.0005204676149631431,1116.358643087059,0.007771687862159814,0.036606372706600644,0.9999999817367512,3,N,OONO,3500,8300,143.2809
1879,8.291833614817728e-11,0.000520467614963143,0.0007762863436017217,0.007566460830619753,0.9999999999999998,4,O,OONO,3500,8300,143.2809
1880,4457.82619617404,3942.1738038259814,0.105881047318767,0.3256073317561632,0.46930640521737876,1,O,OONO,3500,8400,142.97220000000002
1881,1217.1017478426297,3240.7244483543027,0.037568745462304376,0.13153673625240117,0.7269741586461305,2,O,OONO,3500,8400,142.97220000000002
1882,0.00041214887353344803,1217.101672543428,0.008354944877339262,0.037535619939056304,0.9999999381323692,3,N,OONO,3500,8400,142.97220000000002
1883,7.611693792483765e-11,0.0004121488735323855,0.0008363278267980351,0.00813412260425101,0.999999999997422,4,O,OONO,3500,8400,142.97220000000002
1884,4559.416092591702,3940.583907408241,0.10666631500279795,0.32740424189747075,0.4635981067539107,1,O,OONO,3500,8500,142.6635
1885,1317.997588930208,3241.41850366744,0.038473261264607324,0.1343943852784873,0.7109284254477694,2,O,OONO,3500,8500,142.6635
1886,0.00017555499390744275,1317.9975888725035,0.008956462965580626,0.03845839316210779,0.999999999956218,3,N,OONO,3500,8500,142.6635
1887,3.73712721731155e-11,0.00017555499390744272,0.0008984574945676722,0.00871952914499602,0.9999999999999999,4,O,OONO,3500,8500,142.6635
1888,4661.121714193853,3938.87829192092,0.10744458958712713,0.3291768601207014,0.4580091037117349,1,O,OONO,3500,8600,142.35479999999998
1889,1419.0494935050065,3242.07222068948,0.03937743209211668,0.13723746857535335,0.6955562243347685,2,O,OONO,3500,8600,142.35479999999998
1890,0.0004320485376886063,1419.049110676766,0.009575665695957702,0.039373909272242755,0.9999997302220661,3,N,OONO,3500,8600,142.35479999999998
1891,1.054593765403283e-10,0.00043204853768860624,0.0009626291034334857,0.009322098028082815,0.9999999999999999,4,O,OONO,3500,8600,142.35479999999998
1892,4762.937283505496,3937.0627202015676,0.1082159538486537,0.33092542108082085,0.4525359448507549,1,O,OONO,3500,8700,142.0461
1893,1520.2529281064622,3242.6843553989793,0.040281096943031065,0.14006554320442097,0.6808160935960049,2,O,OONO,3500,8700,142.0461
1894,28.15722400051597,1492.0957041238469,0.010244533026032121,0.04084791459649319,0.9814785925012581,3,N,OONO,3500,8700,142.0461
1895,7.890044640440193e-06,28.157224000515548,0.001048559538335009,0.009978057300940554,0.999999999999985,4,O,OONO,3500,8700,142.0461
1896,4864.864461603821,3935.135540604407,0.10898049745771651,0.3326504518565206,0.4471744932505008,1,O,OONO,3500,8800,141.73739999999998
1897,1621.612233845773,3243.252227876406,0.04118414408248595,0.14287837512367466,0.6666685687697842,2,O,OONO,3500,8800,141.73739999999998
1898,129.29765274028105,1492.3145810866947,0.011009416864212095,0.04379855308688429,0.9202659858747863,3,N,OONO,3500,8800,141.73739999999998
1899,4.164031668388766e-05,129.297652740281,0.0011932041588660507,0.010742024396481,0.9999999999999996,4,O,OONO,3500,8800,141.73739999999998
1900,4966.9018545779245,3933.098146727905,0.10973830520446513,0.3343523448875228,0.44192114008178707,1,O,OONO,3500,8900,141.4287
1901,1723.122938568561,3243.778916029397,0.04208644466394734,0.1456755469921894,0.653078923441914,2,O,OONO,3500,8900,141.4287
1902,230.56284373709843,1492.5600948312517,0.011782537146602557,0.04676763310707408,0.8661947800840936,3,N,OONO,3500,8900,141.4287
1903,8.946672166684788e-05,230.56284373699336,0.0013486860224186093,0.011516152409457978,0.9999999999995443,4,O,OONO,3500,8900,141.4287
1904,5069.048135438146,3930.951865329417,0.1104894605082679,0.33603148547221795,0.43677242948104633,1,O,OONO,3500,9000,141.11999999999998
1905,1824.7887865067958,3244.259348932074,0.0429878811630102,0.14845687028901203,0.6400135217204155,2,O,OONO,3500,9000,141.11999999999998
1906,331.96090477807047,1492.8278817276512,0.012563500169251701,0.049753366394384164,0.8180825598919755,3,N,OONO,3500,9000,141.11999999999998
1907,0.00013407155235378287,331.96090380129664,0.0015152269398755074,0.012299974088582489,0.9999999970575636,4,O,OONO,3500,9000,141.11999999999998
1908,5172.507600039193,3927.4924003860788,0.1112580533911296,0.33772614472734847,0.43159257147099767,1,O,OONO,3500,9100,140.7672
1909,1928.7174462984015,3243.7901537398297,0.04391646021955461,0.15129853052664613,0.6271213895780938,2,O,OONO,3500,9100,140.7672
1910,436.0136502541541,1492.7037960538219,0.01337507637882756,0.05283749172355613,0.773935963984057,3,N,OONO,3500,9100,140.7672
1911,0.00019182932268201603,436.01365025414873,0.0016984792093060752,0.013116286825739289,0.9999999999999878,4,O,OONO,3500,9100,140.7672
1912,5276.079929472002,3923.9200707660398,0.11202024409786922,0.33939841048621133,0.4265130511702217,1,O,OONO,3500,9200,140.4144
1913,2032.8092377429948,3243.2706917285577,0.044844533524559534,0.1541244709631612,0.6147121982765573,2,O,OONO,3500,9200,140.4144
1914,540.2083226426065,1492.6009151003914,0.014194782016195057,0.055937418888312704,0.7342552795350386,3,N,OONO,3500,9200,140.4144
1915,0.00026548834432188473,540.2083218902336,0.0018940144664755213,0.01394248903030933,0.9999999986072542,4,O,OONO,3500,9200,140.4144
1916,5379.763902213156,3920.2360979174596,0.11277610610262943,0.34104863586143197,0.4215307632169311,1,O,OONO,3500,9300,140.06159999999997
1917,2137.064148068147,3242.6997541449477,0.04577198044186429,0.15693440800451117,0.6027587479835218,2,O,OONO,3500,9300,140.06159999999997
1918,644.5490015476531,1492.5151465245908,0.015022227932261623,0.059051391118654886,0.698395108014791,3,N,OONO,3500,9300,140.06159999999997
1919,0.0003307755775756807,644.5490015418192,0.002102056358636723,0.014778089654180242,0.9999999999909488,4,O,OONO,3500,9300,140.06159999999997
1920,5483.558318992812,3916.4416810759285,0.11352571176338108,0.3426771664462609,0.4166427320293541,1,O,OONO,3500,9400,139.7088
1921,2241.4843736733906,3242.073945792983,0.04669868731596079,0.1597281451033457,0.591235427288839,2,O,OONO,3500,9400,139.7088
1922,749.0384834984866,1492.4458901749176,0.015857046004425977,0.062177691535289306,0.6658292637253886,3,N,OONO,3500,9400,139.7088
1923,0.0006920953244495885,749.0384834969852,0.002322813495579792,0.015622590827063118,0.9999999999979956,4,O,OONO,3500,9400,139.7088
1924,5587.461999450087,3912.5380005879115,0.11426913234134048,0.3442843403936629,0.4118461053250433,1,O,OONO,3500,9500,139.356
1925,2346.063876416975,3241.3981232001424,0.04762453488698164,0.1625052541332884,0.5801199405954184,2,O,OONO,3500,9500,139.356
1926,853.6744587494242,1492.3894176723713,0.016698844701106864,0.06531460155929357,0.6361248014916041,3,N,OONO,3500,9500,139.356
1927,0.0004908401454146961,853.6744571385107,0.0025564720023323337,0.016475470387841133,0.9999999981129651,4,O,OONO,3500,9500,139.356
1928,5691.473780058644,3908.526219960616,0.1150064380217577,0.3458704885435567,0.40713814791256414,1,O,OONO,3500,9600,139.0032
1929,2450.807473332054,3240.666306772172,0.04854942085826342,0.16526565529217646,0.569389657583344,2,O,OONO,3500,9600,139.0032
1930,958.4615609596774,1492.3459123721088,0.01754729503438766,0.06846058595702399,0.6089200920964853,3,N,OONO,3500,9600,139.0032
1931,0.0005710802407393857,958.4615570591931,0.002803216623496071,0.017336253062845412,0.999999995930474,4,O,OONO,3500,9600,139.0032
1932,5795.592512860426,3904.4074871495145,0.11573769793457706,0.3474359345733274,0.40251623578860973,1,O,OONO,3500,9700,138.65039999999996
1933,2555.7142979950304,3239.8782148785963,0.04947324011776689,0.16800911384697403,0.5590245014102188,2,O,OONO,3500,9700,138.65039999999996
1934,1063.402561286821,1492.3117367082496,0.01840205741920549,0.07161417384526934,0.5839118002661624,3,N,OONO,3500,9700,138.65039999999996
1935,0.0006988419042521007,1063.4025061070288,0.003063212621439585,0.018204442075335656,0.9999999481101567,4,O,OONO,3500,9700,138.65039999999996
1936,5899.817064630282,3900.1829353753415,0.11646298017473934,0.34898099516058445,0.3979778505485042,1,O,OONO,3500,9800,138.2976
1937,2660.7839773794994,3239.0330872539425,0.050395891919104964,0.1707354266040294,0.5490056813239377,2,O,OONO,3500,9800,138.2976
1938,1168.4986912280524,1492.2852861558713,0.01926280401154829,0.07477391852019145,0.5608442093918364,3,N,OONO,3500,9800,138.2976
1939,0.0007144900277152832,1168.498691223061,0.0033366098344848587,0.019079548625137433,0.9999999999957284,4,O,OONO,3500,9800,138.2976
1940,6004.146316308737,3895.8536836935014,0.11718235182277989,0.350505980151877,0.39352057411045466,1,O,OONO,3500,9900,137.9448
1941,2766.016281796737,3238.130034513136,0.05131727935242228,0.173444410751286,0.5393156435441253,2,O,OONO,3500,9900,137.9448
1942,1273.7505815966724,1492.2657002006185,0.020129217935703575,0.07793841743986812,0.5394999696933378,3,N,OONO,3500,9900,137.9448
1943,0.0008064179654535125,1273.7505523139662,0.003623537588544764,0.01996106398567676,0.9999999770106435,4,O,OONO,3500,9900,137.9448
1944,6108.579162624526,3891.4208373768633,0.11789587896433876,0.3520111927305935,0.38914208373768633,1,O,OONO,3500,10000,137.59199999999998
1945,2871.411005912927,3237.1681567117803,0.05223730908559771,0.17613589957742953,0.529937988938322,2,O,OONO,3500,10000,137.59199999999998
1946,1379.160621746798,1492.2503841663615,0.021000996593628862,0.08110638669578657,0.5196923676525089,3,N,OONO,3500,10000,137.59199999999998
1947,0.0008455868461110655,1379.1606056190067,0.003924117218342803,0.0208485148127772,0.9999999883060819,4,O,OONO,3500,10000,137.59199999999998
1948,6214.765950329079,3885.2340496716174,0.11863617687134281,0.35354470539826455,0.38467663858134826,1,O,OONO,3500,10100,137.1804
1949,2979.845044445986,3234.9209058831234,0.053197169117888375,0.17891527136530497,0.5205217592646157,2,O,OONO,3500,10100,137.1804
1950,1488.1519254662976,1491.6931190160522,0.021915712795696072,0.08440435495511635,0.5005941908947109,3,N,OONO,3500,10100,137.1804
1951,0.0008846063152657853,1488.1519076590473,0.004252168516456527,0.021779851842509714,0.9999999880339836,4,O,OONO,3500,10100,137.1804
1952,6321.063076506042,3878.9369234942737,0.11937085333849029,0.35505844351459775,0.3802879336759092,1,O,OONO,3500,10200,136.7688
1953,3088.4551357792234,3232.607940726797,0.05415621247297639,0.18167735514816646,0.5114025760542823,2,O,OONO,3500,10200,136.7688
1954,1597.3150126534367,1491.14012313363,0.022836539472303588,0.08770596505515234,0.48281100342337085,3,N,OONO,3500,10200,136.7688
1955,0.000904015450411199,1597.3149825471642,0.004595550705356147,0.022717477873502014,0.9999999811519504,4,O,OONO,3500,10200,136.7688
1956,6427.469464335395,3872.5305356647086,0.12009996479437476,0.35655268070794405,0.37597383841404936,1,O,OONO,3500,10300,136.35719999999998
1957,3197.2423461657945,3230.227118357061,0.05511433920132178,0.18442199006588475,0.5025659221379232,2,O,OONO,3500,10300,136.35719999999998
1958,1706.6563249388862,1490.5860212280961,0.023763187092328674,0.09101004809276071,0.4662098958546701,3,N,OONO,3500,10300,136.35719999999998
1959,0.0008665390776631029,1706.6563236383354,0.0049543823529149215,0.023660859456938972,0.9999999992379539,4,O,OONO,3500,10300,136.35719999999998
1960,6533.984048222387,3866.015951777686,0.12082356692340573,0.3580276849183476,0.3717323030555467,1,O,OONO,3500,10400,135.94559999999998
1961,3306.2035956474674,3227.7804526532823,0.05607144933844704,0.1871489165282275,0.4939988265706619,2,O,OONO,3500,10400,135.94559999999998
1962,1816.1735894900737,1490.0300061573994,0.024695348839638257,0.09431527316879247,0.45067702670186005,3,N,OONO,3500,10400,135.94559999999998
1963,0.0008316413840917631,1816.1735893981765,0.005328743036515892,0.024609431837804056,0.9999999999494007,4,O,OONO,3500,10400,135.94559999999998
1964,6640.605773651556,3859.3942263484983,0.12154171467882037,0.3594837185307735,0.36756135489033315,1,O,OONO,3500,10500,135.53399999999996
1965,3415.3410317531516,3225.26474193528,0.05702745016617469,0.18985803163102186,0.4856883320392866,2,O,OONO,3500,10500,135.53399999999996
1966,1925.870447466436,1489.4705842867088,0.02563275228954189,0.09762047797423822,0.43611181736722165,3,N,OONO,3500,10500,135.53399999999996
1967,0.0007726942206664974,1925.870447466434,0.005718704575742033,0.02556265710428532,0.9999999999999989,4,O,OONO,3500,10500,135.53399999999996
1968,6747.3335970483195,3852.666402951643,0.12225446229538399,0.36092103850460827,0.3634590946180795,1,O,OONO,3500,10600,135.1224
1969,3524.6542380953297,3222.6793589676713,0.05798225003275503,0.19254917605078167,0.4776226508761121,2,O,OONO,3500,10600,135.1224
1970,2035.7488312972987,1488.905406874747,0.026575124032922982,0.10092454135167761,0.4224259477092225,3,N,OONO,3500,10600,135.1224
1971,0.0006887548915242379,2035.7488312972976,0.006124311717206324,0.026519984270740316,0.9999999999999994,4,O,OONO,3500,10600,135.1224
1972,6854.16781743996,3845.8321842798487,0.12296186564440507,0.3623399425431529,0.35942356862428493,1,O,OONO,3500,10700,134.71079999999998
1973,3634.1441920279267,3220.0236254174865,0.058935767385449325,0.1952222274956219,0.46979060203696166,2,O,OONO,3500,10700,134.71079999999998
1974,2145.809095131887,1488.3350969106375,0.02752220186497754,0.10422631575949368,0.40954211453016565,3,N,OONO,3500,10700,134.71079999999998
1975,0.0005831933015545913,2145.8090925506494,0.006545583877037543,0.027480862136862592,0.9999999987970797,4,O,OONO,3500,10700,134.71079999999998
1976,6961.104277197733,3838.8957239301726,0.12366397211669115,0.3637405687424814,0.3554533077713123,1,O,OONO,3500,10800,134.29919999999998
1977,3743.807661154148,3217.296616044325,0.05988790000720904,0.19787700734409283,0.46218193090184284,2,O,OONO,3500,10800,134.29919999999998
1978,2256.051493122464,1487.7561680342296,0.02847371281216823,0.10752475418092688,0.39739118637723536,3,N,OONO,3500,10800,134.29919999999998
1979,0.0005882440821584137,2256.051361561271,0.006982511541895474,0.02844471951198147,0.9999999416851993,4,O,OONO,3500,10800,134.29919999999998
1980,7068.14392957403,3831.856071171447,0.12436083719936407,0.36512322642297795,0.3515464285478392,1,O,OONO,3500,10900,133.8876
1981,3853.6462650148906,3214.4976645596935,0.06083857540209856,0.20051342848519899,0.4547866733598645,2,O,OONO,3500,10900,133.8876
1982,2366.478614025175,1487.1676509896442,0.029429418704863566,0.11081888361893749,0.38591182187395134,3,N,OONO,3500,10900,133.8876
1983,0.0007112819061170089,2366.4782266589577,0.00743507179290762,0.029411013532301442,0.9999998363111271,4,O,OONO,3500,10900,133.8876
1984,7175.285720700409,3824.714279789394,0.1250525123063824,0.3664881502453549,0.3477012981626722,1,O,OONO,3500,11000,133.476
1985,3963.65969017412,3211.6260305266514,0.06178771314963651,0.20313138320109184,0.44759556002923206,2,O,OONO,3500,11000,133.476
1986,2477.0914715752424,1486.5682185990784,0.030389077106285987,0.11410774299013533,0.37504940756752375,3,N,OONO,3500,11000,133.476
1987,0.0012663244759071879,2477.0903990409743,0.007903210645444208,0.030379187127010814,0.9999995670187071,4,O,OONO,3500,11000,133.476
1988,7283.801329742664,3816.1986705611357,0.1257638023631904,0.36786906301150535,0.34380168203253475,1,O,OONO,3500,11100,133.0203
1989,4076.061835712233,3207.739494030338,0.06276883627512606,0.20581125558825314,0.4403936006507837,2,O,OONO,3500,11100,133.0203
1990,2590.5138866621696,1485.5479490500688,0.03138573228767779,0.11749501777438608,0.36445667630321676,3,N,OONO,3500,11100,133.0203
1991,0.0008765085582866927,2590.5130894866343,0.008403418944563989,0.03138209497143275,0.999999692271275,4,O,OONO,3500,11100,133.0203
1992,7392.423922628294,3807.576077555798,0.1264700603703565,0.369232199061663,0.33996214978176764,1,O,OONO,3500,11200,132.5646
1993,4188.650099792963,3203.7738228353437,0.06374876522557717,0.20847259041567742,0.4333861066907372,2,O,OONO,3500,11200,132.5646
1994,2704.137869596669,1484.51223035461,0.032386803601759995,0.12087664777863878,0.35441304357888154,3,N,OONO,3500,11200,132.5646
1995,0.007076060979151699,2704.130815029906,0.008920393088865868,0.03238656604956561,0.9999973911956034,4,O,OONO,3500,11200,132.5646
1996,7501.152499468033,3798.8475006366984,0.1271713313362843,0.3705777720019438,0.33618119474661046,1,O,OONO,3500,11300,132.1089
1997,4301.42427395288,3199.7282255151745,0.0647274150469348,0.21111526605716752,0.42656488129551995,2,O,OONO,3500,11300,132.1089
1998,2817.9617154056473,1483.4625585842996,0.033392044191816656,0.12425157839616419,0.34487706027218795,3,N,OONO,3500,11300,132.1089
1999,94.67540086445031,2723.286314537862,0.009497270682253594,0.03422274838874773,0.9664028789496323,4,O,OONO,3500,11300,132.1089
2000,7609.986075322492,3790.0139247442175,0.1278676597524125,0.3719059912797532,0.33245736181966823,1,O,OONO,3500,11400,131.6532
2001,4414.385991811513,3195.600085704933,0.06570470653893397,0.21373923611813073,0.41992193600295274,2,O,OONO,3500,11400,131.6532
2002,2931.99084637394,1482.3951454550388,0.034401234375298524,0.12761902954625293,0.33581004203185105,3,N,OONO,3500,11400,131.6532
2003,214.47526795042936,2717.515578419324,0.010101079845007816,0.036319082468864144,0.9268499530890888,4,O,OONO,3500,11400,131.6532
2004,7718.92367804255,3781.0763219922633,0.12855908960032242,0.3732170622079451,0.3287892453906316,1,O,OONO,3500,11500,131.1975
2005,4527.5303165988935,3191.3933625678674,0.06668055166837054,0.21634423482630566,0.41345056586661005,2,O,OONO,3500,11500,131.1975
2006,3046.2213626559173,1481.30895394318,0.035414124657172225,0.130978048270083,0.3271781413616128,3,N,OONO,3500,11500,131.1975
2007,334.40068968613684,2711.8206729722615,0.010719983814972849,0.03845921441356348,0.8902244289324722,4,O,OONO,3500,11500,131.1975
2008,7827.964346887641,3772.0356531330185,0.12924566435657345,0.37451118600162725,0.3251754873390533,1,O,OONO,3500,11600,130.74179999999998
2009,4640.86029497247,3187.104052470415,0.06765487855199033,0.21893028545801435,0.4071434042411794,2,O,OONO,3500,11600,130.74179999999998
2010,3160.657427185298,1480.2028677881208,0.03643050906989287,0.13432785788610727,0.3189501027194574,3,N,OONO,3500,11600,130.74179999999998
2011,454.4576904462706,2706.1997367372296,0.01135371758329869,0.0406417048761441,0.856214189320485,4,O,OONO,3500,11600,130.74179999999998
2012,7937.107131440277,3762.8928685709375,0.12992742699829138,0.37578855982914094,0.32161477509153313,1,O,OONO,3500,11700,130.28609999999998
2013,4754.375392503945,3182.7317392146165,0.06862761155299055,0.22149729583840538,0.4009939246765684,2,O,OONO,3500,11700,130.28609999999998
2014,3275.2997500505357,1479.0756424539575,0.03745017159020304,0.13766766492644597,0.31109778264164073,3,N,OONO,3500,11700,130.28609999999998
2015,574.6428584118804,2700.6568916391066,0.012001998795559814,0.042865006325386965,0.8245525899110263,4,O,OONO,3500,11700,130.28609999999998
2016,8046.351090914815,3753.648909091753,0.13060442001046377,0.37704937687450896,0.3181058397535384,1,O,OONO,3500,11800,129.83039999999997
2017,4868.075170496494,3178.275920544535,0.06959867748775342,0.22404518631845077,0.39499592854370297,2,O,OONO,3500,11800,129.83039999999997
2018,3390.149120177676,1477.9260503189116,0.03847290266102324,0.14099671402528297,0.30359556879401645,3,N,OONO,3500,11800,129.83039999999997
2019,694.9691635215993,2695.179956654039,0.012664553579135195,0.04512774798297003,0.7950033644870423,4,O,OONO,3500,11800,129.83039999999997
2020,8155.695293631093,3744.304706371062,0.13127668539172643,0.3782938264005645,0.31464745431689595,1,O,OONO,3500,11900,129.3747
2021,4981.959231513024,3173.736062174442,0.07056800547861611,0.2265738875217301,0.38914353073647334,2,O,OONO,3500,11900,129.3747
2022,3505.2063351776624,1476.7528963353636,0.039498498712292746,0.14431428504773797,0.2964201085778201,3,N,OONO,3500,11900,129.3747
2023,815.4363639549969,2689.7699712224276,0.013341100784037375,0.047428430891505086,0.7673642330918861,4,O,OONO,3500,11900,129.3747
2024,8265.138816689587,3734.8611833117275,0.13194426466075498,0.37952209381740964,0.31123843194264394,1,O,OONO,3500,12000,128.91899999999998
2025,5096.02718950806,3169.111627207616,0.07153552684925808,0.22908333895411814,0.38343114344411355,2,O,OONO,3500,12000,128.91899999999998
2026,3620.4735189959256,1475.553670898623,0.04052676820605115,0.14761975883048842,0.28954980341089276,3,N,OONO,3500,12000,128.91899999999998
2027,936.053040423528,2684.420478571666,0.014031369147670593,0.04976566880030591,0.7414556312833197,4,O,OONO,3500,12000,128.91899999999998
2028,8377.29603878997,3722.703961210243,0.13265724636765194,0.3807960531398985,0.30766148439754076,1,O,OONO,3500,12100,128.3751
2029,5214.833193204975,3162.4628455965935,0.072573209900485,0.23173452974359218,0.3775040097608136,2,O,OONO,3500,12100,128.3751
2030,3741.332568573797,1473.5006247723616,0.04163306461770593,0.15113263792778622,0.2825594933108043,3,N,OONO,3500,12100,128.3751
2031,1063.9037225952488,2677.428845977274,0.014785742211263385,0.05230112258612468,0.7156350837311196,4,O,OONO,3500,12100,128.3751
2032,8489.565039992433,3710.4349600084515,0.13336572589672271,0.38205305069349466,0.30413401311544686,1,O,OONO,3500,12200,127.8312
2033,5333.849234360185,3155.715805637154,0.07360989525271219,0.23436613628510722,0.3717170185717744,2,O,OONO,3500,12200,127.8312
2034,3862.4329691378666,1471.4162652751183,0.04274340166500055,0.15463371106972718,0.2758638650294772,3,N,OONO,3500,12200,127.8312
2035,1191.932844442942,2670.5001246947854,0.015556239919296992,0.05487793434335481,0.6914036168479754,4,O,OONO,3500,12200,127.8312
2036,8601.944895869556,3698.0551041307863,0.13406973498829752,0.3832932413130317,0.30065488651469807,1,O,OONO,3500,12300,127.28729999999997
2037,5453.07515692569,3148.869738945449,0.0746454963599559,0.23697803739955603,0.36606485824589036,2,O,OONO,3500,12300,127.28729999999997
2038,3983.77562410261,1469.299532841264,0.04385755823554954,0.15812216945333477,0.26944421093759857,3,N,OONO,3500,12300,127.28729999999997
2039,1320.144702558175,2663.6309215505685,0.01634257446715502,0.057494491710892014,0.668619714783907,4,O,OONO,3500,12300,127.28729999999997
2040,8714.434687673229,3685.5653123268385,0.13476930508704432,0.3845167763468051,0.297223009058616,1,O,OONO,3500,12400,126.7434
2041,5572.510779252067,3141.9239084219403,0.07567992873873393,0.23957012020070237,0.3605424816444221,2,O,OONO,3500,12400,126.7434
2042,4105.36156128147,1467.149217976545,0.044975318861337675,0.16159724587851546,0.2632833342268498,3,N,OONO,3500,12400,126.7434
2043,1448.5422728546991,2656.819288428111,0.017144455991088027,0.060149170322248736,0.6471584168091633,4,O,OONO,3500,12400,126.7434
2044,8827.033502256376,3672.9664977435705,0.13546446734439943,0.385723803703164,0.29383731981948563,1,O,OONO,3500,12500,126.1995
2045,5692.155893467172,3134.8776087896567,0.07671310992303318,0.24214227972632762,0.3551450901356969,2,O,OONO,3500,12500,126.1995
2046,4227.19181464006,1464.9640788278161,0.04609647319343521,0.16505820844387808,0.25736541764591164,3,N,OONO,3500,12500,126.1995
2047,1577.132418753188,2650.0593958871987,0.017961596448396643,0.06284040967937805,0.6269077704752434,4,O,OONO,3500,12500,126.1995
2048,8939.740432011045,3660.2595679891006,0.1361552526211514,0.38691446789643297,0.29049679111024607,1,O,OONO,3500,12600,125.65559999999999
2049,5812.010265522136,3127.7301664890583,0.07774495942177397,0.2446944186025116,0.3498681186860207,2,O,OONO,3500,12600,125.65559999999999
2050,4349.26740467258,1462.7428608504779,0.04722081578972401,0.1685043583428124,0.2516758907890657,3,N,OONO,3500,12600,125.65559999999999
2051,1705.9216109061047,2643.345793815377,0.01879370677643063,0.06556665750889246,0.6077680555984054,4,O,OONO,3500,12600,125.65559999999999
2052,9052.554574813868,3647.445425186127,0.1368416914898819,0.3880889100912424,0.28720042718001,1,O,OONO,3500,12700,125.11169999999998
2053,5932.073635524412,3120.4809392895177,0.0787753986774999,0.2472264467266487,0.3447072219781319,2,O,OONO,3500,12700,125.11169999999998
2054,4471.589297001874,1460.4843385218292,0.048348145833496524,0.17193502698204727,0.24620131647990212,3,N,OONO,3500,12700,125.11169999999998
2055,1834.9083729356876,2636.6809240702078,0.019640491658832075,0.06832626026763852,0.5896518550659512,4,O,OONO,3500,12700,125.11169999999998
2056,9165.475033977102,3634.5249660229156,0.13752381423731003,0.38924726814537114,0.2839472629705403,1,O,OONO,3500,12800,124.56779999999999
2057,6052.34571819073,3113.129315786358,0.07980435102626905,0.24973828096376485,0.33965826149171263,2,O,OONO,3500,12800,124.56779999999999
2058,4594.158399384187,1458.1873188057955,0.049478266999467904,0.17534957477584245,0.2409292837359102,3,N,OONO,3500,12800,124.56779999999999
2059,1964.1032432812608,2630.055156104394,0.02050166398198644,0.0711177522716338,0.5724781183985588,4,O,OONO,3500,12800,124.56779999999999
2060,9278.500918197467,3621.499081802531,0.13820165086662584,0.39038967665122026,0.28073636293042875,1,O,OONO,3500,12900,124.02390000000001
2061,6172.827449804949,3105.67346848391,0.08083174460671866,0.25222988458993545,0.334717159147218,2,O,OONO,3500,12900,124.02390000000001
2062,4716.976782694608,1455.8506671092257,0.05061099293939577,0.17874740806217373,0.2358482687144006,3,N,OONO,3500,12900,124.02390000000001
2063,2093.510461721977,2623.4663209726523,0.02137693674883547,0.07393959524497329,0.5561753728781292,4,O,OONO,3500,12900,124.02390000000001
2064,9391.632385002269,3608.367579638305,0.13887525136684672,0.3915163337836385,0.27756673689525424,1,O,OONO,3500,13000,123.48
2065,6293.516338367989,3098.1160466899314,0.08185751484385098,0.25470113155025326,0.3298804637665961,2,O,OONO,3500,13000,123.48
2066,4840.043089663314,1453.4732487046174,0.05174613467738796,0.18212793786013695,0.23094771993259441,3,N,OONO,3500,13000,123.48
2067,2223.1322644092875,2616.91082525416,0.022266012435628178,0.07679024786667667,0.5406792412329947,4,O,OONO,3500,13000,123.48
2068,9508.451801526891,3591.548173772003,0.1396120825846876,0.3927012225969696,0.27416398273068726,1,O,OONO,3500,13100,122.8185
2069,6420.677565103157,3087.774236479858,0.08298398573108387,0.2573638040129884,0.3247399577693621,2,O,OONO,3500,13100,122.8185
2070,4970.769720474148,1449.9078410054803,0.05299611927803584,0.1857927242271792,0.22581851000988332,3,N,OONO,3500,13100,122.8185
2071,2362.6115889844705,2608.1581315270255,0.02325690714075371,0.07993551387740712,0.5246990462632496,4,O,OONO,3500,13100,122.8185
2072,9625.394489346141,3574.605494323888,0.1403448694022846,0.3938687369921982,0.27080344653968846,1,O,OONO,3500,13200,122.157
2073,6548.087852475445,3077.3066369160306,0.08410994619982677,0.2600050955573434,0.3197070665853898,2,O,OONO,3500,13200,122.157
2074,5101.78687132116,1446.3009808238096,0.05425032152494847,0.1894390409943887,0.22087378993808834,3,N,OONO,3500,13200,122.157
2075,2502.348971793285,2599.4378995363536,0.024265208884938477,0.08311549077226744,0.5095151885212332,4,O,OONO,3500,13200,122.157
2076,9742.459504308677,3557.54048556518,0.14107362887630304,0.3950189590697342,0.2674842470349759,1,O,OONO,3500,13300,121.4955
2077,6675.747071648336,3066.712432684798,0.08523529522435325,0.26262483269805553,0.3147780528447176,2,O,OONO,3500,13300,121.4955
2078,5233.1097322582245,1442.6373393901063,0.055508720715642834,0.19306726526992424,0.21610125786774287,3,N,OONO,3500,13300,121.4955
2079,2642.365482866907,2590.744249393883,0.025290730417586227,0.0863288120636787,0.49506782428502766,4,O,OONO,3500,13300,121.4955
2080,9859.645900396115,3540.3540938099504,0.14179837793719222,0.3961519671324368,0.26420552938880226,1,O,OONO,3500,13400,120.834
2081,6803.65508533871,3055.9908150629485,0.0863599335008322,0.26522284982483474,0.30994934766776694,2,O,OONO,3500,13400,120.834
2082,5364.73685837873,1438.9182269597825,0.056771069685856206,0.19667646527424656,0.21149194203870317,3,N,OONO,3500,13400,120.834
2083,2782.6639305681815,2582.072927810622,0.026333136988112144,0.08957360462496995,0.4813046745765172,4,O,OONO,3500,13400,120.834
2084,9976.952749499276,3523.0472474771636,0.14251913348175424,0.39726783664571996,0.2609664627760862,1,O,OONO,3500,13500,120.1725
2085,6931.811754165138,3045.140995340462,0.08748376352801687,0.2677989888584104,0.30521754204892787,2,O,OONO,3500,13500,120.1725
2086,5496.668609478918,1435.143144685881,0.0580371262455637,0.20026582809153926,0.20703723580253638,3,N,OONO,3500,13500,120.1725
2087,2923.249309824735,2573.419299654274,0.027392096825842704,0.09284803370712709,0.4681779969810173,4,O,OONO,3500,13500,120.1725
2088,10094.379141890984,3505.620856651034,0.14323591240516023,0.3983666403969155,0.25776623945963484,1,O,OONO,3500,13600,119.51100000000001
2089,7060.216929629843,3034.1622122674594,0.08860668959150775,0.2703530987779078,0.3005793788422206,2,O,OONO,3500,13600,119.51100000000001
2090,5628.906220086335,1431.310709543162,0.05930667451457655,0.2038346663066687,0.20272899881253414,3,N,OONO,3500,13600,119.51100000000001
2091,3064.1289781321757,2564.7772420379883,0.02846729037914913,0.09615035121079965,0.45564398157598907,4,O,OONO,3500,13600,119.51100000000001
2092,10211.924163474225,3488.0758359148776,0.14394873138397243,0.3994484471078184,0.25460407561422466,1,O,OONO,3500,13700,118.8495
2093,7188.870429105749,3023.053734371621,0.08972861752181586,0.27288503464805075,0.2960317454358318,2,O,OONO,3500,13700,118.8495
2094,5761.4508547685755,1427.4195743370542,0.06057950207586409,0.20738231873065438,0.1985596469450648,3,N,OONO,3500,13700,118.8495
2095,3205.3043034398106,2556.146551350729,0.029558390863636656,0.09947871736169299,0.4436636909321348,4,O,OONO,3500,13700,118.8495
2096,10329.5869020197,3470.4130978738385,0.14465760698906666,0.4005133220828075,0.2514792099908579,1,O,OONO,3500,13800,118.188
2097,7317.7720391938265,3011.814862827223,0.09084945475647836,0.2753946574969223,0.29157166606907925,2,O,OONO,3500,13800,118.188
2098,5894.30361159086,1423.468427603114,0.06185539997723003,0.21090814976100247,0.1945221059058752,3,N,OONO,3500,13800,118.188
2099,3346.7845951342542,2547.519016462168,0.03066507772233509,0.10283145867475714,0.4322001688974074,4,O,OONO,3500,13800,118.188
2100,10447.366456207657,3452.633543999278,0.14536255578309693,0.40156132783695564,0.24839090244599124,1,O,OONO,3500,13900,117.5265
2101,7446.921522631772,3000.4449335763156,0.09196911040287865,0.27788183420888657,0.28719629450668877,2,O,OONO,3500,13900,117.5265
2102,6027.465529077418,1419.4559935547734,0.06313416274691856,0.2144115487860774,0.19060976931755444,3,N,OONO,3500,13900,117.5265
2103,3488.5746102008325,2538.8909188775337,0.0317870251287667,0.10620683961899345,0.42122031335219334,4,O,OONO,3500,13900,117.5265
2104,10565.261923736072,3434.73807656948,0.14606359417001474,0.4025925232475691,0.24533843404067715,1,O,OONO,3500,14000,116.865
2105,7576.318607630924,2988.9433161051556,0.09308749508380065,0.2803464369055708,0.2829029074414286,2,O,OONO,3500,14000,116.865
2106,6160.93757644002,1415.3810311913528,0.06441558821797366,0.21789192901707072,0.18681646119868436,3,N,OONO,3500,14000,116.865
2107,3630.6795447519125,2530.2580316889394,0.03292390680594927,0.10960315488612364,0.4106936647702573,4,O,OONO,3500,14000,116.865
2108,10687.888116537391,3412.1118837306262,0.1468461948615465,0.4036867323740645,0.24199375061919334,1,O,OONO,3500,14100,116.0565
2109,7714.076774574432,2973.811341963119,0.09434078529943378,0.283045406535251,0.2782412493036613,2,O,OONO,3500,14100,116.0565
2110,6304.32682644949,1409.7499481250907,0.06585514487034529,0.22172705501661813,0.1827503133974011,3,N,OONO,3500,14100,116.0565
2111,3785.4801346566533,2518.8466917927985,0.0342140540239037,0.11340735248345868,0.399542530254793,4,O,OONO,3500,14100,116.0565
2112,10810.656172104931,3389.3438280811984,0.14762514253618575,0.40476133662016445,0.23868618507614073,1,O,OONO,3500,14200,115.24799999999999
2113,7852.142841640961,2958.5133304639457,0.09559427740932758,0.28571942825165636,0.2736663976140402,2,O,OONO,3500,14200,115.24799999999999
2114,6448.10524886957,1404.037592771294,0.06729995840459373,0.22553719904221167,0.17880948183029674,3,N,OONO,3500,14200,115.24799999999999
2115,3940.686552171396,2507.4186966981565,0.03552435892678584,0.11723883686707341,0.3888613166073456,4,O,OONO,3500,14200,115.24799999999999
2116,10933.565145388537,3366.4348546707674,0.1484004370771446,0.40581630350931913,0.23541502480215157,1,O,OONO,3500,14300,114.4395
2117,7990.516987833723,2943.0481575547406,0.09684784121707406,0.2883682089022091,0.26917552677646356,2,O,OONO,3500,14300,114.4395
2118,6592.273317113635,1398.2436691676282,0.06874974711909868,0.229321353164598,0.17498788517646346,3,N,OONO,3500,14300,114.4395
2119,4096.306653296217,2495.9666641996077,0.036854432985143036,0.12109538424937544,0.37862002136956957,4,O,OONO,3500,14300,114.4395
2120,11056.614084093264,3343.3859158728624,0.14917207823702802,0.4068515951235306,0.232179577491171,1,O,OONO,3500,14400,113.631
2121,8129.201183624444,2927.4128639824507,0.09810138116405612,0.29099157856739005,0.2647657629829018,2,O,OONO,3500,14400,113.631
2122,6736.8391490212025,1392.3620346034195,0.07020433450427067,0.23307914657465162,0.1712790719718205,3,N,OONO,3500,14400,113.631
2123,4252.350695561306,2484.4884535651513,0.038203950168818133,0.1249749051560017,0.3687914166580812,4,O,OONO,3500,14400,113.631
2124,11179.802028209064,3320.1979717930535,0.14994006564318205,0.4078671679906771,0.22897917046848645,1,O,OONO,3500,14500,112.8225
2125,8268.190924124588,2911.611083209365,0.09935468769473892,0.29358896400544665,0.2604349411432098,2,O,OONO,3500,14500,112.8225
2126,6881.795730919931,1386.39519320381,0.07166333740621011,0.23680915742521977,0.16767817844634467,3,N,OONO,3500,14500,112.8225
2127,4408.821095044468,2472.9746359017545,0.03957243897512296,0.1288750153285746,0.3593501947159912,4,O,OONO,3500,14500,112.8225
2128,11303.128009399838,3296.871990817993,0.1507043987851543,0.40886297292935475,0.2258131500560269,1,O,OONO,3500,14600,112.014
2129,8407.489285640375,2895.6387131051792,0.10060768679957371,0.2961602720549743,0.25618029900193345,2,O,OONO,3500,14600,112.014
2130,7027.149120434157,1380.3401652062041,0.073126563111954,0.24051084882512158,0.1641798304237824,3,N,OONO,3500,14600,112.014
2131,4565.729008138473,2461.4201123044795,0.040959552711998304,0.13279368429434954,0.3502729300488227,4,O,OONO,3500,14600,112.014
2132,11426.591043771672,3273.4089563387656,0.15146507696437975,0.40983895462070574,0.2226808813835895,1,O,OONO,3500,14700,111.2055
2133,8547.096177408519,2879.4948614154882,0.1018602518072293,0.29870522702301294,0.2519994677664625,2,O,OONO,3500,14700,111.2055
2134,7172.900855170105,1374.1953222375969,0.07459375710052606,0.24418344194686376,0.16077920427171946,3,N,OONO,3500,14700,111.2055
2135,4723.081689539863,2449.819165631776,0.042364895519117145,0.13672877019404533,0.3415381329111761,4,O,OONO,3500,14700,111.2055
2136,11550.190159225067,3249.80984075993,0.1522220994088177,0.4107950524964922,0.21958174599729258,1,O,OONO,3500,14800,110.397
2137,8687.011366613626,2863.1787909047566,0.10311225610303308,0.3012235475446145,0.24789018634623544,2,O,OONO,3500,14800,110.397
2138,7319.052282447874,1367.9590841722356,0.0760646661164543,0.24782617758755635,0.15747177325330172,3,N,OONO,3500,14800,110.397
2139,4880.886260758897,2438.1660216892687,0.04378806694059412,0.1406781534859353,0.3331259195314586,4,O,OONO,3500,14800,110.397
2140,11673.92437499738,3226.075625206477,0.15297546517408192,0.4117311997853194,0.2165151426313072,1,O,OONO,3500,14900,109.5885
2141,8827.234566012547,2846.6898090937607,0.10436357429736214,0.30371495495407375,0.2438502869858106,2,O,OONO,3500,14900,109.5885
2142,7465.604635189382,1361.6299308258222,0.07753903916843218,0.2514383180623608,0.15425328517591438,3,N,OONO,3500,14900,109.5885
2143,5039.149701898943,2426.454933290487,0.045228662819954454,0.14463973867389915,0.3250178722100162,4,O,OONO,3500,14900,109.5885
2144,11797.792681315492,3202.207318691928,0.1537251730410462,0.41264732272513477,0.2134804879127952,1,O,OONO,3500,15000,108.78
2145,8967.765541975314,2830.0271399307444,0.10561408287593632,0.3061791788572036,0.23987768020476752,2,O,OONO,3500,15000,108.78
2146,7612.559201001708,1355.206340974467,0.07901662852867171,0.25501915102704137,0.1511197337431681,3,N,OONO,3500,15000,108.78
2147,5197.878990177208,2414.680210824457,0.046686276540774514,0.14861145793476038,0.3171969040985216,4,O,OONO,3500,15000,108.78
2148,11929.414999267294,3170.585000935183,0.15461005234363528,0.41364370175709686,0.20997251661822403,1,O,OONO,3500,15100,107.7363
2149,9122.122732541142,2807.2922667787175,0.10709562755374072,0.3090052355416866,0.2353252248288069,2,O,OONO,3500,15100,107.7363
2150,7775.978018894841,1346.144699146671,0.0807711958668356,0.2591581095317381,0.1475692378424815,3,N,OONO,3500,15100,107.7363
2151,5377.652145039897,2398.325874143091,0.048432557355528,0.15328257363628858,0.30842755320493465,4,O,OONO,3500,15100,107.7363
2152,12061.219456357127,3138.780543919077,0.15549172700632402,0.414613294946012,0.20649871999467612,1,O,OONO,3500,15200,106.6926
2153,9276.905926609463,2784.313528763337,0.10857900571801932,0.3117977171256189,0.2308484261345402,2,O,OONO,3500,15200,106.6926
2154,7939.967099323067,1336.9388272863284,0.08253372105753472,0.2632597578019941,0.1441147337121866,3,N,OONO,3500,15200,106.6926
2155,5558.097985273779,2381.8691141325216,0.05020575709984949,0.15797110810794238,0.2999847586692886,4,O,OONO,3500,15200,106.6926
2156,12193.20485951307,3106.7951388287183,0.15637016038044796,0.4155557482674298,0.2030585058057986,1,O,OONO,3500,15300,105.6489
2157,9432.115753346752,2761.089104479436,0.11006400444899113,0.3145559261027139,0.2264449040504105,2,O,OONO,3500,15300,105.6489
2158,8104.517315730453,1327.5984376204592,0.08430366700423057,0.26732172256848724,0.14075298398976857,3,N,OONO,3500,15300,105.6489
2159,5739.220332290734,2365.296983464802,0.05200521395001953,0.16267350291739718,0.2918492109177041,4,O,OONO,3500,15300,105.6489
2160,12325.370039822215,3074.6299571735535,0.1572453154433233,0.4164706929892725,0.19965129592036063,1,O,OONO,3500,15400,104.6052
2161,9587.752776494182,2737.6172617139355,0.1115504105535964,0.31727916091648994,0.22211237900922476,2,O,OONO,3500,15400,104.6052
2162,8269.635989172164,1318.1167873131562,0.08608069934554703,0.27134295885782306,0.13747922146519231,3,N,OONO,3500,15400,104.6052
2163,5921.03523675389,2348.6007524243746,0.05383040702954917,0.1673866074032572,0.2840029180848482,4,O,OONO,3500,15400,104.6052
2164,12457.713806682883,3042.2861937541406,0.15811715451626546,0.41735774315012797,0.1962765286292994,1,O,OONO,3500,15500,103.5615
2165,9743.817431085421,2713.8963753175685,0.11303800955717674,0.3199667122678952,0.2178486693009203,2,O,OONO,3500,15500,103.5615
2166,8435.326094079717,1308.4913369585422,0.08786443129395403,0.2753221114765932,0.13428939388622982,3,N,OONO,3500,15500,103.5615
2167,6103.554920277091,2331.771173804566,0.055680760835008704,0.17210717446573676,0.27642928652646936,4,O,OONO,3500,15500,103.5615
2168,12590.23497571507,3009.765040749091,0.15898563937675467,0.4182164957263319,0.19293365645827507,1,O,OONO,3500,15600,102.5178
2169,9900.309995832335,2689.924979982897,0.11452658557811156,0.3226178600300896,0.2136516899939845,2,O,OONO,3500,15600,102.5178
2170,8601.590375739557,1298.719620031413,0.08965447436437964,0.2792578400746006,0.13117969241146246,3,N,OONO,3500,15600,102.5178
2171,6286.791405786819,2314.7989699525338,0.05755568551407969,0.17683197551835347,0.26911290457184894,4,O,OONO,3500,15600,102.5178
2172,12722.932385629045,2977.067672072002,0.1598507313105565,0.4190465302920223,0.1896221447179619,1,O,OONO,3500,15700,101.4741
2173,10057.230831693912,2665.7015537667207,0.11601592246010199,0.32523188149136084,0.20951943097471107,2,O,OONO,3500,15700,101.4741
2174,8768.431580674805,1288.7992510193494,0.09145043971392147,0.2831488210668734,0.12814653184233224,3,N,OONO,3500,15700,101.4741
2175,6470.7566600933915,2297.6749205814285,0.05945457846183701,0.18155780452754408,0.262039442224239,4,O,OONO,3500,15700,101.4741
2176,12855.804474332617,2944.195630642513,0.1607123874300557,0.4198473898849913,0.18634149561028565,1,O,OONO,3500,15800,100.4304
2177,10214.579961292766,2641.2245160712996,0.11750579981321319,0.3278080398353967,0.20544996008181848,2,O,OONO,3500,15800,100.4304
2178,8935.85204717898,1278.727914116517,0.09325193422006885,0.28699373552303287,0.12518653913936176,3,N,OONO,3500,15800,100.4304
2179,6655.462176003293,2280.3898711756456,0.06137682111500945,0.18628146934825732,0.25519557162940687,4,O,OONO,3500,15800,100.4304
2180,12988.849142809317,2911.150857190685,0.1615705728577762,0.4206186018180811,0.18309124887991732,1,O,OONO,3500,15900,99.38669999999999
2181,10372.356183446116,2616.4929622815507,0.11899599988926614,0.33034558322479607,0.20144147749456714,2,O,OONO,3500,15900,99.38669999999999
2182,9103.852817575731,1268.5033659789742,0.0950585644072426,0.2907912784212675,0.12229654897538682,3,N,OONO,3500,15900,99.38669999999999
2183,6840.919245760008,2262.9335643989966,0.06332179348341066,0.1909998483414469,0.24856877738952662,4,O,OONO,3500,15900,99.38669999999999
2184,13122.06621352367,2877.933786476326,0.16242523629555533,0.42135969224889247,0.17987086165477037,1,O,OONO,3500,16000,98.343
2185,10530.560554496471,2591.505658499641,0.1204862977758962,0.3328437430150191,0.19749219492802297,2,O,OONO,3500,16000,98.343
2186,9272.437115329973,1258.12343970423,0.09686993511427917,0.2945401530537631,0.11947354874352065,3,N,OONO,3500,16000,98.343
2187,7027.136840668039,2245.3002727542184,0.0652888174445283,0.19570965969241072,0.24214780265719993,4,O,OONO,3500,16000,98.343
2188,13266.800578633654,2833.1994213658977,0.1634797900994371,0.42215391443789835,0.17597511933949675,1,O,OONO,3500,16100,96.96119999999999
2189,10709.593679748732,2557.2068981688594,0.12233252001608048,0.33580470978249966,0.19275234319020915,2,O,OONO,3500,16100,96.96119999999999
2190,9466.010078609948,1243.5836033058263,0.0991191809619021,0.29902967862536883,0.11611865403048635,3,N,OONO,3500,16100,96.96119999999999
2191,7245.360507580018,2220.6495708071016,0.06775217975797258,0.20146096347180806,0.2345919296901062,4,O,OONO,3500,16100,96.96119999999999
2192,13411.787831172278,2788.21216882465,0.16453152665239462,0.42290112860797147,0.17211186227312653,1,O,OONO,3500,16200,95.5794
2193,10889.270805608901,2522.517006331349,0.12418302065504656,0.33870900927382025,0.18808208406551152,2,O,OONO,3500,16200,95.5794
2194,9660.470253490259,1228.8005555210586,0.10138043660839499,0.30345024723345887,0.11284507268274765,3,N,OONO,3500,16200,95.5794
2195,7464.77358522854,2195.6966670283696,0.07025401915097775,0.20720181202254212,0.2272867271896086,4,O,OONO,3500,16200,95.5794
2196,13557.025847533727,2742.974152453455,0.16558031197397602,0.4235998467837198,0.16828062284990522,1,O,OONO,3500,16300,94.1976
2197,11069.59322218952,2487.4326090451223,0.12603735784693165,0.3415546093855629,0.18347922597622193,2,O,OONO,3500,16300,94.1976
2198,9855.823220990122,1213.7700030857463,0.1036529693726073,0.3077987862257249,0.10964901588729452,3,N,OONO,3500,16300,94.1976
2199,7685.399008039696,2170.4242103542024,0.07279325983809358,0.21292614458612716,0.22021744522890907,4,O,OONO,3500,16300,94.1976
2200,13702.512351792779,2697.487648170235,0.16662600700229174,0.4242484971740095,0.16448095415672165,1,O,OONO,3500,16400,92.8158
2201,11250.562714706586,2451.9496370861893,0.12789510071777388,0.34433948184723073,0.17894161115391272,2,O,OONO,3500,16400,92.8158
2202,10052.075071068677,1198.4876439207376,0.10593605019622523,0.3120722382128292,0.10652690663677564,3,N,OONO,3500,16400,92.8158
2203,7907.259972027628,2144.815097486297,0.07536879300046452,0.21862791382969518,0.21337038196813554,4,O,OONO,3500,16400,92.8158
2204,13848.244906760288,2651.7550931579785,0.16766846725639176,0.4248454184583752,0.16071242988836235,1,O,OONO,3500,16500,91.43400000000001
2205,11432.177388925034,2416.0675178353204,0.12975573563562193,0.34706124911679986,0.1744674169255824,2,O,OONO,3500,16500,91.43400000000001
2206,10249.228236131094,1182.9491529635354,0.10822887005212241,0.3162673422551195,0.10347540216700293,3,N,OONO,3500,16500,91.43400000000001
2207,8130.375831082814,2118.8524048097333,0.0779794071887998,0.22430089559046812,0.20673287353873618,4,O,OONO,3500,16500,91.43400000000001
2208,13994.220904388947,2605.779095464694,0.16870754247160274,0.42538885362711837,0.15697464430510205,1,O,OONO,3500,16600,90.0522
2209,11614.437591735843,2379.7833126533346,0.13161879686725872,0.34971768691906846,0.17005471965266558,2,O,OONO,3500,16600,90.0522
2210,10447.286637459583,1167.150938843432,0.11053065144842773,0.32038089483530313,0.10049138665774988,3,N,OONO,3500,16600,90.0522
2211,8354.767868243158,2092.5187711304247,0.08062387991240036,0.2299389572890525,0.20029303720140415,4,O,OONO,3500,16600,90.0522
2212,14140.437555559565,2559.562444258067,0.1697430762058122,0.4258769433382556,0.15326721223102197,1,O,OONO,3500,16700,88.6704
2213,11797.342468771627,2343.095086788217,0.13348378726394736,0.35230640952011616,0.16570173854818146,2,O,OONO,3500,16700,88.6704
2214,10646.252781818092,1151.089622960995,0.11284058145469349,0.32440958569502043,0.09757194266488474,3,N,OONO,3500,16700,88.6704
2215,8580.454047961026,2065.7987338571056,0.08330091831088704,0.2355358460239956,0.1940399853538254,4,O,OONO,3500,16700,88.6704
2216,14286.891879249422,2513.1081207064303,0.17077490541498083,0.42630771875203755,0.14958976908966848,1,O,OONO,3500,16800,87.28859999999999
2217,11980.890673469601,2306.001205769378,0.13535019518703764,0.35482493074579324,0.16140677939326062,2,O,OONO,3500,16800,87.28859999999999
2218,10846.130047781893,1134.760625687499,0.11515785593837494,0.32835013940629837,0.09471421254183587,3,N,OONO,3500,16800,87.28859999999999
2219,8807.454871687165,2038.675175660191,0.08600921024295169,0.24108541026638297,0.1879633718827771,4,O,OONO,3500,16800,87.28859999999999
2220,14433.580691190118,2466.4193094317325,0.1718028599960093,0.4266790938007804,0.14594197097229186,1,O,OONO,3500,16900,85.9068
2221,12165.080339100217,2268.500352011204,0.13721749372387093,0.35727065536492614,0.1571682315390967,2,O,OONO,3500,16900,85.9068
2222,11046.918253046126,1118.162086053257,0.11748159134869109,0.3321989753069234,0.09191571735530037,3,N,OONO,3500,16900,85.9068
2223,9035.785769682594,2011.1324646801727,0.08874732550491549,0.24658123666504655,0.18205371114479046,4,O,OONO,3500,16900,85.9068
2224,14580.500576887962,2419.499423692177,0.17282676216490606,0.42698885631820926,0.14232349551130452,1,O,OONO,3500,17000,84.52499999999999
2225,12349.909035244773,2230.5915413599196,0.13908513970280093,0.35964086949844315,0.15298456521415352,2,O,OONO,3500,17000,84.52499999999999
2226,11248.618378048453,1101.2906571945557,0.11981092635526054,0.335952577982646,0.0891739893833743,3,N,OONO,3500,17000,84.52499999999999
2227,9265.463718304467,1983.1546597440088,0.0915138610753655,0.25201717179194116,0.17630206600431142,4,O,OONO,3500,17000,84.52499999999999
2228,4052.632039693637,3947.3679603075675,0.10266821359773562,0.31816732584370855,0.49342099503844594,1,O,OOON,3500,8000,144.207
2229,815.053471001555,3237.578568746584,0.03395001284000439,0.11996786870435157,0.7988829326314393,2,O,OOON,3500,8000,144.207
2230,0.0020889002007427188,815.0534710014654,0.0049402360512027284,0.033431759844580314,0.9999999999998901,3,O,OOON,3500,8000,144.207
2231,1.025594265374924e-10,0.0020889002007427183,0.0004934503260290538,0.004840738051725485,0.9999999999999998,4,N,OOON,3500,8000,144.207
2232,4153.753050069004,3946.246949931763,0.10348237152389636,0.32006607788485775,0.48719098147305717,1,O,OOON,3500,8100,143.89829999999998
2233,915.3341567943388,3238.4188932788775,0.034854491599338205,0.12287993677289934,0.7796368378772733,2,O,OOON,3500,8100,143.89829999999998
2234,0.002360552454584596,915.3341471059293,0.005284490271221525,0.034368452296421215,0.9999999894154398,3,O,OOON,3500,8100,143.89829999999998
2235,1.3294326946425016e-10,0.0023605524545845954,0.0005289643685364026,0.005178020542938278,0.9999999999999998,4,N,OOON,3500,8100,143.89829999999998
2236,4254.993327265778,3945.006672734652,0.10428916729661566,0.3219386922246179,0.48109837472373806,1,O,OOON,3500,8200,143.5896
2237,1015.7696850319919,3239.2236422335814,0.03575921133035809,0.1257790856994441,0.7612758453642695,2,O,OOON,3500,8200,143.5896
2238,0.002597287608079373,1015.7696848233508,0.00564135307267294,0.03530599626798364,0.999999999794598,3,O,OOON,3500,8200,143.5896
2239,1.671210088707071e-10,0.0025972876080793722,0.0005658950559270366,0.005527649209896355,0.9999999999999997,4,N,OOON,3500,8200,143.5896
2240,4356.3514949872215,3943.6485050129954,0.10508869505737284,0.32378562758675156,0.47513837409795123,1,O,OOON,3500,8300,143.2809
2241,1116.358663475395,3239.9928315118286,0.03666401302515112,0.12866482332492077,0.7437399932581272,2,O,OOON,3500,8300,143.2809
2242,0.002817960576619312,1116.3586634502205,0.006010844749664695,0.03624403436098316,0.9999999999774496,3,O,OOON,3500,8300,143.2809
2243,2.0637792870731892e-10,0.0028179605766193118,0.0006042534977727251,0.005889643009551826,0.9999999999999999,4,N,OOON,3500,8300,143.2809
2244,4457.82619617404,3942.1738038259814,0.105881047318767,0.3256073317561632,0.46930640521737876,1,O,OOON,3500,8400,142.97220000000002
2245,1217.1017478426297,3240.7244483543027,0.037568745462304376,0.13153673625240117,0.7269741586461305,2,O,OOON,3500,8400,142.97220000000002
2246,0.0030073722562306794,1217.1017478377578,0.006392978654993952,0.03718222210768209,0.9999999999959971,3,O,OOON,3500,8400,142.97220000000002
2247,2.497914350875542e-10,0.003007372256230671,0.0006440501763285687,0.00626401404341098,0.9999999999999972,4,N,OOON,3500,8400,142.97220000000002
2248,4559.416092591702,3940.583907408241,0.10666631500279795,0.32740424189747075,0.4635981067539107,1,O,OOON,3500,8500,142.6635
2249,1317.997588930208,3241.41850366744,0.038473261264607324,0.1343943852784873,0.7109284254477694,2,O,OOON,3500,8500,142.6635
2250,0.0031583573224481243,1317.9975889253699,0.006787749738493229,0.03812020950164546,0.9999999999963293,3,O,OOON,3500,8500,142.6635
2251,2.965179548637227e-10,0.0031583573224389654,0.0006852938052470814,0.006650756340824302,0.9999999999971001,4,N,OOON,3500,8500,142.6635
2252,4661.121714193853,3938.87829192092,0.10744458958712713,0.3291768601207014,0.4580091037117349,1,O,OOON,3500,8600,142.35479999999998
2253,1419.0494935050065,3242.07222068948,0.03937743209211668,0.13723746857535335,0.6955562243347685,2,O,OOON,3500,8600,142.35479999999998
2254,0.0032648041881697576,1419.0494935050062,0.00719515216588899,0.03905766150100818,0.9999999999999999,3,O,OOON,3500,8600,142.35479999999998
2255,3.453198121990452e-10,0.0032648041881697554,0.000727993092783957,0.007049863152978484,0.9999999999999993,4,N,OOON,3500,8600,142.35479999999998
2256,4762.937283505496,3937.0627202015676,0.1082159538486537,0.33092542108082085,0.4525359448507549,1,O,OOON,3500,8700,142.0461
2257,1520.2529281064622,3242.6843553989793,0.040281096943031065,0.14006554320442097,0.6808160935960049,2,O,OOON,3500,8700,142.0461
2258,0.0033211618797570324,1520.252928095562,0.007615141576860234,0.03999420192252258,0.9999999999928301,3,O,OOON,3500,8700,142.0461
2259,3.9454617353387367e-10,0.0033211618797570086,0.0007721529021120857,0.007461289852980194,0.9999999999999928,4,N,OOON,3500,8700,142.0461
2260,4864.864461603821,3935.135540604407,0.10898049745771651,0.3326504518565206,0.4471744932505008,1,O,OOON,3500,8800,141.73739999999998
2261,1621.612233845773,3243.252227876406,0.04118414408248595,0.14287837512367466,0.6666685687697842,2,O,OOON,3500,8800,141.73739999999998
2262,0.0033227309362437014,1621.6122338268149,0.008047687836768458,0.040929501692437885,0.999999999988309,3,O,OOON,3500,8800,141.73739999999998
2263,5.008497857411104e-10,0.0033227309362433605,0.0008177795855910308,0.007885005769848075,0.9999999999998974,4,N,OOON,3500,8800,141.73739999999998
2264,4966.9018545779245,3933.098146727905,0.10973830520446513,0.3343523448875228,0.44192114008178707,1,O,OOON,3500,8900,141.4287
2265,1723.122938568561,3243.778916029397,0.04208644466394734,0.1456755469921894,0.653078923441914,2,O,OOON,3500,8900,141.4287
2266,0.00326660440514777,1723.1229385346057,0.008492721644570872,0.041863206473450654,0.9999999999802943,3,O,OOON,3500,8900,141.4287
2267,4.853136883585357e-10,0.0032666044051477662,0.0008648755686406812,0.00832094191515158,0.9999999999999988,4,N,OOON,3500,8900,141.4287
2268,5069.048135438146,3930.951865329417,0.1104894605082679,0.33603148547221795,0.43677242948104633,1,O,OOON,3500,9000,141.11999999999998
2269,1824.7887865067958,3244.259348932074,0.0429878811630102,0.14845687028901203,0.6400135217204155,2,O,OOON,3500,9000,141.11999999999998
2270,0.0031501480455501884,1824.788786463075,0.008950180120038731,0.04279497158348544,0.9999999999760406,3,O,OOON,3500,9000,141.11999999999998
2271,5.212410995335006e-10,0.003150148045550188,0.00091344393342208,0.008769035407936353,0.9999999999999999,4,N,OOON,3500,9000,141.11999999999998
2272,5172.507600039193,3927.4924003860788,0.1112580533911296,0.33772614472734847,0.43159257147099767,1,O,OOON,3500,9100,140.7672
2273,1928.7174462984015,3243.7901537398297,0.04391646021955461,0.15129853052664613,0.6271213895780938,2,O,OOON,3500,9100,140.7672
2274,0.0029688549598201894,1928.7174462686041,0.009434420249563933,0.04375329541386513,0.9999999999845507,3,O,OOON,3500,9100,140.7672
2275,5.475327756063294e-10,0.002968854959820189,0.0009652657006995921,0.009243358170200536,0.9999999999999999,4,N,OOON,3500,9100,140.7672
2276,5276.079929472002,3923.9200707660398,0.11202024409786922,0.33939841048621133,0.4265130511702217,1,O,OOON,3500,9200,140.4144
2277,2032.8092377429948,3243.2706917285577,0.044844533524559534,0.1541244709631612,0.6147121982765573,2,O,OOON,3500,9200,140.4144
2278,0.0027262204845522747,2032.8092377267315,0.00993194589105951,0.044709498856631294,0.9999999999919995,3,O,OOON,3500,9200,140.4144
2279,5.58962433012071e-10,0.0027262204845522743,0.0010187085899898169,0.009730679144038194,0.9999999999999999,4,N,OOON,3500,9200,140.4144
2280,5379.763902213156,3920.2360979174596,0.11277610610262943,0.34104863586143197,0.4215307632169311,1,O,OOON,3500,9300,140.06159999999997
2281,2137.064148068147,3242.6997541449477,0.04577198044186429,0.15693440800451117,0.6027587479835218,2,O,OOON,3500,9300,140.06159999999997
2282,0.0024277473002386435,2137.0641480681466,0.010442652358695499,0.04566319745755703,0.9999999999999998,3,O,OOON,3500,9300,140.06159999999997
2283,5.520214739595916e-10,0.002427747300238643,0.0010737739379910244,0.010230894385837639,0.9999999999999998,4,N,OOON,3500,9300,140.06159999999997
2284,5483.558318992812,3916.4416810759285,0.11352571176338108,0.3426771664462609,0.4166427320293541,1,O,OOON,3500,9400,139.7088
2285,2241.4843736733906,3242.073945792983,0.04669868731596079,0.1597281451033457,0.591235427288839,2,O,OOON,3500,9400,139.7088
2286,0.0020818897307206797,2241.48437367339,0.01096642411873318,0.04661400972499328,0.9999999999999998,3,O,OOON,3500,9400,139.7088
2287,5.23734508666871e-10,0.0020818897307206792,0.0011304619731282684,0.010743889254050362,0.9999999999999998,4,N,OOON,3500,9400,139.7088
2288,5587.461999450087,3912.5380005879115,0.11426913234134048,0.3442843403936629,0.4118461053250433,1,O,OOON,3500,9500,139.356
2289,2346.063876416975,3241.3981232001424,0.04762453488698164,0.1625052541332884,0.5801199405954184,2,O,OOON,3500,9500,139.356
2290,0.0017007160822659615,2346.0638764169744,0.011503103244967635,0.04756154265849402,0.9999999999999998,3,O,OOON,3500,9500,139.356
2291,4.722730939660208e-10,0.0017007160822659613,0.001188768555833546,0.011269507624821144,0.9999999999999999,4,N,OOON,3500,9500,139.356
2292,5691.473780058644,3908.526219960616,0.1150064380217577,0.3458704885435567,0.40713814791256414,1,O,OOON,3500,9600,139.0032
2293,2450.807473332054,3240.666306772172,0.04854942085826342,0.16526565529217646,0.569389657583344,2,O,OOON,3500,9600,139.0032
2294,0.001300983583092146,2450.8074722179636,0.01205254637754394,0.048505418729314825,0.999999999545419,3,O,OOON,3500,9600,139.0032
2295,3.979089559074972e-10,0.0013009835830921459,0.0012486910144851402,0.011807607578181493,0.9999999999999998,4,N,OOON,3500,9600,139.0032
2296,5795.592512860426,3904.4074871495145,0.11573769793457706,0.3474359345733274,0.40251623578860973,1,O,OOON,3500,9700,138.65039999999996
2297,2555.7142979950304,3239.8782148785963,0.04947324011776689,0.16800911384697403,0.5590245014102188,2,O,OOON,3500,9700,138.65039999999996
2298,0.0009260147504068523,2555.714294081398,0.01261457546166036,0.04944525396893392,0.9999999984686737,3,O,OOON,3500,9700,138.65039999999996
2299,3.11283630372511e-10,0.0009260147504068522,0.001310223085097974,0.01235801322141485,0.9999999999999999,4,N,OOON,3500,9700,138.65039999999996
2300,5899.817064630282,3900.1829353753415,0.11646298017473934,0.34898099516058445,0.3979778505485042,1,O,OOON,3500,9800,138.2976
2301,2660.7839773794994,3239.0330872539425,0.050395891919104964,0.1707354266040294,0.5490056813239377,2,O,OOON,3500,9800,138.2976
2302,0.0013410291864049129,2660.7831708430176,0.013188994590095447,0.050380670134724415,0.9999996968801343,3,O,OOON,3500,9800,138.2976
2303,4.944310433491058e-10,0.0013410291864049126,0.0013733575640214174,0.01292053143263224,0.9999999999999999,4,N,OOON,3500,9800,138.2976
2304,6004.146316308737,3895.8536836935014,0.11718235182277989,0.350505980151877,0.39352057411045466,1,O,OOON,3500,9900,137.9448
2305,2766.016281796737,3238.130034513136,0.05131727935242228,0.173444410751286,0.5393156435441253,2,O,OOON,3500,9900,137.9448
2306,0.00047308251712668836,2766.016040062125,0.013775594418184309,0.05131127494451692,0.9999999126054991,3,O,OOON,3500,9900,137.9448
2307,1.9092770608389875e-10,0.0004730825171266883,0.0014380819448648525,0.013494954880094176,0.9999999999999999,4,N,OOON,3500,9900,137.9448
2308,6108.579162624526,3891.4208373768633,0.11789587896433876,0.3520111927305935,0.38914208373768633,1,O,OOON,3500,10000,137.59199999999998
2309,2871.411005912927,3237.1681567117803,0.05223730908559771,0.17613589957742953,0.529937988938322,2,O,OOON,3500,10000,137.59199999999998
2310,0.005816240956539875,2871.4052148838255,0.014374145674448457,0.05223677405972754,0.9999979832113586,3,O,OOON,3500,10000,137.59199999999998
2311,2.5644685387058044e-09,0.0058162409565398745,0.0015043951492392752,0.014081060465830797,0.9999999999999999,4,N,OOON,3500,10000,137.59199999999998
2312,6214.765950329079,3885.2340496716174,0.11863617687134281,0.35354470539826455,0.38467663858134826,1,O,OOON,3500,10100,137.1804
2313,2979.845044445986,3234.9209058831234,0.053197169117888375,0.17891527136530497,0.5205217592646157,2,O,OOON,3500,10100,137.1804
2314,89.88162293801284,2889.963421553522,0.015066958791565764,0.054383067627759386,0.9698368131389951,3,O,OOON,3500,10100,137.1804
2315,4.2023294546660636e-05,89.88162280118009,0.001721708906460058,0.014796659585493668,0.9999999984776337,4,N,OOON,3500,10100,137.1804
2316,6321.063076506042,3878.9369234942737,0.11937085333849029,0.35505844351459775,0.3802879336759092,1,O,OOON,3500,10200,136.7688
2317,3088.4551357792234,3232.607940726797,0.05415621247297639,0.18167735514816646,0.5114025760542823,2,O,OOON,3500,10200,136.7688
2318,202.12054565165283,2886.334590138086,0.015783805206164805,0.05684330627182683,0.9345561011071181,3,O,OOON,3500,10200,136.7688
2319,0.00014727683456804488,202.1205274643975,0.0019938948774611154,0.015545971256907626,0.9999999100177803,4,N,OOON,3500,10200,136.7688
2320,6427.469464335395,3872.5305356647086,0.12009996479437476,0.35655268070794405,0.37597383841404936,1,O,OOON,3500,10300,136.35719999999998
2321,3197.2423461657945,3230.227118357061,0.05511433920132178,0.18442199006588475,0.5025659221379232,2,O,OOON,3500,10300,136.35719999999998
2322,314.499088945873,2882.7432572118523,0.016510285293364676,0.05932593151060463,0.9016342663761173,3,O,OOON,3500,10300,136.35719999999998
2323,0.00015140650594105227,314.49908637044376,0.002287081604224342,0.016305306452450416,0.9999999918110122,4,N,OOON,3500,10300,136.35719999999998
2324,6533.984048222387,3866.015951777686,0.12082356692340573,0.3580276849183476,0.3717323030555467,1,O,OOON,3500,10400,135.94559999999998
2325,3306.2035956474674,3227.7804526532823,0.05607144933844704,0.1871489165282275,0.4939988265706619,2,O,OOON,3500,10400,135.94559999999998
2326,427.0167342105477,2879.1868614395116,0.01724613046365661,0.06182969160820034,0.8708437874878266,3,O,OOON,3500,10400,135.94559999999998
2327,0.00019326455828681983,427.01673349078516,0.0026016010660213046,0.017073794532475463,0.9999999983144394,4,N,OOON,3500,10400,135.94559999999998
2328,6640.605773651556,3859.3942263484983,0.12154171467882037,0.3594837185307735,0.36756135489033315,1,O,OOON,3500,10500,135.53399999999996
2329,3415.3410317531516,3225.26474193528,0.05702745016617469,0.18985803163102186,0.4856883320392866,2,O,OOON,3500,10500,135.53399999999996
2330,539.6717502382263,2875.6692815149495,0.017991091195711763,0.06435333436518775,0.8419859846437708,3,O,OOON,3500,10500,135.53399999999996
2331,0.0003180430938991008,539.671654985941,0.002937713775740288,0.017850564283235726,0.9999998234995898,4,N,OOON,3500,10500,135.53399999999996
2332,6747.3335970483195,3852.666402951643,0.12225446229538399,0.36092103850460827,0.3634590946180795,1,O,OOON,3500,10600,135.1224
2333,3524.6542380953297,3222.6793589676713,0.05798225003275503,0.19254917605078167,0.4776226508761121,2,O,OOON,3500,10600,135.1224
2334,652.4743542355473,2872.179883863986,0.0187449214554999,0.06689581042447532,0.8148827345447844,3,O,OOON,3500,10600,135.1224
2335,0.00023715457170093534,652.4743540455632,0.0032956276954637215,0.018634721265930472,0.9999999997088254,4,N,OOON,3500,10600,135.1224
2336,6854.16781743996,3845.8321842798487,0.12296186564440507,0.3623399425431529,0.35942356862428493,1,O,OOON,3500,10700,134.71079999999998
2337,3634.1441920279267,3220.0236254174865,0.058935767385449325,0.1952222274956219,0.46979060203696166,2,O,OOON,3500,10700,134.71079999999998
2338,765.4237053657964,2868.720486661866,0.019507377456007592,0.06945593637457334,0.7893799296557524,3,O,OOON,3500,10700,134.71079999999998
2339,0.0002441853312020372,765.4236920879349,0.00367544438415614,0.01942531320785246,0.9999999826529262,4,N,OOON,3500,10700,134.71079999999998
2340,6961.104277197733,3838.8957239301726,0.12366397211669115,0.3637405687424814,0.3554533077713123,1,O,OOON,3500,10800,134.29919999999998
2341,3743.807661154148,3217.296616044325,0.05988790000720904,0.19787700734409283,0.46218193090184284,2,O,OOON,3500,10800,134.29919999999998
2342,878.523131022786,2865.2845301421116,0.020278201989863312,0.0720326019900298,0.7653396727274169,3,O,OOON,3500,10800,134.29919999999998
2343,0.00020931681700090896,878.523125534622,0.004077189319805638,0.02022136545044302,0.9999999937529659,4,N,OOON,3500,10800,134.29919999999998
2344,7068.14392957403,3831.856071171447,0.12436083719936407,0.36512322642297795,0.3515464285478392,1,O,OOON,3500,10900,133.8876
2345,3853.6462650148906,3214.4976645596935,0.06083857540209856,0.20051342848519899,0.4547866733598645,2,O,OOON,3500,10900,133.8876
2346,991.7715007290717,2861.8747642882818,0.021057161123782323,0.07462466874358893,0.742640753062794,3,O,OOON,3500,10900,133.8876
2347,0.0003753908806360534,991.7712854306035,0.00450078990505777,0.021021881895930267,0.99999978291525,4,N,OOON,3500,10900,133.8876
2348,7175.285720700409,3824.714279789394,0.1250525123063824,0.3664881502453549,0.3477012981626722,1,O,OOON,3500,11000,133.476
2349,3963.65969017412,3211.6260305266514,0.06178771314963651,0.20313138320109184,0.44759556002923206,2,O,OOON,3500,11000,133.476
2350,1105.1757018516776,2858.4839883225113,0.021844020946842624,0.07723114338704737,0.7211729088167357,3,O,OOON,3500,11000,133.476
2351,0.00014953597064637503,1105.1756515570362,0.004946105837622225,0.0218258657551789,0.9999999544917235,4,N,OOON,3500,11000,133.476
2352,7283.801329742664,3816.1986705611357,0.1257638023631904,0.36786906301150535,0.34380168203253475,1,O,OOON,3500,11100,133.0203
2353,4076.061835712233,3207.739494030338,0.06276883627512606,0.20581125558825314,0.4403936006507837,2,O,OOON,3500,11100,133.0203
2354,1221.8054538261863,2854.256381924307,0.022665880949425867,0.07993547990041273,0.7002485479775766,3,O,OOON,3500,11100,133.0203
2355,4.276170717796429e-05,1221.8054537058995,0.00542850739203887,0.02265988193127403,0.99999999990155,4,N,OOON,3500,11100,133.0203
2356,7392.423922628294,3807.576077555798,0.1264700603703565,0.369232199061663,0.33996214978176764,1,O,OOON,3500,11200,132.5646
2357,4188.650099792963,3203.7738228353437,0.06374876522557717,0.20847259041567742,0.4333861066907372,2,O,OOON,3500,11200,132.5646
2358,1338.6008516022139,2850.0492481960796,0.023496252650210957,0.08265441993168102,0.6804218973403751,3,O,OOON,3500,11200,132.5646
2359,0.0017832141830385895,1338.5990732363152,0.0059337311713148115,0.023495997553932144,0.9999986714741018,4,N,OOON,3500,11200,132.5646
2360,7501.152499468033,3798.8475006366984,0.1271713313362843,0.3705777720019438,0.33618119474661046,1,O,OOON,3500,11300,132.1089
2361,4301.42427395288,3199.7282255151745,0.0647274150469348,0.21111526605716752,0.42656488129551995,2,O,OOON,3500,11300,132.1089
2362,1455.569965749769,2845.854308202827,0.02433490386871735,0.08538698497144045,0.6616074413853559,3,O,OOON,3500,11300,132.1089
2363,97.92305860125403,1357.6469071447261,0.0065426277487148875,0.025618207757679316,0.9327252822542252,4,N,OOON,3500,11300,132.1089
2364,7609.986075322492,3790.0139247442175,0.1278676597524125,0.3719059912797532,0.33245736181966823,1,O,OOON,3500,11400,131.6532
2365,4414.385991811513,3195.600085704933,0.06570470653893397,0.21373923611813073,0.41992193600295274,2,O,OOON,3500,11400,131.6532
2366,1572.7154925469938,2841.6704992644386,0.025181606954816173,0.08813211553549802,0.6437295027067432,3,O,OOON,3500,11400,131.6532
2367,217.4805052999816,1355.2349872488053,0.007186239378594218,0.02806940245352778,0.8617165620044974,4,N,OOON,3500,11400,131.6532
2368,7718.92367804255,3781.0763219922633,0.12855908960032242,0.3732170622079451,0.3287892453906316,1,O,OOON,3500,11500,131.1975
2369,4527.5303165988935,3191.3933625678674,0.06668055166837054,0.21634423482630566,0.41345056586661005,2,O,OOON,3500,11500,131.1975
2370,1690.0366844606958,2837.4936321536447,0.02603611249995741,0.09088873826534478,0.6267199629234479,3,O,OOON,3500,11500,131.1975
2371,337.16759788944,1352.8690865699143,0.007845780449952607,0.030569581851357233,0.8004968761974688,4,N,OOON,3500,11500,131.1975
2372,7827.964346887641,3772.0356531330185,0.12924566435657345,0.37451118600162725,0.3251754873390533,1,O,OOON,3500,11600,130.74179999999998
2373,4640.86029497247,3187.104052470415,0.06765487855199033,0.21893028545801435,0.4071434042411794,2,O,OOON,3500,11600,130.74179999999998
2374,1807.5347600884656,2833.3255348904477,0.02689820304690754,0.09365581076412205,0.6105173081723322,3,O,OOON,3500,11600,130.74179999999998
2375,456.9873085323348,1350.5474515547699,0.008520854040905433,0.033116581211070285,0.7471764755930174,4,N,OOON,3500,11600,130.74179999999998
2376,7937.107131440277,3762.8928685709375,0.12992742699829138,0.37578855982914094,0.32161477509153313,1,O,OOON,3500,11700,130.28609999999998
2377,4754.375392503945,3182.7317392146165,0.06862761155299055,0.22149729583840538,0.4009939246765684,2,O,OOON,3500,11700,130.28609999999998
2378,1925.215675764243,2829.1597167384652,0.02776765568857383,0.09643241408470199,0.595064437107575,3,O,OOON,3500,11700,130.28609999999998
2379,576.9509094529407,1348.2647663247185,0.009211088528284816,0.03570839948666597,0.7003188179368551,4,N,OOON,3500,11700,130.28609999999998
2380,8046.351090914815,3753.648909091753,0.13060442001046377,0.37704937687450896,0.3181058397535384,1,O,OOON,3500,11800,129.83039999999997
2381,4868.075170496494,3178.275920544535,0.06959867748775342,0.22404518631845077,0.39499592854370297,2,O,OOON,3500,11800,129.83039999999997
2382,2043.0805354138568,2824.9946350829678,0.028644247361127535,0.0992175652424736,0.5803103970547043,3,O,OOON,3500,11800,129.83039999999997
2383,697.052166624024,1346.0283687898616,0.009916088090117426,0.03834278290088437,0.6588229614341675,4,N,OOON,3500,11800,129.83039999999997
2384,8155.695293631093,3744.304706371062,0.13127668539172643,0.3782938264005645,0.31464745431689595,1,O,OOON,3500,11900,129.3747
2385,4981.959231513024,3173.736062174442,0.07056800547861611,0.2265738875217301,0.38914353073647334,2,O,OOON,3500,11900,129.3747
2386,2161.131261577873,2820.827969935157,0.02952775894244184,0.102010319832965,0.5662085615017106,3,O,OOON,3500,11900,129.3747
2387,817.3064129452089,1343.8248486393093,0.010635492044179387,0.04101792167471024,0.6218154688383729,4,N,OOON,3500,11900,129.3747
2388,8265.138816689587,3734.8611833117275,0.13194426466075498,0.37952209381740964,0.31123843194264394,1,O,OOON,3500,12000,128.91899999999998
2389,5096.02718950806,3169.111627207616,0.07153552684925808,0.22908333895411814,0.38343114344411355,2,O,OOON,3500,12000,128.91899999999998
2390,2279.372170667737,2816.655019010165,0.030417977196830943,0.1048098108922131,0.5527158537947416,3,O,OOON,3500,12000,128.91899999999998
2391,937.7135360346041,1341.6586346327879,0.011368934587478693,0.043731755082490144,0.5886088511117304,4,N,OOON,3500,12000,128.91899999999998
2392,8377.29603878997,3722.703961210243,0.13265724636765194,0.3807960531398985,0.30766148439754076,1,O,OOON,3500,12100,128.3751
2393,5214.833193204975,3162.4628455965935,0.072573209900485,0.23173452974359218,0.3775040097608136,2,O,OOON,3500,12100,128.3751
2394,2404.0533357969102,2810.779857456188,0.0313801628868429,0.10780552372919433,0.5389970787787971,3,O,OOON,3500,12100,128.3751
2395,1065.351479538489,1338.701856272856,0.012168793623463455,0.0466687445763038,0.5568519784229725,4,N,OOON,3500,12100,128.3751
2396,8489.565039992433,3710.4349600084515,0.13336572589672271,0.38205305069349466,0.30413401311544686,1,O,OOON,3500,12200,127.8312
2397,5333.849234360185,3155.715805637154,0.07360989525271219,0.23436613628510722,0.3717170185717744,2,O,OOON,3500,12200,127.8312
2398,2528.9556174203517,2804.8936169526023,0.032350805628617,0.1108100247353236,0.5258666853355595,3,O,OOON,3500,12200,127.8312
2399,1193.1707058047546,1335.7849116148936,0.012985074393890683,0.04964896702277112,0.5281962650564245,4,N,OOON,3500,12200,127.8312
2400,8601.944895869556,3698.0551041307863,0.13406973498829752,0.3832932413130317,0.30065488651469807,1,O,OOON,3500,12300,127.28729999999997
2401,5453.07515692569,3148.869738945449,0.0746454963599559,0.23697803739955603,0.36606485824589036,2,O,OOON,3500,12300,127.28729999999997
2402,2654.0805129888095,2798.9946439390637,0.03332967278095845,0.11382224946990638,0.5132873770104185,3,O,OOON,3500,12300,127.28729999999997
2403,1321.1816131414969,1332.8988998471866,0.013817409460522298,0.05267040712315849,0.5022074098069408,4,N,OOON,3500,12300,127.28729999999997
2404,8714.434687673229,3685.5653123268385,0.13476930508704432,0.3845167763468051,0.297223009058616,1,O,OOON,3500,12400,126.7434
2405,5572.510779252067,3141.9239084219403,0.07567992873873393,0.23957012020070237,0.3605424816444221,2,O,OOON,3500,12400,126.7434
2406,2779.4303815206695,2793.0803977319083,0.0343165349320815,0.11684117619376172,0.5012247635538519,3,O,OOON,3500,12400,126.7434
2407,1449.3879411549804,1330.042440376874,0.014665429318547203,0.05573094086601617,0.4785305828200623,4,N,OOON,3500,12400,126.7434
2408,8827.033502256376,3672.9664977435705,0.13546446734439943,0.385723803703164,0.29383731981948563,1,O,OOON,3500,12500,126.1995
2409,5692.155893467172,3134.8776087896567,0.07671310992303318,0.24214227972632762,0.3551450901356969,2,O,OOON,3500,12500,126.1995
2410,2905.007715232792,2787.1481782345068,0.03531116514271485,0.11986580985832447,0.4896471970195489,3,O,OOON,3500,12500,126.1995
2411,1577.792014160944,1327.2157010701517,0.015528767648899846,0.05882844902165392,0.45687166134214396,4,N,OOON,3500,12500,126.1995
2412,8939.740432011045,3660.2595679891006,0.1361552526211514,0.38691446789643297,0.29049679111024607,1,O,OOON,3500,12600,125.65559999999999
2413,5812.010265522136,3127.7301664890583,0.07774495942177397,0.2446944186025116,0.3498681186860207,2,O,OOON,3500,12600,125.65559999999999
2414,3030.8149726170273,2781.1952929051167,0.03631333878848867,0.12289517827741665,0.47852553003969295,3,O,OOON,3500,12600,125.65559999999999
2415,1706.4012082720835,1324.4137643445497,0.016407070293094725,0.06196097362408243,0.4369827179522457,4,N,OOON,3500,12600,125.65559999999999
2416,9052.554574813868,3647.445425186127,0.1368416914898819,0.3880889100912424,0.28720042718001,1,O,OOON,3500,12700,125.11169999999998
2417,5932.073635524412,3120.4809392895177,0.0787753986774999,0.2472264467266487,0.3447072219781319,2,O,OOON,3500,12700,125.11169999999998
2418,3156.8554561400615,2775.218179440502,0.03732283441345515,0.1259283511703374,0.46783272594949254,3,O,OOON,3500,12700,125.11169999999998
2419,1835.220435924819,1321.6350202152137,0.017299986073556074,0.06512653202772212,0.4186555382650298,4,N,OOON,3500,12700,125.11169999999998
2420,9165.475033977102,3634.5249660229156,0.13752381423731003,0.38924726814537114,0.2839472629705403,1,O,OOON,3500,12800,124.56779999999999
2421,6052.34571819073,3113.129315786358,0.07980435102626905,0.24973828096376485,0.33965826149171263,2,O,OOON,3500,12800,124.56779999999999
2422,3283.129008161428,2769.216710058211,0.03833942967043181,0.12896434603366655,0.45754437023237865,3,O,OOON,3500,12800,124.56779999999999
2423,1964.2522898595628,1318.8767183227462,0.01820715872255286,0.06832316873824784,0.4017133396355098,4,N,OOON,3500,12800,124.56779999999999
2424,9278.500918197467,3621.499081802531,0.13820165086662584,0.39038967665122026,0.28073636293042875,1,O,OOON,3500,12900,124.02390000000001
2425,6172.827449804949,3105.67346848391,0.08083174460671866,0.25222988458993545,0.334717159147218,2,O,OOON,3500,12900,124.02390000000001
2426,3409.641128671901,2763.186321136717,0.03936291429966113,0.13200231771532145,0.44763705831823136,3,O,OOON,3500,12900,124.02390000000001
2427,2093.503260893733,1316.1378677773887,0.01912825465045814,0.07154899950452356,0.386004807576345,4,N,OOON,3500,12900,124.02390000000001
2428,9391.632385002269,3608.367579638305,0.13887525136684672,0.3915163337836385,0.27756673689525424,1,O,OOON,3500,13000,123.48
2429,6293.516338367989,3098.1160466899314,0.08185751484385098,0.25470113155025326,0.3298804637665961,2,O,OOON,3500,13000,123.48
2430,3536.391527775831,2757.124810593066,0.04039306984064945,0.13504136456661997,0.43808972001620844,3,O,OOON,3500,13000,123.48
2431,2222.97649942223,1313.41502835422,0.02006292756030493,0.07480216941015048,0.37139977800486246,4,N,OOON,3500,13000,123.48
2432,9508.451801526891,3591.548173772003,0.1396120825846876,0.3927012225969696,0.27416398273068726,1,O,OOON,3500,13100,122.8185
2433,6420.677565103157,3087.774236479858,0.08298398573108387,0.2573638040129884,0.3247399577693621,2,O,OOON,3500,13100,122.8185
2434,3671.9333092068705,2748.7442558971184,0.04153191789180124,0.1383580818205616,0.4281081284686745,3,O,OOON,3500,13100,122.8185
2435,2362.295907552356,1309.6374016543436,0.021102515974016564,0.07838203570427915,0.35666154349007567,4,N,OOON,3500,13100,122.8185
2436,9625.394489346141,3574.605494323888,0.1403448694022846,0.3938687369921982,0.27080344653968846,1,O,OOON,3500,13200,122.157
2437,6548.087852475445,3077.3066369160306,0.08410994619982677,0.2600050955573434,0.3197070665853898,2,O,OOON,3500,13200,122.157
2438,3807.767051283652,2740.320801192204,0.04268004537109997,0.141678173697133,0.4184917586522988,3,O,OOON,3500,13200,122.157
2439,2501.8939667394266,1305.8730846280132,0.022159371649145516,0.08199514133472846,0.34294983570168375,4,N,OOON,3500,13200,122.157
2440,9742.459504308677,3557.54048556518,0.14107362887630304,0.3950189590697342,0.2674842470349759,1,O,OOON,3500,13300,121.4955
2441,6675.747071648336,3066.712432684798,0.08523529522435325,0.26262483269805553,0.3147780528447176,2,O,OOON,3500,13300,121.4955
2442,3943.8958831923915,2731.8511884557734,0.04383720577946558,0.14500053983989447,0.40922029536706833,3,O,OOON,3500,13300,121.4955
2443,2641.772550382527,1302.1233328262877,0.023233118776564487,0.0856391657475936,0.3301616907219879,4,N,OOON,3500,13300,121.4955
2444,9859.645900396115,3540.3540938099504,0.14179837793719222,0.3961519671324368,0.26420552938880226,1,O,OOON,3500,13400,120.834
2445,6803.65508533871,3055.9908150629485,0.0863599335008322,0.26522284982483474,0.30994934766776694,2,O,OOON,3500,13400,120.834
2446,4080.3265756475726,2723.3285114605724,0.04500315994251213,0.14832420565779544,0.40027433450133454,3,O,OOON,3500,13400,120.834
2447,2781.944770651493,1298.381804998368,0.02432341164498271,0.08931209653964495,0.3182053644302495,4,N,OOON,3500,13400,120.834
2448,9976.952749499276,3523.0472474771636,0.14251913348175424,0.39726783664571996,0.2609664627760862,1,O,OOON,3500,13500,120.1725
2449,6931.811754165138,3045.140995340462,0.08748376352801687,0.2677989888584104,0.30521754204892787,2,O,OOON,3500,13500,120.1725
2450,4217.052418766235,2714.759336082912,0.046177647775257895,0.15164784055770844,0.3916377755716875,3,O,OOON,3500,13500,120.1725
2451,2922.4059302727874,1294.646488493699,0.02542984963326089,0.09301165907209112,0.30700270234546156,4,N,OOON,3500,13500,120.1725
2452,10094.379141890984,3505.620856651034,0.14323591240516023,0.3983666403969155,0.25776623945963484,1,O,OOON,3500,13600,119.51100000000001
2453,7060.216929629843,3034.1622122674594,0.08860668959150775,0.2703530987779078,0.3005793788422206,2,O,OOON,3500,13600,119.51100000000001
2454,4354.083903677074,2706.1330262071515,0.04736043901908859,0.15497062058547145,0.38329318393181866,3,O,OOON,3500,13600,119.51100000000001
2455,3063.168941915216,1290.9149617619037,0.026552097713016122,0.09673585622622556,0.29648371283605973,4,N,OOON,3500,13600,119.51100000000001
2456,10211.924163474225,3488.0758359148776,0.14394873138397243,0.3994484471078184,0.25460407561422466,1,O,OOON,3500,13700,118.8495
2457,7188.870429105749,3023.053734371621,0.08972861752181586,0.27288503464805075,0.2960317454358318,2,O,OOON,3500,13700,118.8495
2458,4491.423010187118,2697.4474190115793,0.04855129084641733,0.15829150689125776,0.3752254885677672,3,O,OOON,3500,13700,118.8495
2459,3204.2384190414477,1287.1845911455857,0.02768979268747559,0.10048262558974107,0.28658725491366266,4,N,OOON,3500,13700,118.8495
2460,10329.5869020197,3470.4130978738385,0.14465760698906666,0.4005133220828075,0.2514792099908579,1,O,OOON,3500,13800,118.188
2461,7317.7720391938265,3011.814862827223,0.09084945475647836,0.2753946574969223,0.29157166606907925,2,O,OOON,3500,13800,118.188
2462,4629.0721845720045,2688.6998546528453,0.04974996260432741,0.16160949680031458,0.3674205537221203,3,O,OOON,3500,13800,118.188
2463,3345.620429739465,1283.4517550031983,0.02884257922291405,0.10424999113620552,0.27725896331466776,4,N,OOON,3500,13800,118.188
2464,10447.366456207657,3452.633543999278,0.14536255578309693,0.40156132783695564,0.24839090244599124,1,O,OOON,3500,13900,117.5265
2465,7446.921522631772,3000.4449335763156,0.09196911040287865,0.27788183420888657,0.28719629450668877,2,O,OOON,3500,13900,117.5265
2466,4767.03402509775,2679.8874975423623,0.05095621544470217,0.1649236152297192,0.3598651455367129,3,O,OOON,3500,13900,117.5265
2467,3487.3173566679693,1279.7166684873566,0.030010090531320723,0.10803586773483206,0.26845133929185994,4,N,OOON,3500,13900,117.5265
2468,10565.261923736072,3434.73807656948,0.14606359417001474,0.4025925232475691,0.24533843404067715,1,O,OOON,3500,14000,116.865
2469,7576.318607630924,2988.9433161051556,0.09308749508380065,0.2803464369055708,0.2829029074414286,2,O,OOON,3500,14000,116.865
2470,4905.311133748255,2671.007473886284,0.052169812048341105,0.16823291044457886,0.35254687826829584,3,O,OOON,3500,14000,116.865
2471,3629.3366476704355,1275.9744860923242,0.03119198115117538,0.11183841108563043,0.26012100992201986,4,N,OOON,3500,14000,116.865
2472,10687.888116537391,3412.1118837306262,0.1468461948615465,0.4036867323740645,0.24199375061919334,1,O,OOON,3500,14100,116.0565
2473,7714.076774574432,2973.811341963119,0.09434078529943378,0.283045406535251,0.2782412493036613,2,O,OOON,3500,14100,116.0565
2474,5054.941493314518,2659.1352812605737,0.05353820498222754,0.17190534461640564,0.34471205809424577,3,O,OOON,3500,14100,116.0565
2475,3784.050489761411,1270.8910035544332,0.03253104486725736,0.11608656995258028,0.25141557132466663,4,N,OOON,3500,14100,116.0565
2476,10810.656172104931,3389.3438280811984,0.14762514253618575,0.40476133662016445,0.23868618507614073,1,O,OOON,3500,14200,115.24799999999999
2477,7852.142841640961,2958.5133304639457,0.09559427740932758,0.28571942825165636,0.2736663976140402,2,O,OOON,3500,14200,115.24799999999999
2478,5204.971433091937,2647.171408548998,0.0549175347039005,0.17557447177224111,0.33712726091923534,3,O,OOON,3500,14200,115.24799999999999
2479,3939.178217401967,1265.7932156913137,0.03388964889779878,0.12035680916438214,0.2431892724028627,4,N,OOON,3500,14200,115.24799999999999
2480,10933.565145388537,3366.4348546707674,0.1484004370771446,0.40581630350931913,0.23541502480215157,1,O,OOON,3500,14300,114.4395
2481,7990.516987833723,2943.0481575547406,0.09684784121707406,0.2883682089022091,0.26917552677646356,2,O,OOON,3500,14300,114.4395
2482,5355.405258636748,2635.1117291970786,0.0563075109634972,0.17923899580085936,0.3297798794757926,3,O,OOON,3500,14300,114.4395
2483,4094.7275662673446,1260.6776923687391,0.035267382265536655,0.12464662372026936,0.23540285589696952,4,N,OOON,3500,14300,114.4395
2484,11056.614084093264,3343.3859158728624,0.14917207823702802,0.4068515951235306,0.232179577491171,1,O,OOON,3500,14400,113.631
2485,8129.201183624444,2927.4128639824507,0.09810138116405612,0.29099157856739005,0.2647657629829018,2,O,OOON,3500,14400,113.631
2486,5506.248832135773,2622.9523514886755,0.05770786762500646,0.18289771252853385,0.32265806839328576,3,O,OOON,3500,14400,113.631
2487,4250.707736997288,1255.541095138491,0.03666385204570711,0.1289536119367641,0.22802113261043627,4,N,OOON,3500,14400,113.631
2488,11179.802028209064,3320.1979717930535,0.14994006564318205,0.4078671679906771,0.22897917046848645,1,O,OOON,3500,14500,112.8225
2489,8268.190924124588,2911.611083209365,0.09935468769473892,0.29358896400544665,0.2604349411432098,2,O,OOON,3500,14500,112.8225
2490,5657.503184303529,2610.6877401707234,0.0591182548306483,0.1865492236811335,0.31575078080906016,3,O,OOON,3500,14500,112.8225
2491,4407.1273263160265,1250.3758532934355,0.03807866022078514,0.13327550405474237,0.22101195749434896,4,N,OOON,3500,14500,112.8225
2492,11303.128009399838,3296.871990817993,0.1507043987851543,0.40886297292935475,0.2258131500560269,1,O,OOON,3500,14600,112.014
2493,8407.489285640375,2895.6387131051792,0.10060768679957371,0.2961602720549743,0.25618029900193345,2,O,OOON,3500,14600,112.014
2494,5809.172225063275,2598.317060735205,0.06053841310090217,0.19019232615155376,0.3090479181666062,3,O,OOON,3500,14600,112.014
2495,4563.9804165395335,1245.1918016934508,0.03951122742153768,0.13760899833292844,0.21434926585945518,4,N,OOON,3500,14600,112.014
2496,11426.591043771672,3273.4089563387656,0.15146507696437975,0.40983895462070574,0.2226808813835895,1,O,OOON,3500,14700,111.2055
2497,8547.096177408519,2879.4948614154882,0.1018602518072293,0.29870522702301294,0.2519994677664625,2,O,OOON,3500,14700,111.2055
2498,5961.261935508715,2585.8342419607143,0.06196805399662111,0.19382586637591376,0.3025395044454431,3,O,OOON,3500,14700,111.2055
2499,4721.291489985051,1239.9704455235342,0.04096133672580351,0.1419528922159601,0.20800469077487685,4,N,OOON,3500,14700,111.2055
2500,11550.190159225067,3249.80984075993,0.1522220994088177,0.4107950524964922,0.21958174599729258,1,O,OOON,3500,14800,110.397
2501,8687.011366613626,2863.1787909047566,0.10311225610303308,0.3012235475446145,0.24789018634623544,2,O,OOON,3500,14800,110.397
2502,6113.775684087124,2573.235682551309,0.06340688228627889,0.19744863929591844,0.29621645166033767,3,O,OOON,3500,14800,110.397
2503,4879.060003550499,1234.7156805364616,0.04242849543675156,0.14630435401002503,0.2019563268816302,4,N,OOON,3500,14800,110.397
2504,11673.92437499738,3226.075625206477,0.15297546517408192,0.4117311997853194,0.2165151426313072,1,O,OOON,3500,14900,109.5885
2505,8827.234566012547,2846.6898090937607,0.10436357429736214,0.30371495495407375,0.2438502869858106,2,O,OOON,3500,14900,109.5885
2506,6266.716863703624,2560.5177023138344,0.06485460272868744,0.20105946424982712,0.29007020071411516,3,O,OOON,3500,14900,109.5885
2507,5037.293655578666,1229.4232081248856,0.043912286503629036,0.15066117930406056,0.19618298302985682,4,N,OOON,3500,14900,109.5885
2508,11797.792681315492,3202.207318691928,0.1537251730410462,0.41264732272513477,0.2134804879127952,1,O,OOON,3500,15000,108.78
2509,8967.765541975314,2830.0271399307444,0.10561408287593632,0.3061791788572036,0.23987768020476752,2,O,OOON,3500,15000,108.78
2510,6420.088914774802,2547.676627204721,0.06631092072469459,0.20465718467504204,0.2840926890070711,3,O,OOON,3500,15000,108.78
2511,5195.999088227411,1224.089826547463,0.04541228866504112,0.1550211368961345,0.19066555662966242,4,N,OOON,3500,15000,108.78
2512,11929.414999267294,3170.585000935183,0.15461005234363528,0.41364370175709686,0.20997251661822403,1,O,OOON,3500,15100,107.7363
2513,9122.122732541142,2807.2922667787175,0.10709562755374072,0.3090052355416866,0.2353252248288069,2,O,OOON,3500,15100,107.7363
2514,6592.283635228584,2529.839097312821,0.06804634821430962,0.20885068597344975,0.277330087687615,3,O,OOON,3500,15100,107.7363
2515,5375.755381115184,1216.5282541135198,0.04720695411110774,0.16013420939687706,0.1845382148930152,4,N,OOON,3500,15100,107.7363
2516,12061.219456357127,3138.780543919077,0.15549172700632402,0.414613294946012,0.20649871999467612,1,O,OOON,3500,15200,106.6926
2517,9276.905926609463,2784.313528763337,0.10857900571801932,0.3117977171256189,0.2308484261345402,2,O,OOON,3500,15200,106.6926
2518,6765.086507729937,2511.8194188796197,0.0697970246185974,0.21303056585191885,0.2707604710828024,3,O,OOON,3500,15200,106.6926
2519,5556.186024005532,1208.9004837244079,0.04902748159221551,0.16525520851516529,0.1786969734005754,4,N,OOON,3500,15200,106.6926
2520,12193.20485951307,3106.7951388287183,0.15637016038044796,0.4155557482674298,0.2030585058057986,1,O,OOON,3500,15300,105.6489
2521,9432.115753346752,2761.089104479436,0.11006400444899113,0.3145559261027139,0.2264449040504105,2,O,OOON,3500,15300,105.6489
2522,6938.504593437698,2493.611159908961,0.07156252719453174,0.2171948519039118,0.2643745290153129,3,O,OOON,3500,15300,105.6489
2523,5737.303639713897,1201.2009558409668,0.05087329947928414,0.17038059863731356,0.17312101471793206,4,N,OOON,3500,15300,105.6489
2524,12325.370039822215,3074.6299571735535,0.1572453154433233,0.4164706929892725,0.19965129592036063,1,O,OOON,3500,15400,104.6052
2525,9587.752776494182,2737.6172617139355,0.1115504105535964,0.31727916091648994,0.22211237900922476,2,O,OOON,3500,15400,104.6052
2526,7112.54744230332,2475.205309870534,0.073342461735527,0.22134171967938202,0.2581632388289018,3,O,OOON,3500,15400,104.6052
2527,5919.122364907509,1193.4250773966294,0.052743857046600534,0.17550694944958772,0.16779151029608483,4,N,OOON,3500,15400,104.6052
2528,12457.713806682883,3042.2861937541406,0.15811715451626546,0.41735774315012797,0.1962765286292994,1,O,OOON,3500,15500,103.5615
2529,9743.817431085421,2713.8963753175685,0.11303800955717674,0.3199667122678952,0.2178486693009203,2,O,OOON,3500,15500,103.5615
2530,7287.2148890411645,2456.6025311367657,0.07513630338523296,0.22546888390577705,0.252119105115777,3,O,OOON,3500,15500,103.5615
2531,6101.648208049303,1185.5666809922636,0.05463848205936105,0.1806305756938216,0.16269132982137952,4,N,OOON,3500,15500,103.5615
2532,12590.23497571507,3009.765040749091,0.15898563937675467,0.4182164957263319,0.19293365645827507,1,O,OOON,3500,15600,102.5178
2533,9900.309995832335,2689.924979982897,0.11452658557811156,0.3226178600300896,0.2136516899939845,2,O,OOON,3500,15600,102.5178
2534,7462.518457232218,2437.791535126822,0.0769436729146943,0.2295746567206754,0.24623385895522892,3,O,OOON,3500,15600,102.5178
2535,6284.897527218719,1177.6209300296962,0.05655662543740187,0.185748211671606,0.15780475944932743,4,N,OOON,3500,15600,102.5178
2536,12722.932385629045,2977.067672072002,0.1598507313105565,0.4190465302920223,0.1896221447179619,1,O,OOON,3500,15700,101.4741
2537,10057.230831693912,2665.7015537667207,0.11601592246010199,0.32523188149136084,0.20951943097471107,2,O,OOON,3500,15700,101.4741
2538,7638.464113188641,2418.766717961657,0.07876411810576232,0.23365710783634996,0.2405002687558152,3,O,OOON,3500,15700,101.4741
2539,6468.881472207904,1169.5826410605418,0.05849766860438625,0.19085645800626108,0.1531175146900448,4,N,OOON,3500,15700,101.4741
2540,12855.804474332617,2944.195630642513,0.1607123874300557,0.4198473898849913,0.18634149561028565,1,O,OOON,3500,15800,100.4304
2541,10214.579961292766,2641.2245160712996,0.11750579981321319,0.3278080398353967,0.20544996008181848,2,O,OOON,3500,15800,100.4304
2542,7815.0575307507015,2399.52243045613,0.08059717747050273,0.23771430497525137,0.23491151271505095,3,O,OOON,3500,15800,100.4304
2543,6653.610729328714,1161.4468014226354,0.060460979234204466,0.19595194317985523,0.14861653888695925,4,N,OOON,3500,15800,100.4304
2544,12988.849142809317,2911.150857190685,0.1615705728577762,0.4206186018180811,0.18309124887991732,1,O,OOON,3500,15900,99.38669999999999
2545,10372.356183446116,2616.4929622815507,0.11899599988926614,0.33034558322479607,0.20144147749456714,2,O,OOON,3500,15900,99.38669999999999
2546,7992.3033187836,2380.0528635461988,0.0824423860679307,0.24174434549943224,0.22946115824142949,3,O,OOON,3500,15900,99.38669999999999
2547,6839.095149808923,1153.2081689748675,0.06244591607839076,0.20103134909325296,0.14428984023473995,4,N,OOON,3500,15900,99.38669999999999
2548,13122.06621352367,2877.933786476326,0.16242523629555533,0.42135969224889247,0.17987086165477037,1,O,OOON,3500,16000,98.343
2549,10530.560554496471,2591.505658499641,0.1204862977758962,0.3328437430150191,0.19749219492802297,2,O,OOON,3500,16000,98.343
2550,8170.208249165457,2360.3523028715117,0.08429927507725292,0.24574534453391983,0.22414308247471773,3,O,OOON,3500,16000,98.343
2551,7025.346455612398,1144.8617935530608,0.06445183265418399,0.20609140759864394,0.14012639074040767,4,N,OOON,3500,16000,98.343
2552,13266.800578633654,2833.1994213658977,0.1634797900994371,0.42215391443789835,0.17597511933949675,1,O,OOON,3500,16100,96.96119999999999
2553,10709.593679748732,2557.2068981688594,0.12233252001608048,0.33580470978249966,0.19275234319020915,2,O,OOON,3500,16100,96.96119999999999
2554,8376.668544967933,2332.9251323031635,0.08661339350299836,0.25058663178310475,0.21783507405277194,3,O,OOON,3500,16100,96.96119999999999
2555,7243.617736863979,1133.050808097923,0.06696123398817225,0.2122500641499923,0.13526270044176142,4,N,OOON,3500,16100,96.96119999999999
2556,13411.787831172278,2788.21216882465,0.16453152665239462,0.42290112860797147,0.17211186227312653,1,O,OOON,3500,16200,95.5794
2557,10889.270805608901,2522.517006331349,0.12418302065504656,0.33870900927382025,0.18808208406551152,2,O,OOON,3500,16200,95.5794
2558,8584.142834221488,2305.127971614632,0.08895012457757705,0.255387962683363,0.21168800122293724,3,O,OOON,3500,16200,95.5794
2559,7463.083600327244,1121.0592338396855,0.06950762096419404,0.21838220568426184,0.1305965261167927,4,N,OOON,3500,16200,95.5794
2560,13557.025847533727,2742.974152453455,0.16558031197397602,0.4235998467837198,0.16828062284990522,1,O,OOON,3500,16300,94.1976
2561,11069.59322218952,2487.4326090451223,0.12603735784693165,0.3415546093855629,0.18347922597622193,2,O,OOON,3500,16300,94.1976
2562,8792.643579209549,2276.949642778455,0.09130864650802968,0.2601453649891537,0.2056940663559527,3,O,OOON,3500,16300,94.1976
2563,7683.766272946914,1108.8773062577343,0.07208990283160428,0.22448148130290765,0.12611421084777116,4,N,OOON,3500,16300,94.1976
2564,13702.512351792779,2697.487648170235,0.16662600700229174,0.4242484971740095,0.16448095415672165,1,O,OOON,3500,16400,92.8158
2565,11250.562714706586,2451.9496370861893,0.12789510071777388,0.34433948184723073,0.17894161115391272,2,O,OOON,3500,16400,92.8158
2566,9002.184717859165,2248.3780023295844,0.09368813001256916,0.2648549126089106,0.19984582632391662,3,O,OOON,3500,16400,92.8158
2567,7905.689279923343,1096.4954379691972,0.07470696398598965,0.2305415955372954,0.1218032591348512,4,N,OOON,3500,16400,92.8158
2568,13848.244906760288,2651.7550931579785,0.16766846725639176,0.4248454184583752,0.16071242988836235,1,O,OOON,3500,16500,91.43400000000001
2569,11432.177388925034,2416.0675178353204,0.12975573563562193,0.34706124911679986,0.1744674169255824,2,O,OOON,3500,16500,91.43400000000001
2570,9212.773893107498,2219.403500348684,0.09608764875534156,0.2695124081393295,0.19413655201840546,3,O,OOON,3500,16500,91.43400000000001
2571,8128.869987252993,1083.9039063980033,0.07735758090760061,0.23655608072972542,0.11765228572568376,4,N,OOON,3500,16500,91.43400000000001
2572,13994.220904388947,2605.779095464694,0.16870754247160274,0.42538885362711837,0.15697464430510205,1,O,OOON,3500,16600,90.0522
2573,11614.437591735843,2379.7833126533346,0.13161879686725872,0.34971768691906846,0.17005471965266558,2,O,OOON,3500,16600,90.0522
2574,9424.422641333947,2190.014950525123,0.09850629798899671,0.274113778613101,0.18855970710828132,3,O,OOON,3500,16600,90.0522
2575,8353.329404022677,1071.0932401909147,0.0800405318654645,0.24251859850021132,0.11365080715854976,4,N,OOON,3500,16600,90.0522
2576,14140.437555559565,2559.562444258067,0.1697430762058122,0.4258769433382556,0.15326721223102197,1,O,OOON,3500,16700,88.6704
2577,11797.342468771627,2343.095086788217,0.13348378726394736,0.35230640952011616,0.16570173854818146,2,O,OOON,3500,16700,88.6704
2578,9637.140589915856,2160.2018523044303,0.10094312162958126,0.2786548333697469,0.1831091924323323,3,O,OOON,3500,16700,88.6704
2579,8579.086038146701,1058.0545551282985,0.08275452863656572,0.24842273865251177,0.10978926220454117,4,N,OOON,3500,16700,88.6704
2580,14286.891879249422,2513.1081207064303,0.17077490541498083,0.42630771875203755,0.14958976908966848,1,O,OOON,3500,16800,87.28859999999999
2581,11980.890673469601,2306.001205769378,0.13535019518703764,0.35482493074579324,0.16140677939326062,2,O,OOON,3500,16800,87.28859999999999
2582,9850.9359038475,2129.9547410649343,0.10339713988965088,0.2831313513860644,0.17777933203092244,3,O,OOON,3500,16800,87.28859999999999
2583,8806.156885223365,1044.7790197156685,0.0854982385628728,0.2542620851547936,0.10605885876362336,4,N,OOON,3500,16800,87.28859999999999
2584,14433.580691190118,2466.4193094317325,0.1718028599960093,0.4266790938007804,0.14594197097229186,1,O,OOON,3500,16900,85.9068
2585,12165.080339100217,2268.500352011204,0.13721749372387093,0.35727065536492614,0.1571682315390967,2,O,OOON,3500,16900,85.9068
2586,10065.819941603191,2099.2603974970307,0.10586738750985611,0.28753925689181553,0.17256444996501363,3,O,OOON,3500,16900,85.9068
2587,9034.562558515105,1031.25738290575,0.08827033142180266,0.26003035432783894,0.1024514037493801,4,N,OOON,3500,16900,85.9068
2588,14580.500576887962,2419.499423692177,0.17282676216490606,0.42698885631820926,0.14232349551130452,1,O,OOON,3500,17000,84.52499999999999
2589,12349.909035244773,2230.5915413599196,0.13908513970280093,0.35964086949844315,0.15298456521415352,2,O,OOON,3500,17000,84.52499999999999
2590,10281.794998921898,2068.1140363243894,0.10835272993505723,0.2918737826382741,0.16745985985988274,3,O,OOON,3500,17000,84.52499999999999
2591,9264.31411589504,1017.4808710618696,0.09106929910902477,0.26572088163180213,0.09895945904081516,4,N,OOON,3500,17000,84.52499999999999
2592,5313.295682848161,2686.70431682292,0.1173447402016382,0.3902598003526002,0.335838039602865,1,N,NOOO,4500,8000,174.195
2593,1246.6314098001933,4066.6642730476974,0.038578515723182945,0.14149043870728406,0.765375111002252,2,O,NOOO,4500,8000,174.195
2594,0.003529010179055882,1246.631396985492,0.0054229147400915645,0.03806062899039058,0.9999999897205372,3,O,NOOO,4500,8000,174.195
2595,2.3263896099876383e-10,0.0035290101790558816,0.0004451333581638898,0.005274820081989367,0.9999999999999999,4,O,NOOO,4500,8000,174.195
2596,5412.072260708663,2687.927738999925,0.11810212427396967,0.39202049581521325,0.3318429307407315,1,N,NOOO,4500,8100,173.9157
2597,1342.7704728196668,4069.3017881315845,0.039366134051216216,0.14408307723393513,0.7518934692861521,2,O,NOOO,4500,8100,173.9157
2598,0.0037638406256551293,1342.7704725581025,0.005723077673445267,0.038876487778787015,0.9999999998052055,3,O,NOOO,4500,8100,173.9157
2599,2.769014889297791e-10,0.003763840625655129,0.00047052091519881857,0.005566721453174228,0.9999999999999999,4,O,NOOO,4500,8100,173.9157
2600,5510.942325923398,2689.057673835318,0.11885049929820599,0.3937519678788264,0.32793386266284363,1,N,NOOO,4500,8200,173.63639999999998
2601,1439.034074922425,4071.9082510512753,0.040153108198339525,0.14666257559290624,0.7388769488472188,2,O,NOOO,4500,8200,173.63639999999998
2602,0.004002311959472181,1439.0340748970625,0.006031716637267878,0.03969197698669885,0.9999999999823754,3,O,NOOO,4500,8200,173.63639999999998
2603,3.2772341316998903e-10,0.00400231195947218,0.0004966872812528112,0.005866857284331454,0.9999999999999998,4,O,NOOO,4500,8200,173.63639999999998
2604,5609.904381461716,2690.0956183468957,0.11959002046637701,0.3954548721571144,0.3241079058249272,1,N,NOOO,4500,8300,173.35709999999997
2605,1535.4296541942285,4074.4747272758473,0.04093933518574791,0.14922883329328201,0.7263002094545865,2,O,NOOO,4500,8300,173.35709999999997
2606,0.004215242188217713,1535.429654186436,0.006348839701393607,0.040506894227257756,0.9999999999949248,3,O,NOOO,4500,8300,173.35709999999997
2607,3.831911157287586e-10,0.004215242188217712,0.0005236368108703948,0.006175234630305785,0.9999999999999998,4,O,NOOO,4500,8300,173.35709999999997
2608,5708.956956888384,2691.0430429630746,0.12032083943846841,0.3971298447085642,0.32036226701941367,1,N,NOOO,4500,8400,173.07779999999997
2609,1631.9554188468937,4077.001538042422,0.041724711548458485,0.15178155278896868,0.7141412290949475,2,O,NOOO,4500,8400,173.07779999999997
2610,0.004397142542687782,1631.9554188195925,0.006674430436161269,0.041321026265404855,0.9999999999832708,3,O,NOOO,4500,8400,173.07779999999997
2611,4.741161066382314e-10,0.004397142542687773,0.0005513718666515085,0.00649183669768917,0.999999999999998,4,O,NOOO,4500,8400,173.07779999999997
2612,5808.098619520009,2691.901380371651,0.12104310447223396,0.3987775032334194,0.3166942800437237,1,N,NOOO,4500,8500,172.7985
2613,1728.6109167417262,4079.487702778605,0.042509138676084905,0.15432048645997154,0.702379207038282,2,O,NOOO,4500,8500,172.7985
2614,0.004542734272489495,1728.610916666622,0.007008468924679585,0.042134162688229865,0.9999999999565522,3,O,NOOO,4500,8500,172.7985
2615,5.055763805846887e-10,0.004542734272487214,0.0005798945406257532,0.006816643336795686,0.9999999999994978,4,O,NOOO,4500,8500,172.7985
2616,5907.327964965662,2692.672034948921,0.121756960493509,0.4003984473240007,0.31310139941266524,1,N,NOOO,4500,8600,172.5192
2617,1825.39593460187,4081.9320303636896,0.04329252205902978,0.15684541024295817,0.6909946518243493,2,O,NOOO,4500,8600,172.5192
2618,0.004648682426608754,1825.395934281399,0.007350929598850611,0.04294609481715603,0.9999999998244374,3,O,NOOO,4500,8600,172.5192
2619,5.700911151570192e-10,0.004648682426608739,0.000609206463966598,0.007149628827430246,0.9999999999999968,4,O,NOOO,4500,8600,172.5192
2620,6006.6436186019555,2693.356381334219,0.12246254920257517,0.40199325924954177,0.3095811932568068,1,N,NOOO,4500,8700,172.2399
2621,1922.312131007025,4084.3314877788116,0.044074771765032335,0.1593561606524789,0.6799690055075115,2,O,NOOO,4500,8700,172.2399
2622,0.004711191130023643,1922.312130150271,0.007701784858779324,0.04375661712694782,0.9999999995543106,3,O,NOOO,4500,8700,172.2399
2623,6.355717027060256e-10,0.004711191130023642,0.0006393090771579272,0.007490765096500193,0.9999999999999998,4,O,NOOO,4500,8700,172.2399
2624,6106.044233248233,2693.9557667033505,0.12316000915693853,0.4035625044750404,0.30613133712538076,1,N,NOOO,4500,8800,171.9606
2625,2019.3542275970117,4086.6900056968157,0.04485579887137282,0.1618524296115703,0.6692860139211306,2,O,NOOO,4500,8800,171.9606
2626,0.004726259238088037,2019.3542264209727,0.008060985780291257,0.044565520935086485,0.9999999994176163,3,O,NOOO,4500,8800,171.9606
2627,6.999699417777989e-10,0.004726259238088036,0.0006702021236961913,0.0078400041149899,0.9999999999999998,4,O,NOOO,4500,8800,171.9606
2628,6205.528488435865,2694.4715115294266,0.12384947585889336,0.4051067322516632,0.30274960803701423,1,N,NOOO,4500,8900,171.6813
2629,2116.526197524116,4089.002290922679,0.045635521608136394,0.1643341390678902,0.6589289370828967,2,O,NOOO,4500,8900,171.6813
2630,0.004690743205417885,2116.526196383971,0.008428497342714895,0.045372605656451494,0.9999999994613131,3,O,NOOO,4500,8900,171.6813
2631,7.611520761474877e-10,0.004690743205417709,0.0007018864486916249,0.00819731073953552,0.9999999999999625,4,O,NOOO,4500,8900,171.6813
2632,6305.095089699791,2694.904910275754,0.12453108184050476,0.4066264761845948,0.2994338789195282,1,N,NOOO,4500,9000,171.402
2633,2213.8270717424043,4091.2680179585436,0.04641385973155925,0.16680111150172114,0.6488828415359147,2,O,NOOO,4500,9000,171.402
2634,0.00460445651067618,2213.8270707993147,0.008804267477117479,0.046177668594411754,0.9999999995740003,3,O,NOOO,4500,9000,171.402
2635,8.170456037587478e-10,0.004604456510676179,0.0007343614918434848,0.008562633365383085,0.9999999999999998,4,O,NOOO,4500,9000,171.402
2636,6405.41000604835,2694.5899939337305,0.1252231409636991,0.40814908476923933,0.2961087905421682,1,N,NOOO,4500,9100,171.0786
2637,2312.855109177377,4092.5548968730736,0.047211436970406376,0.16931045868508732,0.6389216136061006,2,O,NOOO,4500,9100,171.0786
2638,0.004461165792859706,2312.855108431222,0.0091983067597402,0.04700176306695481,0.999999999677388,3,O,NOOO,4500,9100,171.0786
2639,8.662026797766503e-10,0.004461165792845781,0.000768666015633844,0.008945713195986237,0.9999999999968785,4,O,NOOO,4500,9100,171.0786
2640,6505.8088633349325,2694.1911366526015,0.1259075690314236,0.4096477812595671,0.2928468626796306,1,N,NOOO,4500,9200,170.75519999999997
2641,2412.0177245882255,4093.791138746778,0.048007859418164406,0.17180524039161396,0.6292516771924138,2,O,NOOO,4500,9200,170.75519999999997
2642,0.004267005710571134,2412.0177245881605,0.009601114640533688,0.047823788181780215,0.999999999999973,3,O,NOOO,4500,9200,170.75519999999997
2643,9.048668302355687e-10,0.004267005710571133,0.0008038329763417476,0.009337301995427191,0.9999999999999998,4,O,NOOO,4500,9200,170.75519999999997
2644,6606.290412163336,2693.7095878271916,0.1265844870468334,0.41112305569164687,0.28964619223948296,1,N,NOOO,4500,9300,170.43179999999998
2645,2511.314679916791,4094.9757322466285,0.04880304772142064,0.17428529974288884,0.6198600843685379,2,O,NOOO,4500,9300,170.43179999999998
2646,0.004012790279348717,2511.3146799167885,0.01001262907570162,0.04864352693419447,0.9999999999999989,3,O,NOOO,4500,9300,170.43179999999998
2647,9.277774303492355e-10,0.0040127902793487165,0.0008398621133987233,0.009737339906545451,0.9999999999999998,4,O,NOOO,4500,9300,170.43179999999998
2648,6706.85342638334,2693.1465736104,0.12725401349814605,0.4125753846610223,0.2865049546394043,1,N,NOOO,4500,9400,170.1084
2649,2610.745726937667,4096.107699445734,0.04959692558620474,0.17675049291427414,0.6107346379946988,2,O,NOOO,4500,9400,170.1084
2650,0.003708438263217083,2610.745726930631,0.010432780776023689,0.049460763738994114,0.999999999997305,3,O,NOOO,4500,9400,170.1084
2651,9.33220628771376e-10,0.0037084382632170828,0.0008767523822397744,0.010145757926002603,0.9999999999999999,4,O,NOOO,4500,9400,170.1084
2652,6807.49670258995,2692.5032974049273,0.12791626442621787,0.4140052317836605,0.28342139972683444,1,N,NOOO,4500,9500,169.785
2653,2710.312464850272,4097.184238268328,0.050389420917605975,0.1792007393394928,0.601863565605479,2,O,NOOO,4500,9500,169.785
2654,0.003359776368503109,2710.3124648484904,0.010861497921465482,0.050275286072374296,0.9999999999993426,3,O,NOOO,4500,9500,169.785
2655,9.187258490620455e-10,0.0033597763685031088,0.0009145025698232269,0.010562485212734788,0.9999999999999999,4,O,NOOO,4500,9500,169.785
2656,6908.219059573053,2691.7809404232576,0.12857135348704418,0.4154130481209314,0.280393847960756,1,N,NOOO,4500,9600,169.4616
2657,2810.0096926750552,4098.209367112605,0.05118045996235338,0.18163578498669072,0.5932367418826301,2,O,NOOO,4500,9600,169.4616
2658,0.003026694337180516,2810.009642495231,0.011298682002872916,0.0510868683576861,0.999999982142473,3,O,NOOO,4500,9600,169.4616
2659,8.97914676300487e-10,0.003026694337180479,0.0009531092434616619,0.01098742511439839,0.9999999999999878,4,O,NOOO,4500,9600,169.4616
2660,7009.019337817539,2690.9806621802554,0.12921939201336008,0.4167992725954672,0.27742068682270676,1,N,NOOO,4500,9700,169.13819999999998
2661,2909.8409073256857,4099.17843057321,0.051969977517558295,0.18405562473646786,0.5848433615321723,2,O,NOOO,4500,9700,169.13819999999998
2662,0.002629157849653757,2909.84083681477,0.011744254974789599,0.05189531879145981,0.9999999757681199,3,O,NOOO,4500,9700,169.13819999999998
2663,8.448817078994223e-10,0.0026291578496537567,0.0009925705027915505,0.011420499732496607,0.9999999999999999,4,O,NOOO,4500,9700,169.13819999999998
2664,7109.89639902822,2690.1036009702625,0.12986048907428563,0.4181643323903701,0.27450036744594514,1,N,NOOO,4500,9800,168.8148
2665,3009.8053218781824,4100.091077176761,0.05275790823086136,0.18646014804457184,0.5766738145069401,2,O,NOOO,4500,9800,168.8148
2666,0.0021099440132234153,3009.805321865764,0.012198117204975815,0.05270042728197399,0.9999999999958741,3,O,NOOO,4500,9800,168.8148
2667,7.482121136625787e-10,0.0021099440132220254,0.0010328827482926032,0.011861611751231446,0.9999999999993412,4,O,NOOO,4500,9800,168.8148
2668,7210.849125666682,2689.15087433231,0.13049475153300855,0.4195086433327915,0.2716314014477081,1,N,NOOO,4500,9900,168.4914
2669,3109.902420395336,4100.946705280262,0.05354418951611451,0.18884926227589569,0.5687189724554259,2,O,NOOO,4500,9900,168.4914
2670,0.00166488457115838,3109.902420259597,0.012660157749469034,0.05350196801826698,0.9999999999563527,3,O,NOOO,4500,9900,168.4914
2671,6.249695865848471e-10,0.0016648845711583799,0.0010740414840156355,0.012310652245648935,0.9999999999999999,4,O,NOOO,4500,9900,168.4914
2672,7311.876420487768,2688.1235795115986,0.13112228410261922,0.4208326102618525,0.2688123579511599,1,N,NOOO,4500,10000,168.16799999999998
2673,3210.131784786192,4101.744635705051,0.05432876135881286,0.19122288761532966,0.5609701805424425,2,O,NOOO,4500,10000,168.16799999999998
2674,0.0012375474456543314,3210.1317760757183,0.01313026462477697,0.05429974189173671,0.9999999972865682,3,O,NOOO,4500,10000,168.16799999999998
2675,5.01022054189009e-10,0.0012375474456543206,0.0011160419785528966,0.012767511566441552,0.9999999999999912,4,O,NOOO,4500,10000,168.16799999999998
2676,7413.4356327160685,2686.5643672835536,0.13175521049286912,0.42215300759183616,0.26599647200827264,1,N,NOOO,4500,10100,167.8152
2677,3311.5817489907,4101.853883726065,0.05512658727044166,0.19362039566419392,0.5532999930051681,2,O,NOOO,4500,10100,167.8152
2678,0.00133409800718165,3311.5812205953584,0.013617238722127098,0.05510872263959752,0.999999840440194,3,O,NOOO,4500,10100,167.8152
2679,5.825582908464293e-10,0.0013340980071816497,0.0011598422188349518,0.013240749079383106,0.9999999999999999,4,O,NOOO,4500,10100,167.8152
2680,7515.069943676087,2684.930056323676,0.13238158476904954,0.4234535378413594,0.26322843689447806,1,N,NOOO,4500,10200,167.46239999999997
2681,3413.1680113765115,4101.901932299695,0.055922817827795644,0.19600246644908875,0.5458235203454673,2,O,NOOO,4500,10200,167.46239999999997
2682,0.000467377705311689,3413.167987125204,0.014112488769862687,0.05591368000484688,0.9999999928947807,3,O,NOOO,4500,10200,167.46239999999997
2683,2.1982562904146975e-10,0.00046737770531168747,0.0012045312004198513,0.013722015916769326,0.9999999999999968,4,O,NOOO,4500,10200,167.46239999999997
2684,7616.778294639663,2683.2217053602567,0.1330015039614822,0.4247345753038547,0.26050696168546184,1,N,NOOO,4500,10300,167.10959999999997
2685,3514.890224316523,4101.888070323348,0.05671739455805252,0.19836902882115878,0.5385332107158833,2,O,NOOO,4500,10300,167.10959999999997
2686,0.0002646813998176123,3514.890113573459,0.014615875938553497,0.05671439836410466,0.9999999684931656,3,O,NOOO,4500,10300,167.10959999999997
2687,1.339164610811802e-10,0.0002646813998176039,0.0012501011095296562,0.014211147349590015,0.9999999999999682,4,O,NOOO,4500,10300,167.10959999999997
2688,7718.559645365078,2681.440354634841,0.1336150632281963,0.42599648468024603,0.25783080333027314,1,N,NOOO,4500,10400,166.75679999999997
2689,3616.7480271666764,4101.811618198316,0.05751026123261206,0.20072002028012145,0.5314218982114642,2,O,NOOO,4500,10400,166.75679999999997
2690,18.65556891239843,3598.092458309362,0.015134463012415882,0.05772996981520126,0.9948418942328341,3,O,NOOO,4500,10400,166.75679999999997
2691,1.0591190836824906e-05,18.655568912398426,0.0013108291573259432,0.014719376825180281,0.9999999999999998,4,O,NOOO,4500,10400,166.75679999999997
2692,7820.413557785354,2679.58638768324,0.1342223997495042,0.42723973606319166,0.25519870358887997,1,N,NOOO,4500,10500,166.404
2693,3718.7413654231777,4101.6721923621835,0.05830138524406,0.20305545219862828,0.5244827734562579,2,O,NOOO,4500,10500,166.404
2694,122.69359505596199,3596.047770368503,0.015692670796128957,0.05975515227660785,0.9670066877477743,3,O,NOOO,4500,10500,166.404
2695,7.313655839160564e-05,122.69359431636651,0.0014413979024854012,0.015286679506041503,0.9999999939720123,4,O,NOOO,4500,10500,166.404
2696,7922.337630078492,2677.662348072956,0.13482349816663072,0.4284643943865729,0.2526096554785807,1,N,NOOO,4500,10600,166.0512
2697,3820.870779831556,4101.466850707622,0.05909066323060654,0.20537516080182122,0.5177091714869246,2,O,NOOO,4500,10600,166.0512
2698,226.8798926459489,3593.99088718627,0.01625658851067864,0.061794673948005335,0.9406208935819368,3,O,NOOO,4500,10600,166.0512
2699,0.00014347235924276538,226.87989264336198,0.0015791733439569856,0.01586077431363944,0.9999999999885979,4,O,NOOO,4500,10600,166.0512
2700,8024.3317565450925,2675.6682495857126,0.1354185159111635,0.4296709774271708,0.2500624532323096,1,N,NOOO,4500,10700,165.69839999999996
2701,3923.132114847536,4101.199641950728,0.05987807637765595,0.20767910184657443,0.5110954739135206,2,O,NOOO,4500,10700,165.69839999999996
2702,331.1666928976344,3591.965421937898,0.016826056383002237,0.06384732167329865,0.9155861482063528,3,O,NOOO,4500,10700,165.69839999999996
2703,0.00021967616688914319,331.16669289763433,0.001724256338046872,0.016441427422227095,0.9999999999999998,4,O,NOOO,4500,10700,165.69839999999996
2704,8126.39495696725,2673.605073082997,0.13600754044257804,0.43085981257034156,0.2475560252854627,1,N,NOOO,4500,10800,165.3456
2705,4025.5279314278273,4100.867025658038,0.06066357765413668,0.2099673171507758,0.5046354561123215,2,O,NOOO,4500,10800,165.3456
2706,435.5530413976121,3589.9748900302275,0.01740094444983685,0.06591240864626807,0.8918022557992507,3,O,NOOO,4500,10800,165.3456
2707,0.00030771193942582056,435.55303973473633,0.0018767815852310044,0.017028457211663427,0.999999996182151,4,O,NOOO,4500,10800,165.3456
2708,8228.52626941485,2671.4737809068083,0.1365906576301323,0.43203121914051207,0.24508933769787233,1,N,NOOO,4500,10900,164.9928
2709,4128.057584010151,4100.46868547412,0.06144712070165928,0.2122397756001491,0.4983235820386722,2,O,NOOO,4500,10900,164.9928
2710,540.0458112222063,3588.011772786327,0.01798111851088374,0.06798935988339234,0.869176773765059,3,O,NOOO,4500,10900,164.9928
2711,0.0003959600842582695,540.0458112222062,0.002036885988475125,0.017621679679938152,0.9999999999999998,4,O,NOOO,4500,10900,164.9928
2712,8330.724725378164,2669.2752746218375,0.13716796440477524,0.43318553856052006,0.24266138860198522,1,N,NOOO,4500,11000,164.64
2713,4230.7204277636365,4100.004297639355,0.06222866669142123,0.21449647209368466,0.4921545763178773,2,O,NOOO,4500,11000,164.64
2714,644.6431353182429,3586.0772924434923,0.018566444204461602,0.07007750811190297,0.847628046729407,3,O,NOOO,4500,11000,164.64
2715,0.0004934974210346673,644.6431353182373,0.002204693007966542,0.018220893867991673,0.9999999999999913,4,O,NOOO,4500,11000,164.64
2716,8433.696832578362,2666.303167421631,0.1377573452946155,0.4343453240706613,0.24020749256050727,1,N,NOOO,4500,11100,164.2431
2717,4335.186865700755,4098.5099668913135,0.06303231968378857,0.21679752098548116,0.48596837759916384,2,O,NOOO,4500,11100,164.2431
2718,751.8928627612385,3583.2940029674223,0.019174466479093176,0.07223513803628431,0.826560449174134,3,O,NOOO,4500,11100,164.2431
2719,0.0006049642612394254,751.8928584260918,0.002385620752199109,0.01884393740409998,0.9999999942343559,4,O,NOOO,4500,11100,164.2431
2720,8536.73812899403,2663.2618710059933,0.1383410197802192,0.4354881336547458,0.23779123848267797,1,N,NOOO,4500,11200,163.84619999999998
2721,4439.793460260086,4096.944668740253,0.06383419076408449,0.21908287943619187,0.4799192158449211,2,O,NOOO,4500,11200,163.84619999999998
2722,859.2547087106792,3580.538751548226,0.01978802632536701,0.07440435261042048,0.8064651618587851,3,O,NOOO,4500,11200,163.84619999999998
2723,0.000696471935119363,859.2547086811686,0.0025750609757895938,0.019473279196881424,0.9999999999656556,4,O,NOOO,4500,11200,163.84619999999998
2724,8639.847694825292,2660.152305174717,0.1389190662595851,0.436614258270253,0.23541170842254133,1,N,NOOO,4500,11300,163.4493
2725,4544.53979577245,4095.3078990562517,0.06463423335435295,0.22135252116962104,0.4740023254702829,2,O,NOOO,4500,11300,163.4493
2726,966.7335326819217,3577.806263090351,0.02040699195088108,0.07658456106269557,0.7872758131458325,3,O,NOOO,4500,11300,163.4493
2727,0.0008228933165147952,966.7335137952077,0.002773147954728329,0.020108686604588505,0.9999999804633715,4,O,NOOO,4500,11300,163.4493
2728,8743.02462521073,2656.975374789293,0.13949156173425012,0.4377239818567983,0.2330680153323941,1,N,NOOO,4500,11400,163.05239999999998
2729,4649.4254522398005,4093.5991729722527,0.0654324025963423,0.2236064261320261,0.4682131583123142,2,O,NOOO,4500,11400,163.05239999999998
2730,1074.3309581061721,3575.09449415098,0.021031231514801445,0.0787751395227951,0.76893253389593,3,O,NOOO,4500,11400,163.05239999999998
2731,0.0009013798695471579,1074.3309573057525,0.0029800114270206596,0.020749957049421223,0.9999999992549599,4,O,NOOO,4500,11400,163.05239999999998
2732,8846.268029938536,2653.731970061461,0.14005858183998124,0.4388175815371873,0.2307593017444749,1,N,NOOO,4500,11500,162.6555
2733,4754.450001795848,4091.818028142336,0.06622865529951072,0.22584458011854164,0.4625473718741446,2,O,NOOO,4500,11500,162.6555
2734,1182.044896653518,3572.4051051467113,0.021660613083672814,0.08097542245477486,0.7513813593154507,3,O,NOOO,4500,11500,162.6555
2735,0.0009975735413431646,1182.0448955665727,0.0031957666407173694,0.02139685483808342,0.9999999990804534,4,O,NOOO,4500,11500,162.6555
2736,8949.577033164882,2650.4229668351213,0.14062020087664037,0.43989532781155116,0.22848473852026907,1,N,NOOO,4500,11600,162.2586
2737,4859.613007224153,4089.9640259410007,0.06702294989214659,0.2280669744643578,0.45700081811516036,2,O,NOOO,4500,11600,162.2586
2738,1289.8800847146842,3569.7329225099247,0.02229500903980565,0.08318485369700604,0.7345714395782685,3,O,NOOO,4500,11600,162.2586
2739,0.0011158207239480768,1289.880053550187,0.0034205311849804052,0.022049155690336695,0.9999999758392292,4,O,NOOO,4500,11600,162.2586
2740,9052.950773137605,2647.0492268623957,0.14117649183725045,0.4409574847447974,0.22624352366345263,1,N,NOOO,4500,11700,161.86169999999998
2741,4964.914021471662,4088.0367516659026,0.06781524637401826,0.23027360577003622,0.45156953286393003,2,O,NOOO,4500,11700,161.86169999999998
2742,1397.836948105285,3567.077073366302,0.022934291428155538,0.08540282740968078,0.718456967822572,3,O,NOOO,4500,11700,161.86169999999998
2743,0.0011628584922315748,1397.8369481043128,0.003654411989622443,0.022706636396735556,0.9999999999993044,4,O,NOOO,4500,11700,161.86169999999998
2744,9156.38840192644,2643.611598073558,0.14172752643628603,0.44200431014765934,0.22403488119267442,1,N,NOOO,4500,11800,161.4648
2745,5070.352587672687,4086.0358142537384,0.06860550627064575,0.2324644756490511,0.44624972586288114,2,O,NOOO,4500,11800,161.4648
2746,1505.9182189520918,3564.4343687616697,0.02357833490131939,0.08762878544740074,0.702995365140427,3,O,NOOO,4500,11800,161.4648
2747,0.0012387241368422737,1505.9182188397626,0.003897508183613658,0.023369052234091848,0.9999999999254082,4,O,NOOO,4500,11800,161.4648
2748,9259.889085158793,2640.110914841228,0.14227337513721425,0.44303605575159666,0.22185806007069142,1,N,NOOO,4500,11900,161.06789999999998
2749,5175.928239368476,4083.9608457902555,0.06939369258907815,0.2346395904903199,0.4410377714281468,2,O,NOOO,4500,11900,161.06789999999998
2750,1614.1209601858704,3561.8072791953887,0.024227012605318378,0.08986208911575233,0.6881485048621869,3,O,NOOO,4500,11900,161.06789999999998
2751,0.0012785370827354736,1614.120959997122,0.00414990646836798,0.024036167470069026,0.9999999998830643,4,O,NOOO,4500,11900,161.06789999999998
2752,9363.452001761276,2636.5479982387383,0.14281410717931547,0.44405296737779487,0.21971233318656153,1,N,NOOO,4500,12000,160.671
2753,5281.64050083349,4081.811500927791,0.07017976977495614,0.23679896123209088,0.43593019969131014,2,O,NOOO,4500,12000,160.671
2754,1722.4502848721634,3559.190215961941,0.024880203445854846,0.09210224260153281,0.6738796810196129,3,O,NOOO,4500,12000,160.671
2755,0.0013138403948949023,1722.4502848721318,0.004411694264535389,0.024707738945364273,0.9999999999999817,4,O,NOOO,4500,12000,160.671
2756,9467.803092335093,2632.19690766493,0.14336738425529902,0.44507530291371267,0.21753693451776282,1,N,NOOO,4500,12100,160.23
2757,5389.203010869378,4078.6000845744657,0.07098934171696702,0.23900311125854176,0.4307863233738356,2,O,NOOO,4500,12100,160.23
2758,1833.4876718952148,3555.7153389744444,0.025558758596476522,0.09441540542720998,0.6597850056498135,3,O,NOOO,4500,12100,160.23
2759,0.0013229350248619588,1833.487671737739,0.0046915108917983525,0.025404979501372018,0.9999999999141114,4,O,NOOO,4500,12100,160.23
2760,9572.21861724506,2627.7813827549926,0.14391563035973443,0.4460828177909079,0.2153919166192617,1,N,NOOO,4500,12200,159.789
2761,5496.906572363856,4075.312046772925,0.071797011732192,0.2411914355276862,0.42574372877683225,2,O,NOOO,4500,12200,159.789
2762,1944.6578613511826,3552.2487110127922,0.026242226501500647,0.09673571350313337,0.6462268667384691,3,O,NOOO,4500,12200,159.789
2763,0.0013125688678461995,1944.6578605800487,0.004981593602420959,0.02610680959757167,0.9999999996034603,4,O,NOOO,4500,12200,159.789
2764,9676.697764475697,2623.3022355243625,0.1444589097817422,0.4470757409398716,0.21327660451417582,1,N,NOOO,4500,12300,159.34799999999998
2765,5604.754270757121,4071.943494854388,0.07260274510629475,0.24336404391418098,0.42079887105733266,2,O,NOOO,4500,12300,159.34799999999998
2766,2055.967312339566,3548.786958475131,0.026930496291046043,0.09906266833041459,0.6331744064126011,3,O,NOOO,4500,12300,159.34799999999998
2767,0.001288188287906139,2055.9673045913473,0.005282027983147378,0.02681297041066669,0.9999999962313513,4,O,NOOO,4500,12300,159.34799999999998
2768,9781.23973428057,2618.7602657195184,0.14499728574853518,0.44805429600905977,0.21119034400963857,1,N,NOOO,4500,12400,158.907
2769,5712.7455018758465,4068.494233070652,0.07340650448219313,0.24552093744377643,0.41594872874976085,2,O,NOOO,4500,12400,158.907
2770,2167.412435816654,3545.3330660695065,0.027623442692679728,0.101395630238597,0.6206005614822777,3,O,NOOO,4500,12400,158.907
2771,0.0012209612648016854,2167.4124321123722,0.005592873558156515,0.02752318528973362,0.9999999982909197,4,O,NOOO,4500,12400,158.907
2772,9885.843738961014,2614.1562610390915,0.14553082044679524,0.44901870150389595,0.20913250088312732,1,N,NOOO,4500,12500,158.466
2773,5820.879710896871,4064.9640284611905,0.07420825387900579,0.24766212304381213,0.41119039869513574,2,O,NOOO,4500,12500,158.466
2774,2278.998565210434,3541.8811456920453,0.028320946289385886,0.10373411965300168,0.6084786701675919,3,O,NOOO,4500,12500,158.466
2775,0.001130539707938377,2278.9985652002124,0.0059141909508209104,0.028237172404366174,0.9999999999955148,4,O,NOOO,4500,12500,158.466
2776,9990.509002649509,2609.490997350642,0.14605957504352352,0.44996917092126987,0.2071024601071938,1,N,NOOO,4500,12600,158.025
2777,5929.15637070717,4061.3526321608438,0.07500795863702175,0.24978761269341657,0.4065210922770564,2,O,NOOO,4500,12600,158.025
2778,2390.7260819223425,3538.4302887853214,0.029022886716141488,0.10607758604235255,0.5967847814348154,3,O,NOOO,4500,12600,158.025
2779,0.0010190862575642757,2390.7260819016838,0.006246022824078498,0.028954645331214668,0.9999999999913588,4,O,NOOO,4500,12600,158.025
2780,10095.234761097247,2604.7652389029276,0.14658360970638423,0.450905912879704,0.20509962511046675,1,N,NOOO,4500,12700,157.584
2781,6037.574968233541,4057.6597929874492,0.07580558536927531,0.251897422807956,0.40193813110953586,2,O,NOOO,4500,12700,157.584
2782,2502.595989437629,3534.978978796289,0.02972914532698201,0.10842550043150584,0.5854964944361668,3,O,NOOO,4500,12700,157.584
2783,0.0008908257836083625,2502.5959894376283,0.006588401372057632,0.029675314852400807,0.9999999999999997,4,O,NOOO,4500,12700,157.584
2784,10200.020261465505,2599.9797385345005,0.14710298362355664,0.4518291312453451,0.20312341707300785,1,N,NOOO,4500,12800,157.143
2785,6146.134995551847,4053.8852659853087,0.07660110191935238,0.2539915737856923,0.39743894247940054,2,O,NOOO,4500,12800,157.143
2786,2614.609421378897,3531.525574172885,0.030439604945138064,0.11077734738490332,0.5745929070430055,3,O,NOOO,4500,12800,157.143
2787,0.0007924405494698361,2614.6094213785227,0.006941346838856493,0.030398886837570166,0.9999999999998569,4,O,NOOO,4500,12800,157.143
2788,10304.8647621229,2595.135237877153,0.14761775502310126,0.45273902525393767,0.20117327425404288,1,N,NOOO,4500,12900,156.702
2789,6254.835944801961,4050.0288173615477,0.07739447732353105,0.2560700896702042,0.3930210547010812,2,O,NOOO,4500,12900,156.702
2790,2726.771729174598,3528.0642159945246,0.031154152674782797,0.11313270574052317,0.5640538372435648,3,O,NOOO,4500,12900,156.702
2791,0.00060345390991947,2726.7717049735315,0.007304874868508075,0.031125067791672408,0.9999999911246452,4,O,NOOO,4500,12900,156.702
2792,10409.767532443875,2590.2324675561385,0.1481279811918749,0.45363578962892476,0.1992486513504722,1,N,NOOO,4500,13000,156.261
2793,6363.677305045311,4046.0902274180044,0.07818568177513269,0.25813299787986904,0.38868209254506897,2,O,NOOO,4500,13000,156.261
2794,2839.0727194727574,3524.604585687839,0.031872666404427985,0.11549086031293104,0.5538628715339523,3,O,NOOO,4500,13000,156.261
2795,0.000450370918288711,2839.0726858647286,0.007678961355842229,0.031853549053613435,0.9999999881623219,4,O,NOOO,4500,13000,156.261
2796,10515.970666950916,2584.029333049103,0.1486626316413191,0.45454906852863086,0.19725414756100024,1,N,NOOO,4500,13100,155.7465
2797,6475.586022680123,4040.3846442813187,0.07901966466149947,0.2602804757367288,0.38421414173198903,2,O,NOOO,4500,13100,155.7465
2798,2955.8939138661167,3519.692108854971,0.032635458514814586,0.11797386404691614,0.5435326002199006,3,O,NOOO,4500,13100,155.7465
2799,0.0014443182231403673,2955.8927245556742,0.008084701382340001,0.03262479618618748,0.9999995976477921,4,O,NOOO,4500,13100,155.7465
2800,10622.23691032851,2577.7630896714954,0.14919276626143418,0.45544879440933217,0.19528508255087088,1,N,NOOO,4500,13200,155.232
2801,6587.649654252891,4034.587256080832,0.0798518538185449,0.2624121884142762,0.3798246348806069,2,O,NOOO,4500,13200,155.232
2802,3072.880023717815,3514.7696305448058,0.033403096989833084,0.12046090384834744,0.5335392461673674,3,O,NOOO,4500,13200,155.232
2803,0.000531456702055913,3072.8796092366742,0.008502470616126374,0.03339862259065737,0.9999998651163932,4,O,NOOO,4500,13200,155.232
2804,10728.565515659546,2571.4344843404515,0.14971843755888106,0.4563351471302701,0.19334093867221439,1,N,NOOO,4500,13300,154.7175
2805,6699.867766080151,4028.6977495831024,0.08068221159360182,0.26452813878912473,0.3755113154412643,2,O,NOOO,4500,13300,154.7175
2806,3190.0319691427676,3509.8357969415515,0.034175461460867536,0.12295143100496313,0.5238664283362459,3,O,NOOO,4500,13300,154.7175
2807,0.019391186560083873,3190.0126004312187,0.008932248134887757,0.034174825016878525,0.9999939283644377,4,O,NOOO,4500,13300,154.7175
2808,10834.955746172669,2565.0442538273273,0.1502396972518426,0.4572083024329939,0.19142121297218861,1,N,NOOO,4500,13400,154.203
2809,6812.239914608474,4022.71583156578,0.08151070147382847,0.26662833316465295,0.37127201308475677,2,O,NOOO,4500,13400,154.203
2810,3307.3509719820113,3504.888942627167,0.0349524328438711,0.1254449137860561,0.5144987532090768,3,O,NOOO,4500,13400,154.203
2811,68.13535705676703,3239.2156149447737,0.009395396912153832,0.03549001281754978,0.979398812640557,4,O,NOOO,4500,13400,154.203
2812,10941.406875074917,2558.5931249250843,0.15075659628410185,0.45806843203666703,0.18952541666111736,1,N,NOOO,4500,13500,153.6885
2813,6924.765646460061,4016.6412286156437,0.08233728805928148,0.2687127811085262,0.36710463969361723,2,O,NOOO,4500,13500,153.6885
2814,3424.8383245518858,3499.9273219083407,0.03573389319973656,0.12794083295430314,0.5054217717385863,3,O,NOOO,4500,13500,153.6885
2815,192.71364151825966,3232.1246830512077,0.009887106702335436,0.037274992195235966,0.943730587187384,4,O,NOOO,4500,13500,153.6885
2816,11047.918185387141,2552.081814612863,0.1512691848388078,0.45891570373040314,0.187653074603887,1,N,NOOO,4500,13600,153.17399999999998
2817,7037.44449858933,4010.4736867979855,0.08316193703687401,0.27078149529957296,0.3630071855621232,2,O,NOOO,4500,13600,153.17399999999998
2818,3542.4953140156686,3494.949184573805,0.03651972569531759,0.13043868024077535,0.4966219179809339,3,O,NOOO,4500,13600,153.17399999999998
2819,317.3937277630964,3225.1015862723093,0.010389256477286024,0.03909131477734004,0.9104039103488408,4,O,NOOO,4500,13600,153.17399999999998
2820,11154.488969781773,2545.511030218233,0.15177751235194312,0.4597502814627333,0.18580372483344765,1,N,NOOO,4500,13700,152.65949999999998
2821,7150.275998500267,4004.2129712817973,0.08398461515494104,0.27283449138130306,0.3589777157993941,2,O,NOOO,4500,13700,152.65949999999998
2822,3660.3232001570136,3489.9527983432595,0.03730981459940767,0.13293795785249343,0.4880864457645074,3,O,NOOO,4500,13700,152.65949999999998
2823,442.1717792052998,3218.1514209517286,0.010901754833209303,0.04093826373788211,0.879198705954076,4,O,NOOO,4500,13700,152.65949999999998
2824,11261.118530424492,2538.8814695755095,0.15228162752550295,0.46057232542835386,0.18397691808518185,1,N,NOOO,4500,13800,152.14499999999998
2825,7263.2596644987225,3997.858865925717,0.08480529019846696,0.27487178782140376,0.35501436692319555,2,O,NOOO,4500,13800,152.14499999999998
2826,3778.325366712427,3484.9342980657375,0.0381040467056491,0.13543822174065134,0.47980307176671094,3,O,NOOO,4500,13800,152.14499999999998
2827,567.0733614059634,3211.252005307345,0.011424521914208159,0.04281537017764818,0.8499141004633753,4,O,NOOO,4500,13800,152.14499999999998
2828,11367.80617881715,2532.1938211828488,0.15278157834038666,0.4613819921521461,0.18217221735128408,1,N,NOOO,4500,13900,151.63049999999998
2829,7376.395005956931,3991.411172860282,0.08562393096488918,0.276893405776311,0.351115343635776,2,O,NOOO,4500,13900,151.63049999999998
2830,3896.497378580257,3479.897627487883,0.03890230482696567,0.13793888148751035,0.47176129053252075,3,O,NOOO,4500,13900,151.63049999999998
2831,692.0857120239236,3204.411666556338,0.01195744728606422,0.04472182892490421,0.8223826055091329,4,O,NOOO,4500,13900,151.63049999999998
2832,11474.551235644074,2525.4487643559187,0.15327741206901463,0.4621794345706365,0.1803891974539942,1,N,NOOO,4500,14000,151.11599999999999
2833,7489.681523578448,3984.869712065614,0.08644050724046799,0.2788993689604968,0.34727891577033343,2,O,NOOO,4500,14000,151.11599999999999
2834,4014.8446496633774,3474.8368739688494,0.03970447934495045,0.14043955524322166,0.4639498839876744,3,O,NOOO,4500,14000,151.11599999999999
2835,817.2185283219328,3197.626121342672,0.012500445384280443,0.0466570242078575,0.796450772163943,4,O,NOOO,4500,14000,151.11599999999999
2836,11582.882320818593,2517.1176791814028,0.1538034011400824,0.4629951605725996,0.17851898433910657,1,N,NOOO,4500,14100,150.5133
2837,7606.731682538668,3976.1506386508827,0.08731158361691062,0.28100816457403244,0.34327816932960753,2,O,NOOO,4500,14100,150.5133
2838,4138.7238696506,3468.0078129115423,0.04056573611177126,0.1430981222790417,0.4559129936017581,3,O,NOOO,4500,14100,150.5133
2839,949.5565186254739,3189.167351025205,0.013090426819629025,0.04874635385634927,0.770567800961904,4,O,NOOO,4500,14100,150.5133
2840,11691.277043339178,2508.722956660836,0.15432527224050874,0.4637979193191167,0.1766706307507631,1,N,NOOO,4500,14200,149.91059999999996
2841,7723.949890175941,3967.3271533328284,0.08818104125073319,0.28310080190828196,0.33934078703516113,2,O,NOOO,4500,14200,149.91059999999996
2842,4262.801454176568,3461.148436005739,0.04143204229579983,0.14575779747146914,0.44810601896938235,3,O,NOOO,4500,14200,149.91059999999996
2843,1082.0369765692467,3180.764477603472,0.013692263835236718,0.05086859729957122,0.7461676345463034,4,O,NOOO,4500,14200,149.91059999999996
2844,11799.734693080523,2500.2653069195294,0.15484306819985466,0.46458784712338563,0.17484372775661045,1,N,NOOO,4500,14300,149.3079
2845,7841.338664438528,3958.396028740472,0.08904884603404264,0.2851773581000349,0.33546483304084057,2,O,NOOO,4500,14300,149.3079
2846,4387.081688709975,3454.2569757290375,0.042303287173552195,0.1484180783852005,0.4405187842982135,3,O,NOOO,4500,14300,149.3079
2847,1214.658121432406,3172.4235672845625,0.01430587050092612,0.05302294314432893,0.7231284467414182,4,O,NOOO,4500,14300,149.3079
2848,11908.254568273162,2491.7454317269453,0.1553568312660124,0.46536507686509954,0.17303787720326008,1,N,NOOO,4500,14400,148.7052
2849,7958.897498951145,3949.357069350058,0.08991495844586453,0.28723782433307343,0.33164869349301807,2,O,NOOO,4500,14400,148.7052
2850,4511.5659847778015,3447.331514174327,0.04317934930067813,0.15107843620699704,0.43314184089299174,3,O,NOOO,4500,14400,148.7052
2851,1347.4314796562617,3164.13450512151,0.01493115491474729,0.05520870718359197,0.7013384079491295,4,O,NOOO,4500,14400,148.7052
2852,12016.8359753746,2483.1640246255733,0.1558666031140161,0.4661297380523283,0.1712526913534878,1,N,NOOO,4500,14500,148.1025
2853,8076.625901422151,3940.210073976539,0.09077933996726277,0.2892821951710373,0.32789080936537546,2,O,NOOO,4500,14500,148.1025
2854,4636.255761743843,3440.370139679128,0.044060108107797744,0.15373835282670453,0.42596626136581855,3,O,NOOO,4500,14500,148.1025
2855,1480.3614506380986,3155.8943111499243,0.015568019285763348,0.05742512344901763,0.6806989245914449,4,O,NOOO,4500,14500,148.1025
2856,12125.478228942151,2474.52177105821,0.1563724248546759,0.4668819568813058,0.16948779253823357,1,N,NOOO,4500,14600,147.49979999999996
2857,8194.523376569081,3930.9548523811704,0.09164195303621839,0.2913104679444681,0.32418967550479155,2,O,NOOO,4500,14600,147.49979999999996
2858,4761.152416750581,3433.3709598183973,0.044945443848231244,0.1563973203323023,0.41898360673856494,3,O,NOOO,4500,14600,147.49979999999996
2859,1613.4433895312236,3147.709027218482,0.016216358874216442,0.05967131292535749,0.6611233482348268,4,O,NOOO,4500,14600,147.49979999999996
2860,12234.18065150684,2465.8193484936282,0.15687433704304993,0.46762185629420266,0.1677428128226958,1,N,NOOO,4500,14700,146.89709999999997
2861,8312.58944702322,3921.5912044886745,0.09250276107828562,0.2933226432964495,0.3205438366651604,2,O,NOOO,4500,14700,146.89709999999997
2862,4886.25733974617,3426.3321072772633,0.0458352376928766,0.15905484112429785,0.41218589335050704,3,O,NOOO,4500,14700,146.89709999999997
2863,1746.6891332708033,3139.5682064748285,0.01687607360670424,0.06194657970493391,0.6425302615432698,4,O,NOOO,4500,14700,146.89709999999997
2864,12342.942573446935,2457.057426553621,0.15737237968674395,0.46834955603484996,0.16601739368605548,1,N,NOOO,4500,14800,146.2944
2865,8430.823631352814,3912.118942089911,0.09336172844587413,0.29531872438337026,0.3169518871866061,2,O,NOOO,4500,14800,146.2944
2866,5011.571890583133,3419.2517407697014,0.04672937166238782,0.16171042756641926,0.40556556396863525,3,O,NOOO,4500,14800,146.2944
2867,1880.1002892605052,3131.471601322634,0.01754705623251872,0.06425010525446942,0.6248481852982587,4,O,NOOO,4500,14800,146.2944
2868,12451.763332871647,2448.2366671290874,0.15786659225405802,0.4690651727027466,0.16431118571336156,1,N,NOOO,4500,14900,145.6917
2869,8549.225442187682,3902.537890681765,0.09421882039635814,0.2972987166953498,0.3134124690901714,2,O,NOOO,4500,14900,145.6917
2870,5137.099614150877,3412.1258291870886,0.047627731130937094,0.16436365630718552,0.39911520081682994,3,O,NOOO,4500,14900,145.6917
2871,2013.6852507185974,3123.414363462419,0.018229205054625677,0.06658114410787176,0.6080112511072447,4,O,NOOO,4500,14900,145.6917
2872,12560.642275494656,2439.3577245063298,0.15835701368198382,0.4697688198049672,0.16262384830042198,1,N,NOOO,4500,15000,145.08899999999997
2873,8667.794384757877,3892.8478907321874,0.09507400307264642,0.29926262790022895,0.30992427022040014,2,O,NOOO,4500,15000,145.08899999999997
2874,5262.836197942698,3404.958187412125,0.04853019355313819,0.16701392195944004,0.3928286754701597,3,O,NOOO,4500,15000,145.08899999999997
2875,2147.4348423048214,3115.401355649156,0.01892239023420542,0.06893874410463408,0.5919624397329716,4,O,NOOO,4500,15000,145.08899999999997
2876,12671.668969410974,2428.3310305899067,0.15888873680117396,0.47049373001193845,0.16081662454237794,1,N,NOOO,4500,15100,144.3687
2877,8791.489734494524,3880.179234910327,0.09600616820095911,0.30136448918673386,0.30620901195232947,2,O,NOOO,4500,15100,144.3687
2878,5396.103933257428,3395.385801523652,0.049519765846976836,0.16988450186995882,0.3862127926057202,3,O,NOOO,4500,15100,144.3687
2879,2290.9418716191485,3105.162061639035,0.019690048285469088,0.07152768278745832,0.5754451915763164,4,O,NOOO,4500,15100,144.3687
2880,12782.76285040149,2417.237149599094,0.15941663257632963,0.47120531452784437,0.15902875984204567,1,N,NOOO,4500,15200,143.6484
2881,8915.381857552835,3867.380992848176,0.09693704924342413,0.3034493370160477,0.30254656509775635,2,O,NOOO,4500,15200,143.6484
2882,5529.626417628745,3385.755440047534,0.05051514006992428,0.17275345536437475,0.3797656111812224,3,O,NOOO,4500,15200,143.6484
2883,2434.662775385504,3094.9636422423755,0.020471545507867592,0.07414902717028445,0.5597057393200137,4,O,NOOO,4500,15200,143.6484
2884,12893.9232076995,2406.0767923006265,0.15994073498082934,0.47190366035076475,0.15725992106540043,1,N,NOOO,4500,15300,142.92809999999997
2885,9039.470401215405,3854.4528064812107,0.09786659728821251,0.3055171263462635,0.298935610550213,2,O,NOOO,4500,15300,142.92809999999997
2886,5663.405437990661,3376.06496327889,0.05151618327587269,0.17562019123655742,0.3734803935886509,3,O,NOOO,4500,15300,142.92809999999997
2887,2578.6022440379415,3084.803193952898,0.021266773886431722,0.07680181416611707,0.5446905095756954,4,O,NOOO,4500,15300,142.92809999999997
2888,13005.14933701329,2394.8506629862713,0.16046107757006334,0.472588851118056,0.15550978331079685,1,N,NOOO,4500,15400,142.2078
2889,9163.754997429374,3841.3943395826914,0.09879476429288873,0.3075678144660116,0.2953748734472349,2,O,NOOO,4500,15400,142.2078
2890,5797.442835094478,3366.312162353402,0.05252276288579806,0.1784841303040886,0.3673507381305724,3,O,NOOO,4500,15400,142.2078
2891,2722.7671032372104,3074.6757319283583,0.022075622940021144,0.07948510325869866,0.5303503319284134,4,O,NOOO,4500,15400,142.2078
2892,13116.440540420565,2383.559459578726,0.1609776934858283,0.4732609671310966,0.1537780296502404,1,N,NOOO,4500,15500,141.48749999999998
2893,9288.235261841,3828.205278577946,0.09972150306744877,0.3096013608266242,0.29186312146048116,2,O,NOOO,4500,15500,141.48749999999998
2894,5931.740451648149,3356.494810199989,0.05353474665923316,0.18134470417785314,0.36137056346855556,3,O,NOOO,4500,15500,141.48749999999998
2895,2867.157211487745,3064.5832401807315,0.022897973976534827,0.08219784161147108,0.5166414925199955,4,O,NOOO,4500,15500,141.48749999999998
2896,13227.796126261597,2372.20387373763,0.1614906154606548,0.473920085378152,0.15206435088061732,1,N,NOOO,4500,15600,140.7672
2897,9412.910793858358,3814.8853324023626,0.10064676726036945,0.31161772690921014,0.28839916309479097,2,O,NOOO,4500,15600,140.7672
2898,6066.300106900383,3346.6106869612163,0.054552002694153945,0.18420135463848605,0.3555340914464821,3,O,NOOO,4500,15600,140.7672
2899,3011.782149148093,3054.517957758815,0.02373371075749831,0.08493911524589336,0.503522394858823,4,O,NOOO,4500,15600,140.7672
2900,13339.215409034703,2360.7845909650987,0.16199987582202185,0.47456627955525393,0.1503684452844012,1,N,NOOO,4500,15700,140.04690000000002
2901,9537.781176768129,3801.434232266071,0.1015705113448293,0.3136168760957944,0.284981846060552,2,O,NOOO,4500,15700,140.04690000000002
2902,6201.1235845471865,3336.657592223398,0.055574399439665266,0.1870535333192159,0.3498358297788105,3,O,NOOO,4500,15700,140.04690000000002
2903,3156.645911566935,3044.4776729806363,0.024582709917206732,0.08770792132898965,0.4909558133250698,4,O,NOOO,4500,15700,140.04690000000002
2904,13450.697709288372,2349.3022907123777,0.16250550649648954,0.47519962008510575,0.14869001839951757,1,N,NOOO,4500,15800,139.32659999999998
2905,9662.845977838937,3787.851731448927,0.10249269060517022,0.31559877354271504,0.28161005572470993,2,O,NOOO,4500,15800,139.32659999999998
2906,6336.212627044578,3326.6333507950394,0.0566018057147998,0.18990070153597471,0.34427055532339446,3,O,NOOO,4500,15800,139.32659999999998
2907,3301.753256451025,3034.45937059336,0.025444845052010206,0.09050326352211784,0.4789074403282349,4,O,NOOO,4500,15800,139.32659999999998
2908,13562.24235351346,2337.7576464880863,0.1630075390137243,0.4758201741340806,0.14702878279799284,1,N,NOOO,4500,15900,138.6063
2909,9788.10474851797,3774.137604995169,0.10341326112355968,0.31756338605790463,0.2782827136264405,2,O,NOOO,4500,15900,138.6063
2910,6471.568933135198,3316.535815382756,0.057634090729995695,0.19274233018499892,0.3388332982322157,3,O,NOOO,4500,15900,138.6063
2911,3447.1090655181993,3024.4598676170735,0.026319986446341703,0.09332414365797857,0.46734569296349165,4,O,NOOO,4500,15900,138.6063
2912,13673.848674052068,2326.151325949878,0.1635060045105922,0.4764280056279209,0.14538445787186738,1,N,NOOO,4500,16000,137.886
2913,9913.557024608832,3760.2916494431106,0.10433217976686573,0.3195106819797376,0.2749987760635936,2,O,NOOO,4500,16000,137.886
2914,6607.19415673503,3306.362867873844,0.05867112410941396,0.19557789966636657,0.33351932708575976,3,O,NOOO,4500,16000,137.886
2915,3592.720472838392,3014.473684090706,0.0272080028057525,0.0961695988170168,0.45624112332432487,4,O,NOOO,4500,16000,137.886
2916,13788.19477104066,2311.805228962531,0.16405661794701606,0.4770537692520779,0.14359038689208267,1,N,NOOO,4500,16100,137.01870000000002
2917,10045.607243975337,3742.5875270652164,0.10535258498103628,0.3216261215455241,0.27143419346858744,2,O,NOOO,4500,16100,137.01870000000002
2918,6752.513815786242,3293.093428189062,0.059829341695592494,0.1986983511814237,0.3278142722695069,3,O,NOOO,4500,16100,137.01870000000002
2919,3750.8071439710548,3001.706671870085,0.02820858485027424,0.09934131436406514,0.4445317334786638,4,O,NOOO,4500,16100,137.01870000000002
2920,13902.614579807356,2297.3854201997583,0.16460360318546097,0.4776645384770296,0.1418139148271456,1,N,NOOO,4500,16200,136.1514
2921,10177.89367342217,3724.7209063850682,0.10637216548993086,0.3237224730851284,0.26791513819242196,2,O,NOOO,4500,16200,136.1514
2922,6898.170150212237,3279.7235244417006,0.06099466284829755,0.20181363878002193,0.3222399083423457,3,O,NOOO,4500,16200,136.1514
2923,3909.2203721319643,2988.949778089983,0.029226132094499202,0.10254443614412834,0.4332960354708011,4,O,NOOO,4500,16200,136.1514
2924,14017.10734202866,2282.8926579863914,0.16514698507633155,0.47826032429431314,0.14005476429364364,1,N,NOOO,4500,16300,135.2841
2925,10310.418390922765,3706.688875623645,0.10739090710705512,0.3257997819106988,0.2644403574273539,2,O,NOOO,4500,16300,135.2841
2926,7044.161627578954,3266.256764028217,0.06216695213143157,0.20492298392983713,0.3167918740236392,3,O,NOOO,4500,16300,135.2841
2927,4067.9620252653826,2976.19960231639,0.030260510837867367,0.10577766663276783,0.4225058650931745,4,O,NOOO,4500,16300,135.2841
2928,14131.672303055413,2268.3276969785625,0.16568678815849816,0.47884113313244825,0.13831266444991236,1,N,NOOO,4500,16400,134.4168
2929,10443.175403578312,3688.4968510673075,0.10840862656100785,0.3278575353924351,0.26100922608216837,2,O,NOOO,4500,16400,134.4168
2930,7190.490365289947,3252.6850386331907,0.06334597810035456,0.20802556339968348,0.3114651351655619,3,O,NOOO,4500,16400,134.4168
2931,4227.038710706919,2963.451654583221,0.03131154379086404,0.10903958461606776,0.4121348481166797,4,O,NOOO,4500,16400,134.4168
2932,14246.308711775864,2253.6912882870865,0.16622303665906776,0.47940696680627215,0.13658735080527798,1,N,NOOO,4500,16500,133.5495
2933,10576.168140899032,3670.140541158251,0.10942533510290682,0.3298958687530531,0.2576204556149024,2,O,NOOO,4500,16500,133.5495
2934,7337.161905035173,3239.006236018704,0.06453163408051033,0.21112083069835064,0.30625517605881886,3,O,NOOO,4500,16500,133.5495
2935,4386.460075035327,2950.701829999923,0.032379115829334996,0.11232898729858819,0.4021584732885594,4,O,NOOO,4500,16500,133.5495
2936,14361.015820506884,2238.9841796058695,0.16675575449294067,0.4799578224621235,0.13487856503649817,1,N,NOOO,4500,16600,132.6822
2937,10709.396208221538,3651.619594512024,0.11044096911598039,0.33191466329254526,0.25427307094096196,2,O,NOOO,4500,16600,132.6822
2938,7484.178564436447,3225.217643839183,0.06572376034234388,0.21420809705376215,0.3011577479375731,3,O,NOOO,4500,16600,132.6822
2939,4546.2328849562455,2937.945679480118,0.033463074070429276,0.11564455834875045,0.39255419338078595,4,O,NOOO,4500,16600,132.6822
2940,14475.792884852153,2224.2071153412376,0.16728496526234107,0.48049369251903373,0.13318605481085255,1,N,NOOO,4500,16700,131.81489999999997
2941,10842.859010142633,3632.933865419975,0.11145546413682682,0.33391378968630453,0.2509661401153074,2,O,NOOO,4500,16700,131.81489999999997
2942,7631.542514128481,3211.3164960332747,0.06692219544048644,0.21728668084677472,0.29616879579724714,3,O,NOOO,4500,16700,131.81489999999997
2943,4706.3669673943305,2925.17554748539,0.034563262490748405,0.11898503550517645,0.38330069472455053,4,O,NOOO,4500,16700,131.81489999999997
2944,14590.639163243672,2209.360837043539,0.16781069225660739,0.4810145646009476,0.13150957363354399,1,N,NOOO,4500,16800,130.9476
2945,10976.556088487228,3614.0830715481143,0.11246875793236269,0.3358931292328228,0.24769874925374147,2,O,NOOO,4500,16800,130.9476
2946,7779.256055269312,3197.3000332219567,0.06812677885689425,0.22035591433859028,0.29128444363122674,3,O,NOOO,4500,16800,130.9476
2947,4866.860606678322,2912.3954488651266,0.035679508204743166,0.12234892109355845,0.37437968723145487,4,O,NOOO,4500,16800,130.9476
2948,14705.553916586461,2194.4460836879903,0.1683329584515551,0.48152042146690427,0.12984888069159706,1,N,NOOO,4500,16900,130.0803
2949,11110.486968224486,3595.0669493648647,0.1134807889623284,0.33785256358613175,0.24447001246991262,2,O,NOOO,4500,16900,130.0803
2950,7927.321456743509,3183.165511483553,0.06933734973120295,0.2234151394011539,0.28650098961344084,3,O,NOOO,4500,16900,130.0803
2951,5027.727295128403,2899.59416170642,0.03681164903455669,0.12573501663979642,0.3657722444495841,4,O,NOOO,4500,16900,130.0803
2952,14820.536409998576,2179.4635902449786,0.16885178650678082,0.48201124096638287,0.1282037406026458,1,N,NOOO,4500,17000,129.213
2953,11244.651155602596,3575.8852569682235,0.11449149631898284,0.3397919740807812,0.2412790710163349,2,O,NOOO,4500,17000,129.213
2954,8075.740940961394,3168.9102146420914,0.07055374684030317,0.22646370702961258,0.28181489766031526,3,O,NOOO,4500,17000,129.213
2955,5188.972821998537,2886.768118987611,0.037959509501855324,0.12914196815437992,0.35746170414475303,4,O,NOOO,4500,17000,129.213
2956,14940.257419023805,2159.7425811687312,0.16946095019325805,0.4825157360778643,0.12630073574086148,1,N,NOOO,4500,17100,128.09579999999997
2957,11390.339330323237,3549.9180910581726,0.11568450427367301,0.3420091419377288,0.2376075586581241,2,O,NOOO,4500,17100,128.09579999999997
2958,8241.135041969039,3149.204288354012,0.07199767483116856,0.23000832325129644,0.27648028711227546,3,O,NOOO,4500,17100,128.09579999999997
2959,5371.992794635053,2869.142247342419,0.03933314876235997,0.13315657984249868,0.3481489179258614,4,O,NOOO,4500,17100,128.09579999999997
2960,15060.06903741263,2139.9309627196108,0.1700665566775705,0.4829996542777305,0.12441459085579132,1,N,NOOO,4500,17200,126.97859999999999
2961,11536.34798464619,3523.721053334399,0.11687781898619734,0.344201723794452,0.23397774901168622,2,O,NOOO,4500,17200,126.97859999999999
2962,8407.024892917649,3129.323091728262,0.073452163612354,0.23354220774284223,0.27125768881912204,3,O,NOOO,4500,17200,126.97859999999999
2963,5555.555069146708,2851.4698237730663,0.040731047796674885,0.13720313134776388,0.33917704064076665,4,O,NOOO,4500,17200,126.97859999999999
2964,15179.970307727805,2120.029692354573,0.17066861512805545,0.4834627992532082,0.12254506892222965,1,N,NOOO,4500,17300,125.86139999999999
2965,11682.677098257042,3497.293208306967,0.11807133198613413,0.3463693608066851,0.23038867253426498,2,O,NOOO,4500,17300,125.86139999999999
2966,8573.415251999932,3109.2618462566284,0.07491698900351992,0.23706423789465517,0.2661429242720835,3,O,NOOO,4500,17300,125.86139999999999
2967,5739.671904390384,2833.743347609457,0.04215301872316646,0.14127954079715782,0.330526781255396,4,O,NOOO,4500,17300,125.86139999999999
2968,15299.960267457685,2100.039732616982,0.17126713435243748,0.4839049628582651,0.12069193865614838,1,N,NOOO,4500,17400,124.74419999999998
2969,11829.326606663324,3470.633658217667,0.11926493553472212,0.3485116913744413,0.2268393902694993,2,O,NOOO,4500,17400,124.74419999999998
2970,8740.310780379019,3089.015826283875,0.07639192368353788,0.24057329675494726,0.26113200936931336,3,O,NOOO,4500,17400,124.74419999999998
2971,5924.355541883221,2815.9552384958292,0.04359886059619046,0.1453837039426711,0.32218021867338187,4,O,NOOO,4500,17400,124.74419999999998
2972,15420.037948041936,2079.962051980311,0.17186212278045362,0.48432592466804997,0.11885497439887492,1,N,NOOO,4500,17500,123.627
2973,11976.296378642268,3443.741566262631,0.1204585215813666,0.3506283481275445,0.22332899425191902,2,O,NOOO,4500,17500,123.627
2974,8907.720588590388,3068.5757290134766,0.07787680339699468,0.24406851809736246,0.2562207574025782,3,O,NOOO,4500,17500,123.627
2975,6109.62234108988,2798.0982475005644,0.04506840710450561,0.14951364143245488,0.31412056762136864,4,O,NOOO,4500,17500,123.627
2976,15540.20237125908,2059.7976279800946,0.17245358842415484,0.4847254514274871,0.11703395613523265,1,N,NOOO,4500,17600,122.50979999999998
2977,12123.586209641084,3416.6161594633263,0.1216519816855899,0.3527189571780433,0.2198566066155102,2,O,NOOO,4500,17600,122.50979999999998
2978,9075.637503873888,3047.9486734670236,0.07937122776567541,0.24754816830636642,0.2514065245020646,3,O,NOOO,4500,17600,122.50979999999998
2979,6295.475261426163,2780.162243041287,0.0465613141514655,0.15366687753002134,0.30633244682311184,4,O,NOOO,4500,17600,122.50979999999998
2980,15660.452553340981,2039.5474439626169,0.17304153889483273,0.4851032967079259,0.11522866915043033,1,N,NOOO,4500,17700,121.39259999999999
2981,12271.195823829832,3389.2567302042476,0.12284520705635764,0.3547831376214685,0.21642137854318824,2,O,NOOO,4500,17700,121.39259999999999
2982,9244.074426816176,3027.1213817157454,0.08087507247677471,0.25101159616904517,0.24668511734099138,3,O,NOOO,4500,17700,121.39259999999999
2983,6481.93019510129,2762.1442319067414,0.04807741582269363,0.15784140415915943,0.2988016002872094,4,O,NOOO,4500,17700,121.39259999999999
2984,15780.787503126063,2019.2124904788775,0.1736259813722332,0.4854592003571618,0.1134389039594875,1,N,NOOO,4500,17800,120.27539999999998
2985,12419.124791677934,3361.6627129282538,0.12403808808901542,0.3568204978176167,0.2130224941095197,2,O,NOOO,4500,17800,120.27539999999998
2986,9413.034191125998,3006.0905957222526,0.08238808539448132,0.25445763761328277,0.2420533367807558,3,O,NOOO,4500,17800,120.27539999999998
2987,6669.001020815245,2744.033170372641,0.049616455762015496,0.16203509209025058,0.291514204097924,4,O,NOOO,4500,17800,120.27539999999998
2988,15901.2062204609,1998.7937668130257,0.1742069225854383,0.48579288794738035,0.11166445624653776,1,N,NOOO,4500,17900,119.1582
2989,12567.372747528514,3333.833472240938,0.12523051531054075,0.35883064275236365,0.20965915579103195,2,O,NOOO,4500,17900,119.1582
2990,9582.520609625299,2984.8521377294155,0.08391001749268663,0.2578851774580038,0.23750804545177617,3,O,NOOO,4500,17900,119.1582
2991,6856.698862405773,2725.8217472353344,0.05117816334301669,0.16624572657325573,0.2844576973304231,4,O,NOOO,4500,17900,119.1582
2992,16021.707696825497,1978.2922806183183,0.17478436881284876,0.4861040702646307,0.10990512670101768,1,N,NOOO,4500,18000,118.04099999999998
2993,12715.93944090517,3305.7682559165814,0.1264223795606264,0.36081317475319785,0.20633058088880116,2,O,NOOO,4500,18000,118.04099999999998
2994,9752.537919929622,2963.40152131085,0.08544061933735754,0.26129312055876586,0.23304621220340632,3,O,NOOO,4500,18000,118.04099999999998
2995,7045.0355594978155,2707.5023604314183,0.05276225834014061,0.17047109557067955,0.2776202853719288,4,O,NOOO,4500,18000,118.04099999999998
2996,16148.78581930209,1951.214139606283,0.17548428679616354,0.4863852792236598,0.10780188616609299,1,N,NOOO,4500,18100,116.58569999999999
2997,12880.76901953704,3268.016808821772,0.1278753001800451,0.36313336343641717,0.20236919638352152,2,O,NOOO,4500,18100,116.58569999999999
2998,9946.663525857652,2934.1054910554262,0.08731777917689587,0.2653659125223019,0.22778962083747417,3,O,NOOO,4500,18100,116.58569999999999
2999,7264.229162704902,2682.4343631541437,0.05472111867591073,0.1755919286044279,0.26968182407907987,4,O,NOOO,4500,18100,116.58569999999999
3000,16275.98076721298,1924.0191639687846,0.17618054461332766,0.48663176416712584,0.10571533867960355,1,N,NOOO,4500,18200,115.1304
3001,13046.063764696037,3229.917008486074,0.12933020827733172,0.36541527142518926,0.19844684352248404,2,O,NOOO,4500,18200,115.1304
3002,10141.581320535071,2904.482437580669,0.08921121683016521,0.26941365894598734,0.2226328561600696,3,O,NOOO,4500,18200,115.1304
3003,7484.3993185736845,2657.1820019612887,0.056716827528701816,0.18073712095148461,0.26200864717033057,4,O,NOOO,4500,18200,115.1304
3004,16403.290972931285,1896.7089188371715,0.1768731165366384,0.4868426516886805,0.10364529611132085,1,N,NOOO,4500,18300,113.67509999999999
3005,13211.824147359739,3191.4668244667837,0.1307868924663714,0.367657825350464,0.19456259294146175,2,O,NOOO,4500,18300,113.67509999999999
3006,10337.300249673266,2874.52389017029,0.09112053183245909,0.27343415131167914,0.2175720671202498,3,O,NOOO,4500,18300,113.67509999999999
3007,7705.569671278627,2631.7305783945876,0.05874900709118156,0.18590266542420272,0.2545858700851578,4,O,NOOO,4500,18300,113.67509999999999
3008,16530.71482583561,1869.2850124348533,0.17756197542437926,0.48701701951310145,0.10159157676276377,1,N,NOOO,4500,18400,112.21979999999999
3009,13378.050582196738,3152.6642457870935,0.13224513774892335,0.36985991801284934,0.19071554249183714,2,O,NOOO,4500,18400,112.21979999999999
3010,10533.829085473142,2844.2214927593436,0.0930453117409399,0.27742515923075295,0.21260358340582006,3,O,NOOO,4500,18400,112.21979999999999
3011,7927.767004683054,2606.0620594168527,0.060817280249151125,0.19108462897255496,0.2473993111404083,4,O,NOOO,4500,18400,112.21979999999999
3012,16658.25067047532,1841.74909788085,0.17824709263556326,0.48715389359735295,0.09955400529085676,1,N,NOOO,4500,18500,110.7645
3013,13544.74232769287,3113.5083354377907,0.13370472150725152,0.3720203744655014,0.18690487957154453,2,O,NOOO,4500,18500,110.7645
3014,10731.175132010369,2813.5671967942976,0.09498512308067214,0.2813844009460762,0.20772393661870006,3,O,NOOO,4500,18500,110.7645
3015,8151.004989149178,2580.1701366774982,0.06292109580178566,0.19627849717779502,0.2404368678115247,4,O,NOOO,4500,18500,110.7645
3016,16785.896805714798,1814.1028746034442,0.1789284379367115,0.4872522450255976,0.0975324126130884,1,N,NOOO,4500,18600,109.30919999999999
3017,13711.898851415726,3073.9979542990495,0.13516543337677972,0.3741380317233944,0.1831298017543215,2,O,NOOO,4500,18600,109.30919999999999
3018,10929.34573158423,2782.553118312057,0.09693952936505619,0.2853095932532179,0.20292981653848505,3,O,NOOO,4500,18600,109.30919999999999
3019,8375.31236357909,2554.03336696493,0.06506003783815285,0.20148034437635431,0.23368584265608347,4,O,NOOO,4500,18600,109.30919999999999
3020,16913.65148357709,1786.34808968765,0.17960597941057316,0.4873109866892439,0.0955266358121738,1,N,NOOO,4500,18700,107.8539
3021,13879.520026594859,3034.131456982193,0.13662702393764442,0.3762115918127117,0.17938949847277452,2,O,NOOO,4500,18700,107.8539
3022,11128.35004347075,2751.1699884506943,0.0989080607835998,0.28919840657448587,0.19821794868836357,3,O,NOOO,4500,18700,107.8539
3023,8600.712624271422,2527.6374174568664,0.06723356637248513,0.2066858608916907,0.227134966781521,4,O,NOOO,4500,18700,107.8539
3024,17041.512908490316,1758.486539212496,0.18027968335839276,0.48732896973170337,0.09353651804321787,1,N,NOOO,4500,18800,106.39859999999999
3025,14047.60483696983,2993.908071520479,0.13808926603267474,0.37823977309402385,0.17568323232785704,2,O,NOOO,4500,18800,106.39859999999999
3026,11328.193351436308,2719.411485533551,0.1008902411600195,0.29304843586918167,0.1935854202259969,3,O,NOOO,4500,18800,106.39859999999999
3027,8827.225936495737,2500.9674098719206,0.06944110679918902,0.21189070564089532,0.22077372201232967,4,O,NOOO,4500,18800,106.39859999999999
3028,17169.482977534455,1730.5170224639005,0.18094955205666277,0.4873050858350661,0.0915617472203122,1,N,NOOO,4500,18900,104.9433
3029,14216.155735056002,2953.327242478466,0.1395519556916748,0.38022129834907015,0.17201026066671724,2,O,NOOO,4500,18900,104.9433
3030,11528.88835057336,2687.2674066763443,0.10288562434895325,0.29685745432898425,0.18902911988011914,3,O,NOOO,4500,18900,104.9433
3031,9054.879617454992,2474.0087267289064,0.07168209214127991,0.2170906066810475,0.21459213165212654,4,O,NOOO,4500,18900,104.9433
3032,17297.553188207912,1702.4468117899319,0.18161548170600772,0.48723786237786415,0.08960246377841746,1,N,NOOO,4500,19000,103.488
3033,14385.165350847305,2912.3878373609314,0.14101478413667942,0.3821546202099913,0.16836993103431325,2,O,NOOO,4500,19000,103.488
3034,11730.430035744315,2654.7353131427412,0.1048936230398979,0.300622688733018,0.18454673605725178,3,O,NOOO,4500,19000,103.488
3035,9283.684000520308,2446.7460327542026,0.07395579836030303,0.22228091376363238,0.20858110276423064,4,O,NOOO,4500,19000,103.488
3036,3273.532423894914,4726.467576106507,0.08864418925826371,0.2923579501965084,0.5908084470133134,1,O,ONOO,4500,8000,174.195
3037,1257.393258143755,2016.1391657944123,0.030772447111922077,0.12473669975790184,0.6158910023550553,2,N,ONOO,4500,8000,174.195
3038,0.002175486873757366,1257.3932578096997,0.004342949127913697,0.030374456815446763,0.9999999997343271,3,O,ONOO,4500,8000,174.195
3039,1.2884658980319017e-10,0.002175486873678037,0.00035651058518840266,0.004224645392425981,0.9999999999635351,4,O,ONOO,4500,8000,174.195
3040,3371.944874502739,4728.055125497775,0.08939737603818597,0.2942979595464395,0.583710509320713,1,O,ONOO,4500,8100,173.9157
3041,1352.9930577589862,2018.9518167485746,0.03167669873404098,0.12807867268113132,0.5987499475495754,2,N,ONOO,4500,8100,173.9157
3042,0.002373237893365906,1352.9930577589782,0.004622186309341286,0.031297364170321564,0.9999999999999941,3,O,ONOO,4500,8100,173.9157
3043,1.1360278543228587e-10,0.0023732378933659024,0.0003800385642782409,0.004496230400001456,0.9999999999999986,4,O,ONOO,4500,8100,173.9157
3044,3470.470027548522,4729.529972451539,0.09014460991680649,0.29621460087864476,0.5767719478599438,1,O,ONOO,4500,8200,173.63639999999998
3045,1448.737148655484,2021.7328788936986,0.03257875012102036,0.13139526192405326,0.5825530440675826,2,N,ONOO,4500,8200,173.63639999999998
3046,0.0025605569518621185,1448.737148619078,0.004910571685169093,0.032218813090372764,0.9999999999748705,3,O,ONOO,4500,8200,173.63639999999998
3047,1.3861733271214235e-10,0.0025605569518620994,0.0004043949064163331,0.004776705924567889,0.9999999999999926,4,O,ONOO,4500,8200,173.63639999999998
3048,3569.1067619626106,4730.893238037441,0.09088595786992977,0.2981082519170145,0.5699871371129447,1,O,ONOO,4500,8300,173.35709999999997
3049,1544.6245262168482,2024.4822357456835,0.033478498427959746,0.1346862779050553,0.5672237819617489,2,N,ONOO,4500,8300,173.35709999999997
3050,0.0027346207307122413,1544.6245262115408,0.005208092271948296,0.0331385860984939,0.999999999996564,3,O,ONOO,4500,8300,173.35709999999997
3051,1.668547908846094e-10,0.002734620730712234,0.00042958247337339985,0.005066058508235254,0.9999999999999973,4,O,ONOO,4500,8300,173.35709999999997
3052,3667.8539705204585,4732.1460294795415,0.09162148584021243,0.29997928223944526,0.5633507177951835,1,O,ONOO,4500,8400,173.07779999999997
3053,1640.6547759869056,2027.199194533526,0.03437584722575929,0.13795158041100333,0.5526935398264702,2,N,ONOO,4500,8400,173.07779999999997
3054,0.002889855319451311,1640.6547758923768,0.005514729947817544,0.03405646937803484,0.9999999999423835,3,O,ONOO,4500,8400,173.07779999999997
3055,1.9810438604364e-10,0.0028898553194513107,0.0004556037319009438,0.005364269834922851,0.9999999999999999,4,O,ONOO,4500,8400,173.07779999999997
3056,3766.7124455851513,4733.287556746508,0.09235125897334741,0.3018281153849453,0.5568573596172363,1,O,ONOO,4500,8500,172.7985
3057,1736.8301970975863,2029.8822485980768,0.03527071781670407,0.14119113378322432,0.5389002420339359,2,N,ONOO,4500,8500,172.7985
3058,0.003024033698805754,1736.830195919898,0.005830467054952002,0.03497226468822584,0.9999999993219324,3,O,ONOO,4500,8500,172.7985
3059,2.3218944380809523e-10,0.0030240336988057535,0.00048246118850603305,0.005671321862138785,0.9999999999999999,4,O,ONOO,4500,8500,172.7985
3060,3865.6764398598675,4734.323561391459,0.09307534068877726,0.3036549520772397,0.5505027396966813,1,O,ONOO,4500,8600,172.5192
3061,1833.1434841978519,2032.5329556842323,0.03616299334548626,0.14440464174430406,0.5257897258876412,2,N,ONOO,4500,8600,172.5192
3062,0.003138271056807692,1833.14347853631,0.006155256313195752,0.03588573016578652,0.9999999969115665,3,O,ONOO,4500,8600,172.5192
3063,2.691105189005679e-10,0.0031382710568076916,0.0005101549123674634,0.005987167743581143,0.9999999999999999,4,O,ONOO,4500,8600,172.5192
3064,3964.7480824711843,4735.251918206145,0.09379379431147719,0.3054602437417177,0.5442818296788673,1,O,ONOO,4500,8700,172.2399
3065,1929.5994040437884,2035.1486784320473,0.037052614769289484,0.14759219581019795,0.5133109685908622,2,N,ONOO,4500,8700,172.2399
3066,0.003206080145654872,1929.5994022285624,0.006489074218086677,0.03679668854378543,0.9999999990592732,3,O,ONOO,4500,8700,172.2399
3067,3.061936396583649e-10,0.0032060801456548715,0.000538686935765932,0.006311783724720867,0.9999999999999999,4,O,ONOO,4500,8700,172.2399
3068,4063.9261289962114,4736.0738713535,0.09450668185042968,0.30724432320778,0.5381902126538068,1,O,ONOO,4500,8800,171.9606
3069,2026.1968895336388,2037.7292394630338,0.03793950378495842,0.15075372288935895,0.5014188680556436,2,N,ONOO,4500,8800,171.9606
3070,0.0032476659721565656,2026.1968889608784,0.006831875922535764,0.03770493098578264,0.9999999997173225,3,O,ONOO,4500,8800,171.9606
3071,3.7060723767186515e-10,0.003247665972156452,0.0005680575412522952,0.006645125278010541,0.999999999999965,4,O,ONOO,4500,8800,171.9606
3072,4163.209431890301,4736.7905682925275,0.0952140643937422,0.3090075189653762,0.532223659358711,1,O,ONOO,4500,8900,171.6813
3073,2122.9352809215443,2040.274150969014,0.038823587544648167,0.15388918545081098,0.49007242713769256,2,N,ONOO,4500,8900,171.6813
3074,0.0032538976555660007,2122.9352804293308,0.007183611668194846,0.03861025572415918,0.9999999997681448,3,O,ONOO,4500,8900,171.6813
3075,3.824685690718867e-10,0.0032538976555659565,0.0005982666016254649,0.006987143167567615,0.9999999999999865,4,O,ONOO,4500,8900,171.6813
3076,4262.5969037965915,4737.403096297105,0.0959160021247794,0.31075015414580864,0.5263781218107894,1,O,ONOO,4500,9000,171.402
3077,2219.8140205824902,2042.782883213932,0.039704797785311725,0.1569985677415953,0.4792343562663584,2,N,ONOO,4500,9000,171.402
3078,0.00322180752580038,2219.8140196798054,0.007544225704145389,0.03951246447895394,0.9999999995933512,3,O,ONOO,4500,9000,171.402
3079,4.185700692754093e-10,0.0032218075258003795,0.0006293134583872311,0.007337781955230859,0.9999999999999999,4,O,ONOO,4500,9000,171.402
3080,4363.240004920714,4736.759995122237,0.09663136502639032,0.3125077398905113,0.5205230763870591,1,O,ONOO,4500,9100,171.0786
3081,2318.420020675773,2044.8199842448976,0.04060589200817829,0.16015313188794614,0.46864714797692064,2,N,ONOO,4500,9100,171.0786
3082,0.0031476742731909348,2318.4200188725804,0.007923276551316838,0.040434622754957066,0.9999999992222323,3,O,ONOO,4500,9100,171.0786
3083,4.521545573442139e-10,0.0031476742731909343,0.0006621718833708939,0.007706343071089584,0.9999999999999999,4,O,ONOO,4500,9100,171.0786
3084,4463.9904364446265,4736.009563580032,0.09734151310049624,0.31424523019868145,0.5147836482152208,1,O,ONOO,4500,9200,170.75519999999997
3085,2417.1730049328653,2046.817431646199,0.04150437694977129,0.16328193243751543,0.4585174320571349,2,N,ONOO,4500,9200,170.75519999999997
3086,0.0030319680522677347,2417.1730043609477,0.008311735459835845,0.04135365076112178,0.999999999763394,3,O,ONOO,4500,9200,170.75519999999997
3087,5.087023027455964e-10,0.0030319680522632227,0.0006959411098483543,0.008084038485352111,0.9999999999985119,4,O,ONOO,4500,9200,170.75519999999997
3088,4564.847205407902,4735.1527946028855,0.0980464991873761,0.31596292171469037,0.5091562144734285,1,O,ONOO,4500,9300,170.43179999999998
3089,2516.0706388582666,2048.7765665963516,0.042400181442984235,0.16638487381095404,0.4488160226193767,2,N,ONOO,4500,9300,170.43179999999998
3090,0.0028699804802601175,2516.07063885826,0.008709531203563794,0.04226933022876719,0.9999999999999973,3,O,ONOO,4500,9300,170.43179999999998
3091,5.005925419637724e-10,0.002869980480260117,0.0007306202515845352,0.008470797859683772,0.9999999999999999,4,O,ONOO,4500,9300,170.43179999999998
3092,4665.809333823548,4734.190666180589,0.09874637540607917,0.3176611053053684,0.5036373049128285,1,O,ONOO,4500,9400,170.1084
3093,2615.113965696504,2050.6953681438304,0.04329324360381752,0.16946202630256657,0.4395154669690118,2,N,ONOO,4500,9400,170.1084
3094,0.0026648858855186017,2615.1139656857454,0.0091165931912394,0.04318145183405926,0.9999999999958861,3,O,ONOO,4500,9400,170.1084
3095,5.105499101870986e-10,0.0026648858855186012,0.0007662084669060129,0.008866551416370032,0.9999999999999999,4,O,ONOO,4500,9400,170.1084
3096,4766.875856344104,4733.124143658247,0.09944119316829322,0.3193400661361709,0.4982235940692891,1,O,ONOO,4500,9500,169.785
3097,2714.302264421117,2052.573591927792,0.04418350219006217,0.172513396707456,0.430590947569167,2,N,ONOO,4500,9500,169.785
3098,0.002424216766750609,2714.3022644182206,0.009532839454910865,0.0440898051557955,0.999999999998933,3,O,ONOO,4500,9500,169.785
3099,5.300358907008638e-10,0.002424216766747619,0.0008027039525183079,0.009271218321411267,0.9999999999987665,4,O,ONOO,4500,9500,169.785
3100,4868.045819024607,4731.954180976045,0.1001310031915202,0.3210000837757727,0.49291189385167133,1,O,ONOO,4500,9600,169.4616
3101,2813.6349546077563,2054.4108644170697,0.04507089955179562,0.17553901176885353,0.42201962364206025,2,N,ONOO,4500,9600,169.4616
3102,0.00222373506444426,2813.634881716602,0.009958178856601248,0.04499417304141966,0.9999999740935994,3,O,ONOO,4500,9600,169.4616
3103,5.108880647933751e-10,0.0022237350644442595,0.0008401041499398362,0.009684708825591476,0.9999999999999998,4,O,ONOO,4500,9600,169.4616
3104,4969.318278627069,4730.681721373697,0.10081585551212195,0.32264143231479886,0.4876991465333708,1,O,ONOO,4500,9700,169.13819999999998
3105,2913.1114924847893,2056.2067861425244,0.0459553813180444,0.17853891279677306,0.4137804565640775,2,N,ONOO,4500,9700,169.13819999999998
3106,0.0018483227131091717,2913.111492484789,0.010392520909272734,0.04589437453278292,0.9999999999999999,3,O,ONOO,4500,9700,169.13819999999998
3107,4.636745729218212e-10,0.001848322713109069,0.0008784066364278755,0.010106936510285878,0.9999999999999445,4,O,ONOO,4500,9700,169.13819999999998
3108,5070.692302195975,4729.307697804238,0.10149579949793633,0.3242643804894209,0.4825824181432896,1,O,ONOO,4500,9800,168.8148
3109,3012.7313357463036,2057.960966449829,0.046836896196930815,0.1815131532914304,0.405854041973437,2,N,ONOO,4500,9800,168.8148
3110,0.001527787592429443,3012.731335746299,0.010835755597711284,0.046790178996056225,0.9999999999999984,3,O,ONOO,4500,9800,168.8148
3111,4.177272555138317e-10,0.0015277875924294428,0.0009176065619292589,0.010537784924906134,0.9999999999999999,4,O,ONOO,4500,9800,168.8148
3112,5172.166966795552,4727.83303320454,0.10217088386065959,0.32586919180599905,0.4775588922428828,1,O,ONOO,4500,9900,168.4914
3113,3112.4939328052187,2059.673033990297,0.047715395821776696,0.18446179767579748,0.3982224563153227,2,N,ONOO,4500,9900,168.4914
3114,0.0011955659056434578,3112.493931743851,0.011287773397618743,0.04768139187063147,0.9999999996589977,3,O,ONOO,4500,9900,168.4914
3115,3.7324832201329996e-10,0.001195565905641812,0.0009577003992058066,0.010977154775832942,0.9999999999986234,4,O,ONOO,4500,9900,168.4914
3116,5273.741359312374,4726.25864068765,0.10284115666783816,0.32745612466410473,0.472625864068765,1,O,ONOO,4500,10000,168.16799999999998
3117,3212.3987201110294,2061.3426392013744,0.04859083461730618,0.1873849204294763,0.39086911904798954,2,N,ONOO,4500,10000,168.16799999999998
3118,0.0009123652041842165,3212.398676473074,0.011748455065997409,0.04856781148367807,0.9999999864157724,3,O,ONOO,4500,10000,168.16799999999998
3119,2.9478761554380446e-10,0.0009123652041842164,0.0009986828386473261,0.011424925955612694,0.9999999999999999,4,O,ONOO,4500,10000,168.16799999999998
3120,5376.200705163558,4723.799294836359,0.10351955945199243,0.32904828813842096,0.46770290047884744,1,O,ONOO,4500,10100,167.8152
3121,3313.529171973071,2062.6715337119995,0.04947961156428378,0.19033071425323944,0.383667137227766,2,N,ONOO,4500,10100,167.8152
3122,0.0005640195038835903,3313.5291719730535,0.012226402411723339,0.0494658120330801,0.9999999999999948,3,O,ONOO,4500,10100,167.8152
3123,1.9792005626493608e-10,0.0005640195038835901,0.0010414742600829924,0.011889466474211779,0.9999999999999998,4,O,ONOO,4500,10100,167.8152
3124,5478.764167146469,4721.23584104573,0.10419330896280302,0.3306230261004491,0.462866258926052,1,O,ONOO,4500,10200,167.46239999999997
3125,3414.8064420925894,2063.9577252703784,0.05036547676782134,0.19325114451438785,0.37671957804771866,2,N,ONOO,4500,10200,167.46239999999997
3126,0.0004400438853674332,3414.806296418695,0.012713234221409847,0.05035878854296679,0.9999999573405121,3,O,ONOO,4500,10200,167.46239999999997
3127,1.6743082225351566e-10,0.00044004388536743316,0.0010852022818179591,0.012362621409997958,0.9999999999999999,4,O,ONOO,4500,10200,167.46239999999997
3128,5581.424741220285,4718.575264137753,0.10486244466843721,0.3321803662652615,0.45811410331434493,1,O,ONOO,4500,10300,167.10959999999997
3129,3516.226299358469,2065.198441955309,0.05124835918565858,0.19614628680420518,0.3700127723130041,2,N,ONOO,4500,10300,167.10959999999997
3130,0.001967062180114776,3516.2244401816592,0.013208796394872666,0.051246522825456005,0.9999994712579193,3,O,ONOO,4500,10300,167.10959999999997
3131,8.102357233820533e-10,0.0019670621801147754,0.0011298601456079154,0.012844236274500641,0.9999999999999998,4,O,ONOO,4500,10300,167.10959999999997
3132,5684.185435341609,4715.814568128304,0.10552701207149469,0.3337206775610035,0.4534437084738754,1,O,ONOO,4500,10400,166.75679999999997
3133,3617.791710931398,2066.3937244526614,0.05212823590424008,0.19901628461639037,0.363533833995772,2,N,ONOO,4500,10400,166.75679999999997
3134,35.703269156741115,3582.0884417914012,0.013725614480572645,0.05251100114974399,0.9901311982577335,3,O,ONOO,4500,10400,166.75679999999997
3135,1.5928152185169893e-05,35.70326915674111,0.0012002498793019386,0.013353994392746142,0.9999999999999998,4,O,ONOO,4500,10400,166.75679999999997
3136,5787.045266256447,4712.954735990336,0.10618705355727241,0.335244186233456,0.44885283199907966,1,O,ONOO,4500,10500,166.404
3137,3719.5018907594344,2067.5433755121157,0.05300506634481276,0.20186122553859287,0.35727098724589357,2,N,ONOO,4500,10500,166.404
3138,139.59012990110097,3579.9117608652614,0.014273967529646476,0.054515293216382224,0.9624707463542458,3,O,ONOO,4500,10500,166.404
3139,7.76500811942157e-05,139.5901196723805,0.0013229603222730802,0.013909556851403984,0.9999999267231825,4,O,ONOO,4500,10500,166.404
3140,5890.00329965662,4709.996701765427,0.10684261101219729,0.336751115664672,0.44433931148730443,1,O,ONOO,4500,10600,166.0512
3141,3821.3561346938027,2068.647164966886,0.05387881251070595,0.20468120773202397,0.35121324381728036,2,N,ONOO,4500,10600,166.0512
3142,243.5743825692696,3577.7817521320153,0.014829004671213925,0.05653731246721514,0.9362597010128436,3,O,ONOO,4500,10600,166.0512
3143,0.00012637673996176044,243.57438256926784,0.0014527601241384647,0.014472855660237881,0.9999999999999928,4,O,ONOO,4500,10600,166.0512
3144,5993.058636956917,4706.94136394719,0.10749372582447365,0.3382416859974619,0.43990106205113927,1,O,ONOO,4500,10700,165.69839999999996
3145,3923.35377886672,2069.704858092767,0.0547494387648036,0.2074763377965368,0.3453503433671887,2,N,ONOO,4500,10700,165.69839999999996
3146,347.6588420531253,3575.694936831714,0.015390551199511798,0.05857623693460039,0.9113873329732123,3,O,ONOO,4500,10700,165.69839999999996
3147,0.0003318468726103904,347.65884205047354,0.0015897987854670403,0.015043647665426348,0.9999999999923725,4,O,ONOO,4500,10700,165.69839999999996
3148,6096.21040595866,4703.789594600825,0.10814043889097036,0.3397161139212872,0.4355360735741504,1,O,ONOO,4500,10800,165.3456
3149,4025.494177686231,2070.7162282734803,0.05561691166623768,0.2102467294894869,0.3396726967050688,2,N,ONOO,4500,10800,165.3456
3150,451.8412091939163,3573.6529684917573,0.015958433184658092,0.06063120237211005,0.8877550955857593,3,O,ONOO,4500,10800,165.3456
3151,0.00026392481571086714,451.84120919391603,0.001734223592923096,0.015621747624978883,0.9999999999999993,4,O,ONOO,4500,10800,165.3456
3152,6199.457754702778,4700.542245644958,0.10878279062128283,0.3411746125445021,0.4312424078573356,1,O,ONOO,4500,10900,164.9928
3153,4127.776692478618,2071.6810622240373,0.056481199840375966,0.2129925028747032,0.33417133307384883,2,N,ONOO,4500,10900,164.9928
3154,556.1277644858286,3571.64892799164,0.01653248252125089,0.06270146116951399,0.8652718385904159,3,O,ONOO,4500,10900,164.9928
3155,0.0003444591090690672,556.1277644858249,0.001886177514579604,0.01620691135192569,0.9999999999999932,4,O,ONOO,4500,10900,164.9928
3156,6302.7998470817265,4697.200153130663,0.10942082094344628,0.3426173913352496,0.42701819573915123,1,O,ONOO,4500,11000,164.64
3157,4230.200685236686,2072.599161844903,0.057342273869820264,0.2157137836939284,0.32883785176908986,2,N,ONOO,4500,11000,164.64
3158,660.5174326998509,3569.6832525387704,0.017112530979115713,0.06478619665022994,0.8438567146463978,3,O,ONOO,4500,11000,164.64
3159,0.00042381454764942343,660.5174326552352,0.00204579637636379,0.016798924627058433,0.9999999999324534,4,O,ONOO,4500,11000,164.64
3160,6407.44243574879,4692.557564383422,0.11007434551294863,0.34407781754062733,0.4227529337282362,1,O,ONOO,4500,11100,164.2431
3161,4334.429881749831,2073.0125539991063,0.05822634020653591,0.21848253777031312,0.3235319825010412,2,N,ONOO,4500,11100,164.2431
3162,767.5487491488494,3566.881132610502,0.017715925484336204,0.06694367973251439,0.8229181760740664,3,O,ONOO,4500,11100,164.2431
3163,0.0005121826068022091,767.5487486639257,0.002218262297353891,0.017415387158234548,0.9999999993682177,4,O,ONOO,4500,11100,164.2431
3164,6512.183687635607,4687.816312440586,0.11072370569913695,0.3455226870603013,0.4185550278964809,1,O,ONOO,4500,11200,163.84619999999998
3165,4438.807613785808,2073.3760738498054,0.059107429420188234,0.22122691977154085,0.31838415089341415,2,N,ONOO,4500,11200,163.84619999999998
3166,874.6901707103585,3564.117443077853,0.018325687309009846,0.0691159067976064,0.8029447890484396,3,O,ONOO,4500,11200,163.84619999999998
3167,0.0006016592750190529,874.6901707012419,0.002399216307478791,0.01803898949078272,0.9999999999895772,4,O,ONOO,4500,11200,163.84619999999998
3168,6617.0228028974925,4682.9771971455,0.11136893653013685,0.3469521926659778,0.4144227608093363,1,O,ONOO,4500,11300,163.4493
3169,4543.3332911234465,2073.689511774048,0.059985508628032175,0.22394704297946735,0.31338708865654974,2,N,ONOO,4500,11300,163.4493
3170,981.9481717603843,3561.3851193627966,0.01894165373268465,0.07130215564091795,0.7838705397908767,3,O,ONOO,4500,11300,163.4493
3171,0.0006960600392234128,981.9481677328238,0.002588806293140858,0.018669490440842266,0.999999995898398,4,O,ONOO,4500,11300,163.4493
3172,6721.958989955103,4678.041010070044,0.11201007265390818,0.34836652377646665,0.4103544745675477,1,O,ONOO,4500,11400,163.05239999999998
3173,4648.0077459565955,2073.9512437483854,0.060860555309407954,0.2266431087639914,0.3085337543486319,2,N,ONOO,4500,11400,163.05239999999998
3174,1089.3261436936618,3558.6816022944513,0.019563669284354167,0.07350168849172199,0.7656359018313227,3,O,ONOO,4500,11400,163.05239999999998
3175,0.0007856812577292983,1089.3261423630656,0.002787173159934514,0.01930665761825958,0.9999999987785144,4,O,ONOO,4500,11400,163.05239999999998
3176,6826.991464898327,4673.008535114604,0.11264714834340141,0.3497658665091855,0.4063485682708351,1,O,ONOO,4500,11500,162.6555
3177,4752.8268664444395,2074.1645981101665,0.06173251951282221,0.22931503729128275,0.303818249777328,2,N,ONOO,4500,11500,162.6555
3178,1196.8170584666193,3556.0098079802433,0.020191555090291143,0.07571362100799596,0.7481883746042011,3,O,ONOO,4500,11500,162.6555
3179,0.0008889646738679084,1196.8170343536376,0.0029944357567011155,0.019950219175740073,0.9999999798524081,4,O,ONOO,4500,11500,162.6555
3180,6932.119451103121,4667.880548904926,0.11328019750193308,0.35115040373724155,0.4024034955952523,1,O,ONOO,4500,11600,162.2586
3181,4857.792420127062,2074.3270306648415,0.06260138695829981,0.23196309269121834,0.2992341729389487,2,N,ONOO,4500,11600,162.2586
3182,1304.429793285472,3553.3626268415037,0.02082516638249824,0.07793732433491193,0.731476835469343,3,O,ONOO,4500,11600,162.2586
3183,0.0009432702198910856,1304.429793281442,0.003210727859374139,0.020599946310369027,0.9999999999969106,4,O,ONOO,4500,11600,162.2586
3184,7037.342178932523,4662.657821071727,0.11390925366850997,0.35252031514918264,0.398517762484763,1,O,ONOO,4500,11700,161.86169999999998
3185,4962.903639347274,2074.4385393247794,0.0634671308332916,0.23458739772402956,0.294775852385715,2,N,ONOO,4500,11700,161.86169999999998
3186,1412.1643460825615,3550.7392932650964,0.021464346385528806,0.08017205612695541,0.7154560215745178,3,O,ONOO,4500,11700,161.86169999999998
3187,0.0010177076280277215,1412.1643439276065,0.003436162433779902,0.021255573586765993,0.9999999984740056,4,O,ONOO,4500,11700,161.86169999999998
3188,7142.658885566794,4657.341114435172,0.11453435002298065,0.3538757773096169,0.39468992495213323,1,O,ONOO,4500,11800,161.4648
3189,5068.159812247186,2074.4990731183516,0.06432972617723694,0.23718808311068149,0.29043793163779696,2,N,ONOO,4500,11800,161.4648
3190,1520.0239916463904,3548.135820631504,0.022108942381978556,0.08241713803407018,0.7000836500967175,3,O,ONOO,4500,11800,161.4648
3191,0.0010742488244443395,1520.023991646309,0.0036708512901978203,0.021916852286347526,0.9999999999999465,4,O,ONOO,4500,11800,161.4648
3192,7248.068814855279,4651.931185145886,0.11515551939111933,0.3552169637199214,0.39091858698704923,1,O,ONOO,4500,11900,161.06789999999998
3193,5173.560274949574,2074.508539750221,0.06518914968914342,0.23976528547909218,0.286215348217778,2,N,ONOO,4500,11900,161.06789999999998
3194,1628.0045165769673,3545.5557583783957,0.0227588004072509,0.08467179314581984,0.6853222094552583,3,O,ONOO,4500,11900,161.06789999999998
3195,0.0011228591990516902,1628.0045165769427,0.0039148869949222976,0.02258351222393805,0.9999999999999849,4,O,ONOO,4500,11900,161.06789999999998
3196,7353.571217205699,4646.428782795029,0.11577279424972851,0.356544044878615,0.38720239856625244,1,O,ONOO,4500,12000,160.671
3197,5279.10435551257,2074.4668615811033,0.0660453795109846,0.24231914469555577,0.2821033209996414,2,N,ONOO,4500,12000,160.671
3198,1736.1124260447862,3542.9919294655874,0.02341377410294243,0.08693542418812676,0.6711350431566878,3,O,ONOO,4500,12000,160.671
3199,0.0011491047705485427,1736.1124260447689,0.0041683677174507,0.023255293340455056,0.99999999999999,4,O,ONOO,4500,12000,160.671
3200,7460.400216927568,4639.599783072687,0.11640636126403264,0.3578890496602976,0.38343799860104855,1,O,ONOO,4500,12100,160.23
3201,5386.499105312494,2073.9011115283324,0.06692601929425439,0.24492059724304396,0.27798791636173525,2,N,ONOO,4500,12100,160.23
3202,1846.9169244140035,3539.582180898285,0.02409471719866115,0.08927494430124908,0.6571210932546769,3,O,ONOO,4500,12100,160.23
3203,0.0011602370769864922,1846.916924395278,0.00443967905691536,0.023953373405127577,0.9999999999898613,4,O,ONOO,4500,12100,160.23
3204,7567.325940690547,4632.674059309888,0.11703616618296786,0.3592200017389988,0.3797273819106466,1,O,ONOO,4500,12200,159.789
3205,5494.04513840049,2073.2808022302497,0.06780368246509483,0.24749870988566858,0.27397799678244794,2,N,ONOO,4500,12200,159.789
3206,1957.8580251151195,3536.187113285305,0.024781173802462197,0.09162367873393559,0.64363998187223,3,O,ONOO,4500,12200,159.789
3207,0.0011515485253552147,1957.8580240607132,0.00472133573782112,0.02465671664843629,0.999999999461449,4,O,ONOO,4500,12200,159.789
3208,7674.347658364787,4625.652341635295,0.11766223735938598,0.3605370574935737,0.3760692960679101,1,O,ONOO,4500,12300,159.34799999999998
3209,5601.741843343292,2072.6058149776636,0.06867834331772782,0.25005360991841047,0.27006931497540265,2,N,ONOO,4500,12300,159.34799999999998
3210,2068.9394338150196,3532.8024095876744,0.025472996567433476,0.093980981790979,0.6306614100372732,3,O,ONOO,4500,12300,159.34799999999998
3211,0.0011423187024221064,2068.9394113489975,0.0050134265640799855,0.02536503106027094,0.9999999891412857,4,O,ONOO,4500,12300,159.34799999999998
3212,7781.464645308793,4618.535354691374,0.11828460287626735,0.36184037065681224,0.37246252860414303,1,O,ONOO,4500,12400,158.907
3213,5709.588601987915,2071.8760432906897,0.06954997750276555,0.2525854276501167,0.26625784961186716,2,N,ONOO,4500,12400,158.907
3214,2180.156437873501,3529.4321641334245,0.02617003607100381,0.09634608772568315,0.6181587519115785,3,O,ONOO,4500,12400,158.907
3215,0.0010729750698430579,2180.1564354693455,0.00531601870382565,0.026078019066716862,0.9999999988972554,4,O,ONOO,4500,12400,158.907
3216,7888.676182319364,4611.323817680685,0.1189032905501674,0.3631300923645184,0.36890590541445484,1,O,ONOO,4500,12500,158.466
3217,5817.584789694538,2071.091392604536,0.07041856197925118,0.25509429615118256,0.2625397905476722,2,N,ONOO,4500,12500,158.466
3218,2291.5157871731762,3526.0690025257554,0.02687215051728259,0.0987184302499617,0.6061053048632743,3,O,ONOO,4500,12500,158.466
3219,0.0009965451790997027,2291.515787173159,0.005629182888205495,0.026795379210708827,0.9999999999999925,4,O,ONOO,4500,12500,158.466
3220,7995.9815555910145,4604.018444408988,0.11951832793453467,0.36440637120330616,0.36539828923880857,1,O,ONOO,4500,12600,158.025
3221,5925.729775574317,2070.251780003188,0.07128407496845708,0.2575803510139707,0.2589115251967546,2,N,ONOO,4500,12600,158.025
3222,2403.017810381569,3522.711965193795,0.027579197022781606,0.10109735546269952,0.5944773215468431,3,O,ONOO,4500,12600,158.025
3223,0.0008926275719309175,2403.017810355046,0.00595297028839215,0.02751680596456584,0.9999999999889627,4,O,ONOO,4500,12600,158.025
3224,8103.38183221689,4596.618170349513,0.12012974537084997,0.3656694080118499,0.36193843861019787,1,O,ONOO,4500,12700,157.584
3225,6034.024643585121,2069.35718862314,0.07214650399260292,0.2600437546955301,0.2553695767359655,2,N,ONOO,4500,12700,157.584
3226,2514.6652344140584,3519.3594091710274,0.028291043126310606,0.10348226426297166,0.5832524089725952,3,O,ONOO,4500,12700,157.584
3227,0.0007777095864655393,2514.6652344140575,0.006287425514937877,0.028241998815716755,0.9999999999999997,4,O,ONOO,4500,12700,157.584
3228,8210.87221856609,4589.127783238003,0.12073756298004272,0.3669192203472016,0.35852560806546896,1,O,ONOO,4500,12800,157.143
3229,6142.464786414238,2068.4074321457056,0.07300581106761377,0.2624845905618615,0.25191080522099796,2,N,ONOO,4500,12800,157.143
3230,2626.455543468831,3516.009242945592,0.029007531949021982,0.10587248350941379,0.572410158658495,3,O,ONOO,4500,12800,157.143
3231,0.0006725033788880326,2626.455542877964,0.006632567368318306,0.028970625839440465,0.9999999997750326,4,O,ONOO,4500,12800,157.143
3232,8318.454489186133,4581.545512067172,0.12134181162304443,0.3681560255568176,0.3551585668269126,1,O,ONOO,4500,12900,156.702
3233,6251.051951890215,2067.4025372927895,0.07386198916675442,0.26490303470074705,0.24853204882954905,2,N,ONOO,4500,12900,156.702
3234,2738.3922616935592,3512.659690196645,0.02972853823412526,0.10826745715233331,0.5619309705360032,3,O,ONOO,4500,12900,156.702
3235,0.0005333869804918304,2738.3922357489037,0.006988417432754643,0.029702382417852703,0.9999999905255883,4,O,ONOO,4500,12900,156.702
3236,8426.127907453858,4573.872093393142,0.12194251778349956,0.36937996114670896,0.3518363148763955,1,O,ONOO,4500,13000,156.261
3237,6359.785443596802,2066.342463854586,0.07471502094044509,0.2672992300486974,0.24523036993381905,2,N,ONOO,4500,13000,156.261
3238,2850.4781603382157,3509.3072833995557,0.03045392845177994,0.11066663452158469,0.5517964897593861,3,O,ONOO,4500,13000,156.261
3239,0.0003918927255008378,2850.478124313242,0.0073549821779029,0.030436953058650216,0.9999999873617788,4,O,ONOO,4500,13000,156.261
3240,8535.998551759281,4564.001448803773,0.12257385532549589,0.3706418004486946,0.3483970571605934,1,O,ONOO,4500,13100,155.7465
3241,6471.588292307405,2064.4102594504234,0.07561299013844003,0.26978848184923815,0.2418475409681209,2,N,ONOO,4500,13100,155.7465
3242,2967.0654808492827,3504.522811495573,0.031224325387727087,0.11319416070835617,0.5415243759652172,3,O,ONOO,4500,13100,155.7465
3243,0.0021721936497676175,2967.063521564142,0.007752943259168782,0.031215085222156755,0.9999993396555777,4,O,ONOO,4500,13100,155.7465
3244,8645.968872860889,4554.031127507707,0.12320180950048945,0.37189051197492984,0.3450023581445233,1,O,ONOO,4500,13200,155.232
3245,6583.552246602816,2062.4166262580666,0.07650817290233922,0.2722551056225714,0.2385408340679843,2,N,ONOO,4500,13200,155.232
3246,3083.819991745862,3499.732254867156,0.03199999204151784,0.11572694921515461,0.53158722279041,3,O,ONOO,4500,13200,155.232
3247,0.0011145787790042827,3083.81896974723,0.008163101612281929,0.03199632215978588,0.9999996685932918,4,O,ONOO,4500,13200,155.232
3248,8756.038173901152,4543.961826316925,0.12382640132251645,0.3731262174663376,0.3416512651366109,1,O,ONOO,4500,13300,154.7175
3249,6695.676697530698,2060.3614763700193,0.07740054297646243,0.2746992173052164,0.23530750271410122,2,N,ONOO,4500,13300,154.7175
3250,3200.74260306186,3494.9340944736946,0.032780787593464915,0.11826436122225972,0.5219687646750616,3,O,ONOO,4500,13300,154.7175
3251,0.0013619172865817347,3200.741254717226,0.008585439218579429,0.0327803038756919,0.999999578740061,4,O,ONOO,4500,13300,154.7175
3252,8866.205767531583,4533.794232617697,0.12444765165404115,0.37434903676364445,0.3383428531804252,1,O,ONOO,4500,13400,154.203
3253,6807.961033578766,2058.244733953046,0.07829007526316341,0.27712093500352125,0.23214493188173282,2,N,ONOO,4500,13400,154.203
3254,3317.8345850402047,3490.126448540023,0.03356657313952677,0.12080577898047211,0.5126537051733616,3,O,ONOO,4500,13400,154.203
3255,82.16463127579736,3235.6699537660156,0.009044705909645763,0.03418926648314919,0.9752354648285778,4,O,ONOO,4500,13400,154.203
3256,8976.470974083384,4523.5290260144275,0.1250655812052388,0.3755590877893592,0.33507622414921684,1,O,ONOO,4500,13500,153.6885
3257,6920.409439000539,2056.061599716174,0.07917681556126263,0.27952079112428235,0.22905010283577784,2,N,ONOO,4500,13500,153.6885
3258,3435.101633944065,3485.307805056382,0.034357255051728486,0.12335074628172416,0.5036273988955974,3,O,ONOO,4500,13500,153.6885
3259,206.59396761761067,3228.507666346361,0.009527799606226739,0.03594610483862937,0.9398579752178978,4,O,ONOO,4500,13500,153.6885
3260,9086.833120858091,4513.166879197955,0.12568021053433337,0.3767564865502838,0.331850505823379,1,O,ONOO,4500,13600,153.17399999999998
3261,7033.008256350419,2053.8249368583342,0.08006054271058856,0.28189776246561027,0.22602208157030473,2,N,ONOO,4500,13600,153.17399999999998
3262,3552.533362586045,3480.4748937645345,0.03515257587076359,0.12589826753556638,0.4948771232597171,3,O,ONOO,4500,13600,153.17399999999998
3263,331.1194510172143,3221.413911530695,0.01002165084532266,0.037735705991669276,0.9067934295726603,4,O,ONOO,4500,13600,153.17399999999998
3264,9197.291540383361,4502.708459650528,0.12629156004646555,0.37794134711459076,0.32866485106938165,1,O,ONOO,4500,13700,152.65949999999998
3265,7145.767175279687,2051.524365103714,0.08094141095054841,0.28425293370385013,0.22305744643364891,2,N,ONOO,4500,13700,152.65949999999998
3266,3670.1403015948813,3475.6268736848633,0.03595250646971078,0.12844811908115122,0.4863896049830124,3,O,ONOO,4500,13700,152.65949999999998
3267,455.7460210773074,3214.3942805178767,0.010526214723244018,0.0395575188833395,0.8758232700589246,4,O,ONOO,4500,13700,152.65949999999998
3268,9307.845570599975,4492.154429420071,0.1268996499963464,0.3791137816507492,0.3255184369144979,1,O,ONOO,4500,13800,152.14499999999998
3269,7258.684849124898,2049.1607214749724,0.08181936289370205,0.2865862931939338,0.2201541383483531,2,N,ONOO,4500,13800,152.14499999999998
3270,3787.9256752283695,3470.759174222776,0.036756898663420655,0.13099972930100057,0.4781526194295662,3,O,ONOO,4500,13800,152.14499999999998
3271,580.4927469329548,3207.4329282893955,0.011041402755869676,0.04141098143021354,0.8467518117540739,4,O,ONOO,4500,13800,152.14499999999998
3272,9418.4945542668,4481.505445744445,0.12750450048868345,0.3802739004364124,0.32241046372262194,1,O,ONOO,4500,13900,151.63049999999998
3273,7371.75928035641,2046.73527391048,0.08269436759206679,0.28889787521683385,0.21731023595307605,2,N,ONOO,4500,13900,151.63049999999998
3274,3905.8830449884076,3465.8762355013882,0.03756560905304738,0.13355239525502274,0.47015591579840893,3,O,ONOO,4500,13900,151.63049999999998
3275,705.3488345314603,3200.534210457112,0.011567097877446522,0.04329528364778634,0.8194137339989428,4,O,ONOO,4500,13900,151.63049999999998
3276,9529.237838488616,4470.76216151534,0.12810613147835817,0.3814218118711369,0.31934015439395286,1,O,ONOO,4500,14000,151.11599999999999
3277,7484.989826994498,2044.2480114937055,0.08356640612667475,0.2911878071242262,0.214523768442108,2,N,ONOO,4500,14000,151.11599999999999
3278,4024.018475916852,3460.9713511330965,0.03837851191021448,0.13610567722843164,0.4623882505025134,3,O,ONOO,4500,14000,151.11599999999999
3279,830.3239676662133,3193.694508251671,0.012103213147535019,0.04520978806418919,0.7936580130944861,4,O,ONOO,4500,14000,151.11599999999999
3280,9642.664583898213,4457.335416101673,0.12874621126416555,0.38261501746109416,0.316123079156147,1,O,ONOO,4500,14100,150.5133
3281,7601.985875281958,2040.678708615527,0.08449552758484802,0.2935899325595949,0.211630166211853,2,N,ONOO,4500,14100,150.5133
3282,4147.669154682463,3454.3167206162793,0.03925142782217287,0.13882104808035978,0.45439662441995243,3,O,ONOO,4500,14100,150.5133
3283,962.4852477180144,3185.183906963821,0.012686232544842345,0.0472787848887942,0.7679455106413067,4,O,ONOO,4500,14100,150.5133
3284,9756.196988854384,4443.803011146729,0.12938324304037702,0.38379549890394227,0.31294387402441753,1,O,ONOO,4500,14200,149.91059999999996
3285,7719.157939205071,2037.039049648719,0.08542209949528401,0.2959696470986693,0.20879437469086168,2,N,ONOO,4500,14200,149.91059999999996
3286,4271.523947657285,3447.6339915529275,0.040129694694537615,0.14153814636973436,0.4466334305770105,3,O,ONOO,4500,14200,149.91059999999996
3287,1094.7899242906533,3176.7340233979166,0.013281496565254704,0.049382320433519464,0.7437003894453629,4,O,ONOO,4500,14200,149.91059999999996
3288,9869.834413843028,4430.165586157313,0.13001724081048055,0.38496334482538197,0.3098017892417701,1,O,ONOO,4500,14300,149.3079
3289,7836.505454757725,2033.328959084932,0.08634609177122017,0.2983270443607231,0.20601449566702634,2,N,ONOO,4500,14300,149.3079
3290,4395.58437508831,3440.921079672289,0.041013173099587866,0.1442563617344468,0.43908871110186315,3,O,ONOO,4500,14300,149.3079
3291,1227.2347846815085,3168.3495904111414,0.013888907576394204,0.05151953957201856,0.7208028148356241,4,O,ONOO,4500,14300,149.3079
3292,9983.576221439293,4416.423778559914,0.1306482185048253,0.3861186421013414,0.3066960957333274,1,O,ONOO,4500,14400,148.7052
3293,7954.027848116208,2029.5483733230585,0.08726747533015272,0.3006622195577109,0.20328871421492153,2,N,ONOO,4500,14400,148.7052
3294,4519.8519776332905,3434.1758704836825,0.04190172490219161,0.1469750978914478,0.4317530609723746,3,O,ONOO,4500,14400,148.7052
3295,1359.8305593355426,3160.021418296958,0.014508370268226324,0.053689721189941225,0.6991426785510851,4,O,ONOO,4500,14400,148.7052
3296,10097.421776241796,4402.5782237583235,0.13127618998051502,0.3872614758707536,0.30362608439712574,1,O,ONOO,4500,14500,148.1025
3297,8071.7245358508835,2025.697240391272,0.0881862220681005,0.3029752693441051,0.20061529420881785,2,N,ONOO,4500,14500,148.1025
3298,4644.3282767602,3427.3962590905853,0.0427952132442749,0.14969377177199486,0.42461759489780276,3,O,ONOO,4500,14500,148.1025
3299,1492.5818923364575,3151.7463844407694,0.01513978343398901,0.05589207315649395,0.6786226546929992,4,O,ONOO,4500,14500,148.1025
3300,10211.370444819539,4388.629555180513,0.1319011690213624,0.3883919295482005,0.3005910654233228,1,O,ONOO,4500,14600,147.49979999999996
3301,8189.594925143191,2021.7755196771564,0.08910230483469889,0.30526629167307145,0.19799257412141474,2,N,ONOO,4500,14600,147.49979999999996
3302,4769.01475951964,3420.580165623446,0.043693502543677154,0.1524118131181525,0.41767391389796227,3,O,ONOO,4500,14600,147.49979999999996
3303,1625.4850402226293,3143.5297192987928,0.015783038931134377,0.058125699473090764,0.6591570539855962,4,O,ONOO,4500,14600,147.49979999999996
3304,10325.421595698677,4374.578404301105,0.13252316933788033,0.3895100848367326,0.29759036763953095,1,O,ONOO,4500,14700,146.89709999999997
3305,8307.63841403503,2017.783181665162,0.09001569740909116,0.3075353856586174,0.19541896308676848,2,N,ONOO,4500,14700,146.89709999999997
3306,4893.912873205286,3413.725540829762,0.04459645849853852,0.15512866426446234,0.4109140733740374,3,O,ONOO,4500,14700,146.89709999999997
3307,1758.5513086069077,3135.361564597269,0.016438031994007157,0.060389864359691105,0.6406655871958244,4,O,ONOO,4500,14700,146.89709999999997
3308,10439.57459934036,4360.42540065907,0.13314220456713072,0.39061602173990934,0.2946233378823696,1,O,ONOO,4500,14800,146.2944
3309,8425.854391663788,2013.7202076779859,0.09092637447637393,0.3097826514429044,0.1928929372088807,2,N,ONOO,4500,14800,146.2944
3310,5019.024023732846,3406.8303679308597,0.04550394809309201,0.15784377998602087,0.404330553267268,3,O,ONOO,4500,14800,146.2944
3311,1891.782629080425,3127.2413946521565,0.017104650827990193,0.06268372108193418,0.6230775903571595,4,O,ONOO,4500,14800,146.2944
3312,10553.82882812023,4346.171171879821,0.13375828827267436,0.391709818573635,0.29168934039461886,1,O,ONOO,4500,14900,145.6917
3313,8544.242238497292,2009.5865896243745,0.09183431160468106,0.3120081900687235,0.19041303609832255,2,N,ONOO,4500,14900,145.6917
3314,5144.351940096933,3399.890299582789,0.04641584220544345,0.16055668404424664,0.39791595377107897,3,O,ONOO,4500,14900,145.6917
3315,2025.1875917883478,3119.1643483612297,0.017782788919438006,0.0650064911400174,0.6063279465872735,4,O,ONOO,4500,14900,145.6917
3316,10668.183656324476,4331.816343675574,0.13437143394452672,0.39279155197790566,0.2887877562450383,1,O,ONOO,4500,15000,145.08899999999997
3317,8662.801326551726,2005.3823297735141,0.0927394852228369,0.3142121033561062,0.18797785962230343,2,N,ONOO,4500,15000,145.08899999999997
3318,5269.891966428408,3392.909360709427,0.04733200385716468,0.16326671257624847,0.39166422417077323,3,O,ONOO,4500,15000,145.08899999999997
3319,2158.757043076952,3111.1349233538804,0.018472310769851223,0.0673571924202711,0.5903602850254266,4,O,ONOO,4500,15000,145.08899999999997
3320,10786.179300803367,4313.820699196499,0.13503813582123111,0.39393256537116855,0.2856834900130132,1,O,ONOO,4500,15100,144.3687
3321,8786.493452164303,1999.6858486395222,0.09372503236381603,0.31656530583333964,0.18539334391470605,2,N,ONOO,4500,15100,144.3687
3322,5402.94606786434,3383.547384576475,0.04833660795145427,0.1662025735906885,0.38508506300007933,3,O,ONOO,4500,15100,144.3687
3323,2302.0616697384335,3100.884398127916,0.019236363635621066,0.0699403016702971,0.5739247364639388,4,O,ONOO,4500,15100,144.3687
3324,10904.292486075941,4295.707513923967,0.13570212081144728,0.395060505909738,0.2826123364423662,1,O,ONOO,4500,15200,143.6484
3325,8910.386906713897,1993.9055793620437,0.09470837689297623,0.318895408822832,0.18285510792269458,2,N,ONOO,4500,15200,143.6484
3326,5536.259107463622,3374.1277993742506,0.04934719739160395,0.16913686683243076,0.3786735452342564,3,O,ONOO,4500,15200,143.6484
3327,2445.5803689647873,3090.678738499607,0.020014648899781808,0.07255734338714837,0.5582612154718257,4,O,ONOO,4500,15200,143.6484
3328,11022.522599921369,4277.47740007865,0.13636339470163275,0.3961754187334902,0.27957368627965035,1,O,ONOO,4500,15300,142.92809999999997
3329,9034.48117618371,1988.0414237375571,0.09568947922735582,0.3212024626030709,0.18036174620787251,2,N,ONOO,4500,15300,142.92809999999997
3330,5669.832884631141,3364.6482916091013,0.05036362304949446,0.1720689415089236,0.37242296773818456,3,O,ONOO,4500,15300,142.92809999999997
3331,2589.3179696093976,3080.5149150217635,0.020807052264495782,0.07520731378425308,0.5433167039846838,4,O,ONOO,4500,15300,142.92809999999997
3332,11140.87087877322,4259.129033378812,0.13702200398332048,0.397277475100891,0.2765668203492735,1,O,ONOO,4500,15400,142.2078
3333,9158.777376664062,1982.0935021089285,0.09666833396124117,0.3234866080344887,0.17791189967791704,2,N,ONOO,4500,15400,142.2078
3334,5803.670682055883,3355.1066946288156,0.051385758493264974,0.17499822880834145,0.36632691861005356,3,O,ONOO,4500,15400,142.2078
3335,2733.2827098448092,3070.38797229084,0.021613468797679215,0.07788927153854383,0.5290424182378299,4,O,ONOO,4500,15400,142.2078
3336,11259.33239226247,4240.667544143618,0.13767786147233485,0.39836642275253875,0.27359145446087857,1,O,ONOO,4500,15500,141.48749999999998
3337,9283.271118308588,1976.0612739538922,0.09764482725585054,0.32574769271624526,0.17550430213001458,2,N,ONOO,4500,15500,141.48749999999998
3338,5937.77100055293,3345.500117761468,0.0524134060612435,0.17792395181489454,0.36037944762417085,3,O,ONOO,4500,15500,141.48749999999998
3339,2877.471584832416,3060.299415739226,0.022433744927325593,0.0806020268679801,0.5153953251909258,4,O,ONOO,4500,15500,141.48749999999998
3340,11377.909185686065,4222.09076987864,0.13833102785664358,0.3994424765577069,0.27064684422298974,1,O,ONOO,4500,15600,140.7672
3341,9407.96422472983,1969.9449609564683,0.09861896742131611,0.3279858919601152,0.17313769417625077,2,N,ONOO,4500,15600,140.7672
3342,6072.137751269997,3335.8264734637446,0.05344644895342782,0.1808455930363918,0.35457474048372456,3,O,ONOO,4500,15600,140.7672
3343,3021.896142053784,3050.2416092187204,0.023267773883697322,0.0833446776560021,0.502334059957839,4,O,ONOO,4500,15600,140.7672
3344,11496.600563521075,4203.399406539838,0.1389815082405535,0.40050567114847463,0.26773244627642284,1,O,ONOO,4500,15700,140.04690000000002
3345,9532.856049393722,1963.74451412838,0.09959071782025729,0.3302012580698926,0.17081088477226716,2,N,ONOO,4500,15700,140.04690000000002
3346,6206.772650484379,3326.083398909599,0.05448474073147508,0.1837625533797961,0.348907334976608,3,O,ONOO,4500,15700,140.04690000000002
3347,3166.5604531144677,3040.212197371012,0.02411542450100445,0.08611617611985678,0.48982174288819047,4,O,ONOO,4500,15700,140.04690000000002
3348,11615.405891418137,4184.594089293453,0.13962930798015377,0.4015560415522241,0.2648477271704717,1,O,ONOO,4500,15800,139.32659999999998
3349,9657.945992067089,1957.4598993514471,0.10056004300492247,0.3323938448749582,0.16852272900748877,2,N,ONOO,4500,15800,139.32659999999998
3350,6341.677425804501,3316.268566262714,0.055528136094741845,0.18667424689606232,0.3433720346941942,3,O,ONOO,4500,15800,139.32659999999998
3351,3311.46938620603,3030.2080395985004,0.0249765625709225,0.08891548082269785,0.47782437297559177,4,O,ONOO,4500,15800,139.32659999999998
3352,11734.324532475028,4165.6754557708255,0.14027443243352347,0.40259362071517574,0.26199216702961164,1,O,ONOO,4500,15900,138.6063
3353,9783.233437342096,1951.091095139204,0.10152690836336513,0.3345637066892102,0.16627212667755287,2,N,ONOO,4500,15900,138.6063
3354,6476.8537552934995,3306.3796820488865,0.056576490557573765,0.18958009957465782,0.3379638953956272,3,O,ONOO,4500,15900,138.6063
3355,3456.627924864574,3020.2258304289307,0.025851050341461894,0.0917415479462671,0.4663106416383905,4,O,ONOO,4500,15900,138.6063
3356,11853.35586579161,4146.64412705571,0.14091688720260817,0.40361844091336424,0.2591652579409819,1,O,ONOO,4500,16000,137.886
3357,9908.717771700283,1944.6380940992456,0.10249128032036908,0.3367108987387179,0.16405802003392192,2,N,ONOO,4500,16000,137.886
3358,6612.303281771215,3296.4144899291996,0.057629660630680354,0.19247954969721215,0.33267820982285906,3,O,ONOO,4500,16000,137.886
3359,3602.043305153105,3010.2599767905185,0.02673874836680745,0.09459336829958956,0.45525134714997084,4,O,ONOO,4500,16000,137.886
3360,11977.045062362162,4122.954933970744,0.1416286366847741,0.4047115452984818,0.2560841573894872,1,O,ONOO,4500,16100,137.01870000000002
3361,10040.810608820406,1936.234453549488,0.10356104299146349,0.3390373222479599,0.16166211644590875,2,N,ONOO,4500,16100,137.01870000000002
3362,6757.4301575231975,3283.380451297312,0.05880578734789083,0.19567053766589892,0.32700352384029713,3,O,ONOO,4500,16100,137.01870000000002
3363,3759.908404834593,2997.5217527467876,0.027739348348850338,0.09777363020604206,0.44358900985599975,4,O,ONOO,4500,16100,137.01870000000002
3364,12100.87068809282,4099.129310546746,0.14233800982148392,0.4057901164873221,0.25303267349053987,1,O,ONOO,4500,16200,136.1514
3365,10173.143385464682,1927.727302631575,0.10462904069115249,0.3413385371736017,0.15930484279353935,2,N,ONOO,4500,16200,136.1514
3366,6902.898910971903,3270.2444757473977,0.05998909495971473,0.19885592391595255,0.3214586044683004,3,O,ONOO,4500,16200,136.1514
3367,3918.1018630684116,2984.7970479188198,0.02875730395225599,0.10098663505128498,0.4323976182201647,4,O,ONOO,4500,16200,136.1514
3368,12224.832134437951,4075.167865731997,0.14304500176762788,0.40685412792741243,0.25001029851116546,1,O,ONOO,4500,16300,135.2841
3369,10305.715645567721,1919.116488871379,0.10569521740744209,0.3436145134470959,0.15698509948984363,2,N,ONOO,4500,16300,135.2841
3370,7048.705860897969,3257.009785293534,0.06117939672187816,0.20203477564674524,0.3160391667408665,3,O,ONOO,4500,16300,135.2841
3371,4076.623747366957,2972.0821135329525,0.02979244992675505,0.10423095700716414,0.42164933140710237,4,O,ONOO,4500,16300,135.2841
3372,12348.928788624418,4051.0712125556965,0.14374960768078232,0.40790355009714563,0.2470165373509571,1,O,ONOO,4500,16400,134.4168
3373,10438.526910544466,1910.4018780799408,0.10675951793370199,0.34586522098638733,0.15470182967123142,2,N,ONOO,4500,16400,134.4168
3374,7194.858101296275,3243.6688095858135,0.062376528447404926,0.20520646516757507,0.31074009171823136,3,O,ONOO,4500,16400,134.4168
3375,4235.4853505781875,2959.372750719817,0.030844649351521848,0.1075052848322927,0.411317736785752,4,O,ONOO,4500,16400,134.4168
3376,12473.160023157212,4026.83997819481,0.14445182261106576,0.40893834985771116,0.24405090776938243,1,O,ONOO,4500,16500,133.5495
3377,10571.576669669905,1901.5833534868727,0.10782188775024129,0.3480906292265565,0.1524540172623828,2,N,ONOO,4500,16500,133.5495
3378,7341.357869019415,3230.218800795545,0.0635803159992058,0.20837024764521211,0.30555695727611915,3,O,ONOO,4500,16500,133.5495
3379,4394.69345408921,2946.664414930368,0.03191374430696478,0.11080825095289676,0.40137866420670126,4,O,ONOO,4500,16500,133.5495
3380,12597.52523046835,4002.4747707300626,0.1451516417905962,0.4099584922189967,0.2411129379957869,1,O,ONOO,4500,16600,132.6822
3381,10704.864413366371,1892.6608171006112,0.10888227330114447,0.35029070766338377,0.1502406847753736,2,N,ONOO,4500,16600,132.6822
3382,7488.207499415465,3216.656914013301,0.0647905855495135,0.21152539386930766,0.3004855353419423,3,O,ONOO,4500,16600,132.6822
3383,4554.254992964142,2933.9525064514005,0.03299957140988285,0.11413848213507517,0.39180972304525846,4,O,ONOO,4500,16600,132.6822
3384,12722.023783708097,3977.9762172859805,0.14584906032644834,0.41096393837991996,0.23820216869975933,1,O,ONOO,4500,16700,131.81489999999997
3385,10838.389595779534,1883.6341879289052,0.10994062166574291,0.35246542483760623,0.14806089187956864,2,N,ONOO,4500,16700,131.81489999999997
3386,7635.409328598591,3202.980267205414,0.06600716325531646,0.21467118785525338,0.2955217875220737,3,O,ONOO,4500,16700,131.81489999999997
3387,4714.180084423809,2921.229244917667,0.03410196487186462,0.1174946613285432,0.3825897367382964,4,O,ONOO,4500,16700,131.81489999999997
3388,12846.65505225549,3953.344948397484,0.1465440734626953,0.4119546465872804,0.23531815169032644,1,O,ONOO,4500,16800,130.9476
3389,10972.151649164121,1874.5034030957565,0.11099688077588306,0.3546147487221238,0.1459137336116649,2,N,ONOO,4500,16800,130.9476
3390,7782.965669454042,3189.185979710226,0.0672298754095083,0.21780692632868576,0.2906618575539998,3,O,ONOO,4500,16800,130.9476
3391,4874.467215290205,2908.4984544253,0.03522074117257546,0.12087523747295911,0.37370053755220084,4,O,ONOO,4500,16800,130.9476
3392,12971.418398445265,3928.5816018457112,0.14723667634142182,0.4129305715670001,0.2324604498133557,1,O,ONOO,4500,16900,130.0803
3393,11106.14998158963,1865.268416866211,0.11205099921592476,0.35673864604052247,0.14379833874526624,2,N,ONOO,4500,16900,130.0803
3394,7930.87878953964,3175.271192048444,0.06845854832590342,0.2209319177562929,0.28590206302922316,3,O,ONOO,4500,16900,130.0803
3395,5035.129990768675,2895.748798858862,0.0363557270265502,0.12427895339333471,0.3651233205931962,4,O,ONOO,4500,16900,130.0803
3396,13096.313177679001,3903.686822373399,0.14792686404969296,0.41389166452791765,0.22962863661019994,1,O,ONOO,4500,17000,129.213
3397,11240.383976946525,1855.9292007454367,0.11310292624389601,0.3588370821546776,0.14171386828994223,2,N,ONOO,4500,17000,129.213
3398,8079.150897904001,3161.233079042045,0.06969300836813166,0.22404548194111662,0.28123888699225746,3,O,ONOO,4500,17000,129.213
3399,5196.174335835943,2882.976562091772,0.037506735848203916,0.12770439951100412,0.35684152932948826,4,O,ONOO,4500,17000,129.213
3400,13229.293878265451,3870.70612188632,0.14873969974693863,0.41495756187700916,0.22635708315124678,1,O,ONOO,4500,17100,128.09579999999997
3401,11386.161556436848,1843.1323218273515,0.11434329210543454,0.36122745752138313,0.13932204838653206,2,N,ONOO,4500,17100,128.09579999999997
3402,8244.374844476126,3141.786711959959,0.0711580849525723,0.22766576372447433,0.27593027697589956,3,O,ONOO,4500,17100,128.09579999999997
3403,5378.954386647576,2865.4204578332865,0.03888443651218206,0.1317420323702849,0.34756067159575693,4,O,ONOO,4500,17100,128.09579999999997
3404,13362.453498547146,3837.546502267123,0.14955071987122892,0.4160041930798364,0.22311316873646064,1,O,ONOO,4500,17200,126.97859999999999
3405,11532.262308434825,1830.1911900814378,0.115582890490583,0.36358623733216183,0.13696520555004574,2,N,ONOO,4500,17200,126.97859999999999
3406,8410.10107841167,3122.1612300223123,0.07263367809169097,0.23127429490590465,0.27073276227325566,3,O,ONOO,4500,17200,126.97859999999999
3407,5562.280721537347,2847.820356876396,0.04028679176454058,0.13581268504084038,0.33861904040447455,4,O,ONOO,4500,17200,126.97859999999999
3408,13495.791403384743,3804.208597482425,0.1503598972865587,0.41703133043319385,0.21989645072152744,1,O,ONOO,4500,17300,125.86139999999999
3409,11678.685953233675,1817.1054500925404,0.11682162189276031,0.3659131474513985,0.13464237818886343,2,N,ONOO,4500,17300,125.86139999999999
3410,8576.334259499166,3102.351693734594,0.07411954424462716,0.23486990514327027,0.2656421883555824,3,O,ONOO,4500,17300,125.86139999999999
3411,5746.165723452834,2830.168536046242,0.04171359709682349,0.13991419228297033,0.3299974616674416,4,O,ONOO,4500,17300,125.86139999999999
3412,13629.30696195661,3770.693038071953,0.15116720455530433,0.41803873745111464,0.21670649644091686,1,O,ONOO,4500,17400,124.74419999999998
3413,11825.43218171045,1803.8747801815323,0.11805938703513272,0.36820790769120443,0.132352641643238,2,N,ONOO,4500,17400,124.74419999999998
3414,8743.078958175207,3082.353223535324,0.07561543685463464,0.2384514319477702,0.26065459394393886,3,O,ONOO,4500,17400,124.74419999999998
3415,5930.621764516015,2812.457193659235,0.043164634411747144,0.1440443664307946,0.3216781190142919,4,O,ONOO,4500,17400,124.74419999999998
3416,13762.99956247383,3737.0004377364116,0.15197261399641165,0.41902616890534156,0.21354288215636638,1,O,ONOO,4500,17500,123.627
3417,11972.500669233765,1790.4988932123808,0.11929608692382657,0.37047023139474167,0.13009510645443542,2,N,ONOO,4500,17500,123.627
3418,8910.344247072951,3062.156362136036,0.07712117292382933,0.24201796639829554,0.2557658125678779,3,O,ONOO,4500,17500,123.627
3419,6115.665384899826,2794.6788621731785,0.04463971996034611,0.14820114573514417,0.3136443199813779,4,O,ONOO,4500,17500,123.627
3420,13896.868517582405,3703.131483231916,0.15277609724421487,0.4199933672442258,0.2104051979109043,1,O,ONOO,4500,17600,122.50979999999998
3421,12119.890982784204,1776.9775347995435,0.12053162230211557,0.37269982354060904,0.12786891755875077,2,N,ONOO,4500,17600,122.50979999999998
3422,9078.122801885613,3041.768149343203,0.078636335035553,0.24556773902354753,0.25097322687670265,3,O,ONOO,4500,17600,122.50979999999998
3423,6301.29958393503,2776.8232184997523,0.04613849266766849,0.15238197391161912,0.305880772831469,4,O,ONOO,4500,17600,122.50979999999998
3424,14030.913097132065,3669.08690295071,0.1535776255081784,0.420940063898143,0.20729304536444687,1,O,ONOO,4500,17700,121.39259999999999
3425,12267.60261398589,1763.3104831579046,0.12176589392055084,0.3748963809026956,0.12567325240709581,2,N,ONOO,4500,17700,121.39259999999999
3426,9246.427512415714,3021.1750867248425,0.08016078136011422,0.2491000647015343,0.24627265667054624,3,O,ONOO,4500,17700,121.39259999999999
3427,6487.540498011921,2758.887014572872,0.047660768934903536,0.15658476468738755,0.2983732918328029,4,O,ONOO,4500,17700,121.39259999999999
3428,14165.132616645968,3634.867383701108,0.15437716995470585,0.42186598134856046,0.20420603279219707,1,O,ONOO,4500,17800,120.27539999999998
3429,12415.635064976086,1749.497551750824,0.12299880298158059,0.37705959251886695,0.12350731892865761,2,N,ONOO,4500,17800,120.27539999999998
3430,9415.261109663932,3000.373950700046,0.08169424345384677,0.25261374466667635,0.24166093276726194,3,O,ONOO,4500,17800,120.27539999999998
3431,6674.4020733122525,2740.8590364157762,0.049206274732409704,0.16080730976569424,0.2911081280159641,4,O,ONOO,4500,17800,120.27539999999998
3432,14299.526340507291,3600.4736617338003,0.1551747011045822,0.422770829343622,0.2011437799851285,1,O,ONOO,4500,17900,119.1582
3433,12563.987753324524,1735.5385874666015,0.12423025045423809,0.3791891373863245,0.1213703549431716,2,N,ONOO,4500,17900,119.1582
3434,9584.627386026865,2979.3603671561646,0.08323645695742844,0.2561076390872804,0.2371349308556755,3,O,ONOO,4500,17900,119.1582
3435,6861.895613107497,2722.731772928664,0.05077472215746535,0.16504731953639878,0.2840727827247673,4,O,ONOO,4500,17900,119.1582
3436,14434.0933941127,3565.9066062405254,0.15597018842554736,0.4236543016587904,0.19810592256891807,1,O,ONOO,4500,18000,118.04099999999998
3437,12712.659926666463,1721.4334682210006,0.12546013658405109,0.3812846827029202,0.11926162739969035,2,N,ONOO,4500,18000,118.04099999999998
3438,9754.53015371053,2958.1297731783284,0.08478715573695819,0.25958062334228055,0.2326916467712052,3,O,ONOO,4500,18000,118.04099999999998
3439,7050.032740081911,2704.497413629377,0.05236581162103886,0.16930250273117078,0.27725552856081054,4,O,ONOO,4500,18000,118.04099999999998
3440,14579.95986872278,3520.0401244543973,0.15693772717682664,0.4246412241171421,0.1944773549422319,1,O,ONOO,4500,18100,116.58569999999999
3441,12877.622175243321,1702.3376955543904,0.12695789401558,0.3837252554180557,0.11675873670998772,2,N,ONOO,4500,18100,116.58569999999999
3442,9948.522041686549,2929.1001307201,0.08668843703741742,0.2637307955610077,0.22745659803182997,3,O,ONOO,4500,18100,116.58569999999999
3443,7268.985017028299,2679.537024658863,0.05433347214517806,0.17446022479369216,0.26934021088067145,4,O,ONOO,4500,18100,116.58569999999999
3444,14726.077179929069,3473.9228102945385,0.15790422967256923,0.4255966783638336,0.1908748796865131,1,O,ONOO,4500,18200,115.1304
3445,13043.050612468183,1683.0265722367856,0.12845630459138288,0.38611854829781694,0.11428885993689272,2,N,ONOO,4500,18200,115.1304
3446,10143.31453426866,2899.736071379905,0.0886057373948313,0.26785407476513295,0.22232038788594238,3,O,ONOO,4500,18200,115.1304
3447,7488.921591923784,2654.3929423445743,0.056338323819084865,0.17964279765333435,0.26168891178291337,4,O,ONOO,4500,18200,115.1304
3448,14872.444593310216,3427.5554131764966,0.15886961788108672,0.42651980320190386,0.1872981100096446,1,O,ONOO,4500,18300,113.67509999999999
3449,13208.945048976793,1663.4995483478872,0.1299551672886702,0.38846353527553074,0.11185111754231358,2,N,ONOO,4500,18300,113.67509999999999
3450,10338.916045696546,2870.028995643014,0.09053862942413414,0.2719482089012982,0.2172791986794839,3,O,ONOO,4500,18300,113.67509999999999
3451,7709.865902451314,2629.050143245112,0.05837995788853648,0.18484609091434104,0.2542868257779715,4,O,ONOO,4500,18300,113.67509999999999
3452,15019.061417503013,3380.938582496989,0.1598338226630308,0.42740971643513676,0.18374666209222767,1,O,ONOO,4500,18400,112.21979999999999
3453,13375.305347198726,1643.7560730329174,0.13145428718548025,0.39075917253028236,0.10944466017811912,2,N,ONOO,4500,18400,112.21979999999999
3454,10535.334854126728,2839.9704891251263,0.09248668129963765,0.2760109458650233,0.21232939476181148,3,O,ONOO,4500,18400,112.21979999999999
3455,7931.844497587735,2603.4903356052077,0.060457969914373785,0.1900660620057076,0.24711984684429952,4,O,ONOO,4500,18400,112.21979999999999
3456,15165.926107462192,3334.073892537847,0.16079673917677392,0.4282654138289894,0.18022021040745118,1,O,ONOO,4500,18500,110.7645
3457,13542.13053027464,1623.7955785532988,0.13295343766025908,0.3930043062291479,0.10706867269743137,2,N,ONOO,4500,18500,110.7645
3458,10732.578177562367,2809.5523537352924,0.09444942451985248,0.28003994438442675,0.2074675286473046,3,O,ONOO,4500,18500,110.7645
3459,8154.871370563851,2577.706800978542,0.06257177299113577,0.1952980702116302,0.24017591657217285,4,O,ONOO,4500,18500,110.7645
3460,15313.037792031628,3286.9622079684495,0.16175829029633473,0.42908591528631884,0.17671839827787364,1,O,ONOO,4500,18600,109.30919999999999
3461,13709.420086124319,1603.6177063315656,0.13445241434451924,0.39519779407533945,0.10472237632470498,2,N,ONOO,4500,18600,109.30919999999999
3462,10930.653515362768,2778.7665692321216,0.09642639558779285,0.28403288664451964,0.20269030723222112,3,O,ONOO,4500,18600,109.30919999999999
3463,8378.97565869696,2551.677855638589,0.06472091791290145,0.20053807044235225,0.2334423876900194,4,O,ONOO,4500,18600,109.30919999999999
3464,15460.395271413538,3239.604728586465,0.16271838669115027,0.4298701664248055,0.17324089457681632,1,O,ONOO,4500,18700,107.8539
3465,13877.173131672755,1583.2221402816658,0.13595100098570626,0.3973384237538401,0.1024050234478198,2,N,ONOO,4500,18700,107.8539
3466,11129.569237026764,2747.6039002597754,0.09841711596530141,0.2879874552019457,0.19799449601077213,3,O,ONOO,4500,18700,107.8539
3467,8604.18030615741,2525.3889290419775,0.06690484229899671,0.20578167143953174,0.22690805684017906,4,O,ONOO,4500,18700,107.8539
3468,15607.997244162107,3192.0027558378956,0.16367693594010205,0.4306170577076364,0.1697873806296753,1,O,ONOO,4500,18800,106.39859999999999
3469,14045.388470774655,1562.6087632592134,0.13744897598544373,0.3994249222904272,0.10011590461061104,2,N,ONOO,4500,18800,106.39859999999999
3470,11329.330423931926,2716.058046842762,0.10042108271382143,0.29190121174077316,0.19337721078304654,3,O,ONOO,4500,18800,106.39859999999999
3471,8830.50556322566,2498.824855547177,0.06912293766417192,0.21102442162363738,0.22056244826867197,4,O,ONOO,4500,18800,106.39859999999999
3472,15755.842301555356,3144.157698443492,0.16463384234310183,0.43132542086286574,0.16635755018219534,1,O,ONOO,4500,18900,104.9433
3473,14214.064671040265,1541.7775862547905,0.13894611282698738,0.4014559552135171,0.0978543423287876,2,N,ONOO,4500,18900,104.9433
3474,11529.946334453569,2684.118359638103,0.10243779674773992,0.29577184160218717,0.18883538394944308,3,O,ONOO,4500,18900,104.9433
3475,9057.975746060723,2471.970582012636,0.07137457814722706,0.21626187574030095,0.2143956710905011,4,O,ONOO,4500,18900,104.9433
3476,15903.928921545412,3096.071078446087,0.16558900671785987,0.4319940250311004,0.16295110939189933,1,O,ONOO,4500,19000,103.488
3477,14383.200138141276,1520.7286744674345,0.14044218036196582,0.4034301243294353,0.09561968504570396,2,N,ONOO,4500,19000,103.488
3478,11731.416994331325,2651.7831419397835,0.10446670813495287,0.2995966934314507,0.18436669979358783,3,O,ONOO,4500,19000,103.488
3479,9286.606123914868,2444.8108680777914,0.0736590584437966,0.221489424251089,0.2083985991853444,4,O,ONOO,4500,19000,103.488
3480,3273.532423894914,4726.467576106507,0.08864418925826371,0.2923579501965084,0.5908084470133134,1,O,OONO,4500,8000,174.195
3481,0.006988199889588598,3273.532387835242,0.020946235853143456,0.08854275663028043,0.999999988984477,2,O,OONO,4500,8000,174.195
3482,5.505656474124229e-09,0.006988199889588597,0.0017291771733897404,0.020490612899803046,0.9999999999999999,3,N,OONO,4500,8000,174.195
3483,5.293172411128148e-09,2.124837270306473e-10,0.001253133369610363,0.01484963042988107,0.038593713216451005,4,O,OONO,4500,8000,174.195
3484,3371.944874502739,4728.055125497775,0.08939737603818597,0.2942979595464395,0.583710509320713,1,O,OONO,4500,8100,173.9157
3485,0.005502163804606167,3371.944874498724,0.02156544429684206,0.08932168901920107,0.9999999999988093,2,O,OONO,4500,8100,173.9157
3486,4.642110985735177e-09,0.0055021638046061664,0.0017831023854382214,0.02109577358968119,0.9999999999999999,3,N,OONO,4500,8100,173.9157
3487,4.462874855485718e-09,1.7923583714683933e-10,0.0012917703570226064,0.015282935093932953,0.03861084702576398,4,O,OONO,4500,8100,173.9157
3488,3470.470027548522,4729.529972451539,0.09014460991680649,0.29621460087864476,0.5767719478599438,1,O,OONO,4500,8200,173.63639999999998
3489,0.004098062256367843,3470.4700268712772,0.022190693669884576,0.09009137788717536,0.999999999804855,2,O,OONO,4500,8200,173.63639999999998
3490,3.649946514138644e-09,0.0040980622563676974,0.0018376978829955808,0.021706802530570255,0.9999999999999645,3,N,OONO,4500,8200,173.63639999999998
3491,3.467898829104447e-09,1.820466608073219e-10,0.0013308622327651012,0.015720144693419806,0.04987652835517875,4,O,OONO,4500,8200,173.63639999999998
3492,3569.1067619626106,4730.893238037441,0.09088595786992977,0.2981082519170145,0.5699871371129447,1,O,OONO,4500,8300,173.35709999999997
3493,0.0028336241014274843,3569.1067146082123,0.022821785011268404,0.0908517490548689,0.999999986732143,2,O,OONO,4500,8300,173.35709999999997
3494,2.673491389898986e-09,0.002833624101423455,0.0018929504986023374,0.022323504883738143,0.999999999998578,3,N,OONO,4500,8300,173.35709999999997
3495,2.5423165836150357e-09,1.311740619935286e-10,0.001370398796634522,0.016161113008709753,0.0490647033647207,4,O,OONO,4500,8300,173.35709999999997
3496,3667.8539705204585,4732.1460294795415,0.09162148584021243,0.29997928223944526,0.5633507177951835,1,O,OONO,4500,8400,173.07779999999997
3497,0.001613941139194365,3667.8539694739907,0.02345851558101767,0.0916027299640454,0.9999999997146921,2,O,OONO,4500,8400,173.07779999999997
3498,1.613029739627767e-09,0.0016139411391943648,0.0019488461530907041,0.022945679277234666,0.9999999999999999,3,N,OONO,4500,8400,173.07779999999997
3499,1.5008550677910145e-09,1.1217349286541576e-10,0.0014103692297752146,0.01660568731137235,0.06954211079288695,4,O,OONO,4500,8400,173.07779999999997
3500,3766.7124455851513,4733.287556746508,0.09235125897334741,0.3018281153849453,0.5568573596172363,1,O,OONO,4500,8500,172.7985
3501,0.0006395031753596483,3766.7124432098317,0.024100681791892026,0.09234423676199614,0.9999999993693919,2,O,OONO,4500,8500,172.7985
3502,6.765571888490823e-10,0.0006395031753596482,0.002005371817522831,0.02357313133342581,0.9999999999999998,3,N,OONO,4500,8500,172.7985
3503,6.50448546718591e-10,2.6108595492684186e-11,0.0014507634659039427,0.0170537245417006,0.03859037480201568,4,O,OONO,4500,8500,172.7985
3504,3964.7480824711843,4735.251918206145,0.09379379431147719,0.3054602437417177,0.5442818296788673,1,O,OONO,4500,8700,172.2399
3505,110.99462856657489,3853.7534539114117,0.025452074019799945,0.09576215161621986,0.9720046201546831,2,O,OONO,4500,8700,172.2399
3506,0.00016995636337953805,110.99462856650898,0.00235585002342625,0.024957467625010183,0.9999999999994061,3,N,OONO,4500,8700,172.2399
3507,2.1193949018621293e-12,0.00016995636337953802,0.00019562208325369485,0.0022921037357696876,0.9999999999999999,4,O,OONO,4500,8700,172.2399
3508,4063.9261289962114,4736.0738713535,0.09450668185042968,0.30724432320778,0.5381902126538068,1,O,OONO,4500,8800,171.9606
3509,208.64099549112518,3855.285133504392,0.026151049669419474,0.09820596390083958,0.948660239170402,2,O,OONO,4500,8800,171.9606
3510,0.0002504984956914083,208.64099549111666,0.0026349280646267154,0.02569714499229418,0.9999999999999591,3,N,OONO,4500,8800,171.9606
3511,3.915498531562012e-12,0.00025049849569140826,0.00021914887833481155,0.002563603226457162,0.9999999999999998,4,O,OONO,4500,8800,171.9606
3512,4163.209431890301,4736.7905682925275,0.0952140643937422,0.3090075189653762,0.532223659358711,1,O,OONO,4500,8900,171.6813
3513,306.40230582324955,3856.807126073308,0.026851360205289283,0.10064510844947258,0.9264023799835909,2,O,OONO,4500,8900,171.6813
3514,0.0003711372319319505,306.40230582324887,0.0029274976826665403,0.02643831901848602,0.9999999999999978,3,N,OONO,4500,8900,171.6813
3515,7.175326369993707e-12,0.00037113723193195043,0.00024387558430280967,0.002848222369150763,0.9999999999999999,4,O,OONO,4500,8900,171.6813
3516,4262.5969037965915,4737.403096297105,0.0959160021247794,0.31075015414580864,0.5263781218107894,1,O,OONO,4500,9000,171.402
3517,404.2781768205742,3858.318726976155,0.027552888321705406,0.10307915192260002,0.9051568360920181,2,O,OONO,4500,9000,171.402
3518,0.0004948072764709307,404.2781768205741,0.0032335777313758965,0.02718057313968742,0.9999999999999999,3,N,OONO,4500,9000,171.402
3519,1.169493214038127e-11,0.0004948072764709306,0.0002698095906174008,0.0031459789726087173,0.9999999999999998,4,O,OONO,4500,9000,171.402
3520,4363.240004920714,4736.759995122237,0.09663136502639032,0.3125077398905113,0.5205230763870591,1,O,OONO,4500,9100,171.0786
3521,504.31316521969893,3858.926839694018,0.028273679425406508,0.10556485400877304,0.8844177343767594,2,O,OONO,4500,9100,171.0786
3522,0.0006021431583147861,504.3131581240092,0.0035612172242493845,0.027942505479857997,0.9999999859299931,3,N,OONO,4500,9100,171.0786
3523,1.7301743773730417e-11,0.000602143158314786,0.00029770594483572593,0.0034647006414700917,0.9999999999999998,4,O,OONO,4500,9100,171.0786
3524,4463.9904364446265,4736.009563580032,0.09734151310049624,0.31424523019868145,0.5147836482152208,1,O,OONO,4500,9200,170.75519999999997
3525,604.4695909516182,3859.520845493195,0.028995953019639066,0.10804564306820227,0.8645898552970769,2,O,OONO,4500,9200,170.75519999999997
3526,0.0006868490290522923,604.4695909516181,0.0039031848104420152,0.028705149313140367,0.9999999999999998,3,N,OONO,4500,9200,170.75519999999997
3527,2.3763139009802575e-11,0.0006868490290522852,0.0003269071906907191,0.003797352496183489,0.9999999999999898,4,O,OONO,4500,9200,170.75519999999997
3528,4564.847205407902,4735.1527946028855,0.0980464991873761,0.31596292171469037,0.5091562144734285,1,O,OONO,4500,9300,170.43179999999998
3529,704.7486939415572,3860.0985114780665,0.029719595483938793,0.11052112749805557,0.8456139576599779,2,O,OONO,4500,9300,170.43179999999998
3530,0.0007576572846360692,704.748691410433,0.004259444101190153,0.029468030650243875,0.9999999964084727,3,N,OONO,4500,9300,170.43179999999998
3531,3.129037285848974e-11,0.0007576572846360691,0.00035741746358681646,0.004143896350391231,0.9999999999999999,4,O,OONO,4500,9300,170.43179999999998
3532,4665.809333823548,4734.190666180589,0.09874637540607917,0.3176611053053684,0.5036373049128285,1,O,OONO,4500,9400,170.1084
3533,805.1495538293896,3860.659779993392,0.030444495329981856,0.11299089094258837,0.8274362503427997,2,O,OONO,4500,9400,170.1084
3534,0.0007978351394227063,805.1495538293891,0.004629928312078971,0.030230696315535384,0.9999999999999994,3,N,OONO,4500,9400,170.1084
3535,3.902439534614892e-11,0.0007978351394227062,0.0003892384775428831,0.0045042656906200615,0.9999999999999999,4,O,OONO,4500,9400,170.1084
3536,4766.875856344104,4733.124143658247,0.09944119316829322,0.3193400661361709,0.4982235940692891,1,O,OONO,4500,9500,169.785
3537,905.6739243927892,3861.201931951215,0.03117054552261492,0.11545458652690876,0.8100068154307916,2,O,OONO,4500,9500,169.785
3538,0.0014308751631604034,905.6739243927826,0.0050145431910285036,0.030992656811587197,0.9999999999999927,3,N,OONO,4500,9500,169.785
3539,8.229908769744089e-11,0.0014308751631604032,0.000422369787017873,0.004878367210599247,0.9999999999999999,4,O,OONO,4500,9500,169.785
3540,4868.045819024607,4731.954180976045,0.1001310031915202,0.3210000837757727,0.49291189385167133,1,O,OONO,4500,9600,169.4616
3541,1006.3223421795515,3861.7234768419476,0.0318976414160534,0.11791185991268012,0.7932800183905638,2,O,OONO,4500,9600,169.4616
3542,0.0007854984636582229,1006.3223421623488,0.005413168993192558,0.03175346512324791,0.9999999999829055,3,N,OONO,4500,9600,169.4616
3543,5.3747631429203803e-11,0.0007854984636582225,0.0004568082160373934,0.005266082845168115,0.9999999999999996,4,O,OONO,4500,9600,169.4616
3544,4969.318278627069,4730.681721373697,0.10081585551212195,0.32264143231479886,0.4876991465333708,1,O,OONO,4500,9700,169.13819999999998
3545,1107.093665333933,3862.2246132958358,0.032625680551959975,0.12036233920285684,0.777214176420774,2,O,OONO,4500,9700,169.13819999999998
3546,0.0007351601931562834,1107.0936648260476,0.005825643117545407,0.03251261953121095,0.9999999995412445,3,N,OONO,4500,9700,169.13819999999998
3547,5.735302842327922e-11,0.0007351601931562791,0.0004925479842723693,0.005667254821356414,0.9999999999999941,4,O,OONO,4500,9700,169.13819999999998
3548,5070.692302195975,4729.307697804238,0.10149579949793633,0.3242643804894209,0.4825824181432896,1,O,OONO,4500,9800,168.8148
3549,1207.9897236745173,3862.702578521856,0.033354564691764337,0.12280572686475263,0.7617702570611568,2,O,OONO,4500,9800,168.8148
3550,0.0006422713882283836,1207.989723674513,0.006251786219631955,0.03326965206989541,0.9999999999999964,3,N,OONO,4500,9800,168.8148
3551,5.7851823436623524e-11,0.0006422713882283835,0.0005295805599103248,0.006081701007096757,0.9999999999999998,4,O,OONO,4500,9800,168.8148
3552,5172.166966795552,4727.83303320454,0.10217088386065959,0.32586919180599905,0.4775588922428828,1,O,OONO,4500,9900,168.4914
3553,1309.0155895521448,3863.1513774912,0.03408420046502473,0.12524181468135787,0.7469115754174191,2,O,OONO,4500,9900,168.4914
3554,0.0005266504831247066,1309.0155894032714,0.006691397076784394,0.0340240870565432,0.9999999998862708,3,N,OONO,4500,9900,168.4914
3555,5.44834381445255e-11,0.0005266504831247065,0.0005678967083849405,0.006509230190836015,0.9999999999999998,4,O,OONO,4500,9900,168.4914
3556,5273.741359312374,4726.25864068765,0.10284115666783816,0.32745612466410473,0.472625864068765,1,O,OONO,4500,10000,168.16799999999998
3557,1410.1568842363033,3863.5844751214763,0.03481448599369045,0.12766998417890096,0.7326078796600743,2,O,OONO,4500,10000,168.16799999999998
3558,0.00040840947305762626,1410.1568692163335,0.007144186284560048,0.034775434795919546,0.9999999893487242,3,N,OONO,4500,10000,168.16799999999998
3559,4.8287765563719915e-11,0.0004084094730576262,0.0006074788432353517,0.006949556409521858,0.9999999999999999,4,O,OONO,4500,10000,168.16799999999998
3560,5376.200705163558,4723.799294836359,0.10351955945199243,0.32904828813842096,0.46770290047884744,1,O,OONO,4500,10100,167.8152
3561,1512.8098663361538,3863.3908388345667,0.03555904078627742,0.13013124506508025,0.7186098605143187,2,O,OONO,4500,10100,167.8152
3562,0.0002543643731374185,1512.80986584802,0.007618291904760638,0.03553717085524802,0.999999999677333,3,N,OONO,4500,10100,167.8152
3563,3.4294233119637296e-11,0.00025436437313741846,0.000649141390728255,0.007410597082434884,0.9999999999999998,4,O,OONO,4500,10100,167.8152
3564,5478.764167146469,4721.23584104573,0.10419330896280302,0.3306230261004491,0.462866258926052,1,O,OONO,4500,10200,167.46239999999997
3565,1615.5958764812021,3863.1682906671604,0.03630438912877054,0.1325847873048513,0.705116733045882,2,O,OONO,4500,10200,167.46239999999997
3566,0.00012951466287504983,1615.5958736555533,0.008105652299091475,0.03629505103403058,0.9999999982510176,3,N,OONO,4500,10200,167.46239999999997
3567,1.9823310219944272e-11,0.00012951466287504216,0.00069210921709923,0.007884507640979725,0.9999999999999408,4,O,OONO,4500,10200,167.46239999999997
3568,5684.185435341609,4715.814568128304,0.10552701207149469,0.3337206775610035,0.4534437084738754,1,O,OONO,4500,10400,166.75679999999997
3569,1821.5528348111718,3862.6326005305305,0.03779703942950931,0.1374673326834257,0.6795402163543937,2,O,OONO,4500,10400,166.75679999999997
3570,43.57176305811954,1777.9810717824514,0.009150262410381336,0.0384990647074793,0.9760798796521116,3,N,OONO,4500,10400,166.75679999999997
3571,8.549910622684863e-06,43.57176305400845,0.0008038830994431075,0.008906282322615179,0.9999999999056479,4,O,OONO,4500,10400,166.75679999999997
3572,5787.045266256447,4712.954735990336,0.10618705355727241,0.335244186233456,0.44885283199907966,1,O,OONO,4500,10500,166.404
3573,1924.72914568989,3862.3161206637724,0.03854418471882585,0.13989588830061173,0.6674072765914698,2,O,OONO,4500,10500,166.404
3574,147.1143846135614,1777.6147610671735,0.009746785863316095,0.04092743992572221,0.9235661885454612,3,N,OONO,4500,10500,166.404
3575,7.901102640016974e-05,147.11438461177872,0.0009072021475408275,0.009501784727978607,0.9999999999878822,4,O,OONO,4500,10500,166.404
3576,5890.00329965662,4709.996701765427,0.10684261101219729,0.336751115664672,0.44433931148730443,1,O,OONO,4500,10600,166.0512
3577,2028.0343031713592,3861.9689965128714,0.03929176256297718,0.1423155606775812,0.6556819750403229,2,O,OONO,4500,10600,166.0512
3578,250.7607705492336,1777.2735326260138,0.010350407635010586,0.04337518363275346,0.8763527963243937,3,N,OONO,4500,10600,166.0512
3579,8.848195750542818e-05,250.76077054923317,0.0010179319281318213,0.010105704721631822,0.9999999999999983,4,O,OONO,4500,10600,166.0512
3580,5993.058636956917,4706.94136394719,0.10749372582447365,0.3382416859974619,0.43990106205113927,1,O,OONO,4500,10700,165.69839999999996
3581,2131.471629883035,3861.587007080405,0.040039692623691676,0.14472617881226382,0.6443432712751155,2,O,OONO,4500,10700,165.69839999999996
3582,354.51538345298064,1776.9562464290266,0.010960901147022051,0.04584111748407634,0.833675767256887,3,N,OONO,4500,10700,165.69839999999996
3583,0.0001031022640888609,354.51537828994634,0.0011362354831559074,0.01071776445300693,0.9999999854363604,4,O,OONO,4500,10700,165.69839999999996
3584,6096.21040595866,4703.789594600825,0.10814043889097036,0.3397161139212872,0.4355360735741504,1,O,OONO,4500,10800,165.3456
3585,2235.040675974283,3861.1697299840116,0.04078789525609264,0.1471275036644692,0.6333721234769001,2,O,OONO,4500,10800,165.3456
3586,458.37521401416785,1776.665461959927,0.011578028396561595,0.04832396732970201,0.7949141512538493,3,N,OONO,4500,10800,165.3456
3587,0.00013906970753924572,458.3752140002241,0.0012622683207036771,0.011337701091517065,0.9999999999695801,4,O,OONO,4500,10800,165.3456
3588,6199.457754702778,4700.542245644958,0.10878279062128283,0.3411746125445021,0.4312424078573356,1,O,OONO,4500,10900,164.9928
3589,2338.741449933872,3860.7163047701124,0.041536293189077755,0.14951931680898115,0.6227506432867381,2,O,OONO,4500,10900,164.9928
3590,562.3442900626264,1776.3971598671483,0.012201564969414712,0.05082262666857824,0.759552604635872,3,N,OONO,4500,10900,164.9928
3591,0.00018565870191801487,562.344289976773,0.0013961814214056448,0.011965228020165704,0.9999999998473293,4,O,OONO,4500,10900,164.9928
3592,6302.7998470817265,4697.200153130663,0.10942082094344628,0.3426173913352496,0.42701819573915123,1,O,OONO,4500,11000,164.64
3593,2442.5740514920612,3860.225795589706,0.042284811300675886,0.1519014124290599,0.6124620627731083,2,O,OONO,4500,11000,164.64
3594,666.423206006218,1776.150845486225,0.012831289980233366,0.05333596168817394,0.7271635610806774,3,N,OONO,4500,11000,164.64
3595,0.00024029803142029248,666.4232041472025,0.0015381199151469887,0.012600074758842535,0.999999997210458,4,O,OONO,4500,11000,164.64
3596,6407.44243574879,4692.557564383422,0.11007434551294863,0.34407781754062733,0.4227529337282362,1,O,OONO,4500,11100,164.2431
3597,2548.6489153487164,3858.7935204000796,0.04305616210862087,0.15433839321016607,0.6022361588253787,2,O,OONO,4500,11100,164.2431
3598,773.1388025699533,1775.5101127836806,0.01348543676414552,0.05593261629843922,0.6966475853504319,3,N,OONO,4500,11100,164.2431
3599,0.0002950606129408595,773.1388025699505,0.0016927075831763214,0.013260573751459765,0.9999999999999963,4,O,OONO,4500,11100,164.2431
3600,6512.183687635607,4687.816312440586,0.11072370569913695,0.3455226870603013,0.4185550278964809,1,O,OONO,4500,11200,163.84619999999998
3601,2654.866251053594,3857.3174371326745,0.04382792089320713,0.15676589196239687,0.592323193287129,2,O,OONO,4500,11200,163.84619999999998
3602,879.9762743672546,1774.889976686839,0.014146111768578011,0.05854392478438147,0.6685421444422923,3,N,OONO,4500,11200,163.84619999999998
3603,0.0004065244978316597,879.9762247591484,0.0018561769430233458,0.013928661677787583,0.9999999436256322,4,O,OONO,4500,11200,163.84619999999998
3604,6617.0228028974925,4682.9771971455,0.11136893653013685,0.3469521926659778,0.4144227608093363,1,O,OONO,4500,11300,163.4493
3605,2761.219140891554,3855.8036622191257,0.04460000606732714,0.15918351754079318,0.5827097438036225,2,O,OONO,4500,11300,163.4493
3606,986.9324512436806,1774.2866896540286,0.014813077123055364,0.061168736016891864,0.6425736600830383,3,N,OONO,4500,11300,163.4493
3607,0.0004198058514995563,986.932451243676,0.0020286754654112575,0.014604041572513719,0.9999999999999953,4,O,OONO,4500,11300,163.4493
3608,6721.958989955103,4678.041010070044,0.11201007265390818,0.34836652377646665,0.4103544745675477,1,O,OONO,4500,11400,163.05239999999998
3609,2867.713344728998,3854.2456452916085,0.045372347290722564,0.1615912119091551,0.573381309087301,2,O,OONO,4500,11400,163.05239999999998
3610,1094.010628738989,1773.7027159910551,0.015486143686090548,0.06380600230891835,0.6185076758983635,3,N,OONO,4500,11400,163.05239999999998
3611,0.00048388672318960563,1094.0106287389865,0.0022103496294663314,0.015286430059457736,0.9999999999999977,4,O,OONO,4500,11400,163.05239999999998
3612,6826.991464898327,4673.008535114604,0.11264714834340141,0.3497658665091855,0.4063485682708351,1,O,OONO,4500,11500,162.6555
3613,2974.348298450258,3852.643166474618,0.04614487143415147,0.16398876609647178,0.5643251769514253,2,O,OONO,4500,11500,162.6555
3614,1201.2153019517502,1773.1329964984307,0.016165109528435476,0.06645476855423513,0.5961416816659624,3,N,OONO,4500,11500,162.6555
3615,0.000551910931239085,1201.2152986911733,0.0024013397454757837,0.015975540538420804,0.9999999972856015,4,O,OONO,4500,11500,162.6555
3616,6932.119451103121,4667.880548904926,0.11328019750193308,0.35115040373724155,0.4024034955952523,1,O,OONO,4500,11600,162.2586
3617,3081.123870078274,3850.995581031351,0.046917507487041085,0.16637599144982648,0.5555293165668885,2,O,OONO,4500,11600,162.2586
3618,1308.5492767314306,1772.5745933902358,0.016849778530741738,0.0691140876600812,0.5753013082674941,3,N,OONO,4500,11600,162.2586
3619,0.0006117833497275684,1308.5492767313212,0.002601778359454218,0.016671090082819,0.9999999999999164,4,O,OONO,4500,11600,162.2586
3620,7037.342178932523,4662.657821071727,0.11390925366850997,0.35252031514918264,0.398517762484763,1,O,OONO,4500,11700,161.86169999999998
3621,3188.040083436579,3849.302095498885,0.04769018631999096,0.16875271246555074,0.5469823688582919,2,O,OONO,4500,11700,161.86169999999998
3622,1416.0065666649823,1772.0335167752125,0.017539949045631782,0.07178280783810877,0.5558379036643202,3,N,OONO,4500,11700,161.86169999999998
3623,0.0006656877992711318,1416.0065665689413,0.00281177894319783,0.017372770269696556,0.9999999999321747,4,O,OONO,4500,11700,161.86169999999998
3624,7142.658885566794,4657.341114435172,0.11453435002298065,0.3538757773096169,0.39468992495213323,1,O,OONO,4500,11800,161.4648
3625,3295.0970066769883,3847.56187889009,0.048462840564046566,0.17111876370210327,0.5386736144805792,2,O,OONO,4500,11800,161.4648
3626,1523.595594427005,1771.5014122509579,0.01823544146457196,0.07446018479145021,0.5376173777771316,3,N,OONO,4500,11800,161.4648
3627,0.000716572235887737,1523.5955943920492,0.003031462871934189,0.018080297886513184,0.999999999977057,4,O,OONO,4500,11800,161.4648
3628,7248.068814855279,4651.931185145886,0.11515551939111933,0.3552169637199214,0.39091858698704923,1,O,OONO,4500,11900,161.06789999999998
3629,3402.2947105238336,3845.774104331613,0.049235404540262415,0.17347398843818043,0.5305929348310694,2,O,OONO,4500,11900,161.06789999999998
3630,1631.3158875372621,1770.9788229865858,0.01893607024231802,0.07714527267410266,0.5205248144755565,3,N,OONO,4500,11900,161.06789999999998
3631,0.0007590845734589093,1631.3158875088297,0.0032609335857436196,0.018793375019167807,0.9999999999825708,4,O,OONO,4500,11900,161.06789999999998
3632,7353.571217205699,4646.428782795029,0.11577279424972851,0.356544044878615,0.38720239856625244,1,O,OONO,4500,12000,160.671
3633,3509.6332538183697,3843.9379633872227,0.050007814210583965,0.17581823803118243,0.5227307725521546,2,O,OONO,4500,12000,160.671
3634,1739.1686461376783,1770.464607680668,0.019641656278081173,0.07983719885378993,0.5044585800395123,3,N,OONO,4500,12000,160.671
3635,0.0007937924473420093,1739.168646137669,0.0035002874179496856,0.019511704386409374,0.9999999999999947,4,O,OONO,4500,12000,160.671
3636,7460.400216927568,4639.599783072687,0.11640636126403264,0.3578890496602976,0.38343799860104855,1,O,OONO,4500,12100,160.23
3637,3619.2643303625864,3841.135886564989,0.05080491140716731,0.17821854247766394,0.5148699499859931,2,O,OONO,4500,12100,160.23
3638,1849.7168284698091,1769.5475018993627,0.020374190254588285,0.08261429231885166,0.4889246378205499,3,N,OONO,4500,12100,160.23
3639,0.0008173751071670621,1849.7168284697702,0.003757440350760703,0.02025749916000097,0.999999999999979,4,O,OONO,4500,12100,160.23
3640,7567.325940690547,4632.674059309888,0.11703616618296786,0.3592200017389988,0.3797273819106466,1,O,OONO,4500,12200,159.789
3641,3729.047144219683,3838.278796875058,0.05160214009617902,0.18060801870198956,0.5072173218066514,2,O,OONO,4500,12200,159.789
3642,1960.4095377459212,1768.637606475555,0.02111206478871493,0.08539822885606708,0.47428673815966166,3,N,OONO,4500,12200,159.789
3643,0.000817868745682071,1960.4095357158894,0.004025411550948284,0.021008682004458493,0.9999999989644859,4,O,OONO,4500,12200,159.789
3644,7674.347658364787,4625.652341635295,0.11766223735938598,0.3605370574935737,0.3760692960679101,1,O,OONO,4500,12300,159.34799999999998
3645,3838.97665247795,3835.371006055453,0.05239943140022612,0.1829863882877891,0.49976508451177926,2,O,OONO,4500,12300,159.34799999999998
3646,2071.244343296444,1767.7323091813462,0.021855086803562518,0.08818810852696055,0.46046966918653315,3,N,OONO,4500,12300,159.34799999999998
3647,0.000837431401886541,2071.2443254489017,0.004304283917921266,0.02176491166502945,0.9999999913831786,4,O,OONO,4500,12300,159.34799999999998
3648,7781.464645308793,4618.535354691374,0.11828460287626735,0.36184037065681224,0.37246252860414303,1,O,OONO,4500,12400,158.907
3649,3949.0567216873433,3832.4079237021865,0.05319672236398115,0.18535358983601868,0.49250470167112154,2,O,OONO,4500,12400,158.907
3650,2182.226062363598,1766.8306593238674,0.022603097095882974,0.09098314294687722,0.4474057436604609,3,N,OONO,4500,12400,158.907
3651,0.0007805063501519216,2182.2260615427813,0.0045941437072118,0.022525879264813354,0.9999999996238627,4,O,OONO,4500,12400,158.907
3652,7888.676182319364,4611.323817680685,0.1189032905501674,0.3631300923645184,0.36890590541445484,1,O,OONO,4500,12500,158.466
3653,4059.287108627722,3829.389073730225,0.0539939494988067,0.18770947343212815,0.4854286049049537,2,O,OONO,4500,12500,158.466
3654,2293.355704060196,1765.9314045675278,0.02335592601638706,0.09378251984303254,0.4350348613711427,3,N,OONO,4500,12500,158.466
3655,0.0007261813806741285,2293.355703954815,0.00489505703149563,0.023291249040913706,0.9999999999540495,4,O,OONO,4500,12500,158.466
3656,7995.9815555910145,4604.018444408988,0.11951832793453467,0.36440637120330616,0.36539828923880857,1,O,OONO,4500,12600,158.025
3657,4169.667725580416,3826.3138300299665,0.05479105083651778,0.19005390018313048,0.47852959682660856,2,O,OONO,4500,12600,158.025
3658,2404.6357792281015,1765.031946509229,0.02411341039832351,0.096585499329306,0.42330278158160367,3,N,OONO,4500,12600,158.025
3659,0.0006600875743110271,2404.6357792066183,0.005207081981681166,0.024060692612579065,0.9999999999910659,4,O,OONO,4500,12600,158.025
3660,8103.38183221689,4596.618170349513,0.12012974537084997,0.3656694080118499,0.36193843861019787,1,O,OONO,4500,12700,157.584
3661,4280.200235403436,3823.1815968218066,0.055587973779503565,0.19238676426486057,0.4718007464021816,2,O,OONO,4500,12700,157.584
3662,2516.0654013649173,1764.134834071275,0.024875391764017627,0.09939123628813526,0.41216175343371386,3,N,OONO,4500,12700,157.584
3663,0.0005991824828043817,2516.0653984961946,0.005530260095859222,0.024833877602638638,0.9999999988598378,4,O,OONO,4500,12700,157.584
3664,8210.87221856609,4589.127783238003,0.12073756298004272,0.3669192203472016,0.35852560806546896,1,O,OONO,4500,12800,157.143
3665,4390.880755469838,3819.9914630981916,0.05638464099120732,0.19470788700426245,0.4652357705020159,2,O,OONO,4500,12800,157.143
3666,2627.6451739362337,1763.2355815391213,0.025641696878105455,0.10219902264826276,0.40156763067241386,3,N,OONO,4500,12800,157.143
3667,0.0005348181014658282,2627.645145145081,0.005864618040112278,0.025610452003974205,0.9999999890429832,4,O,OONO,4500,12800,157.143
3668,8318.454489186133,4581.545512067172,0.12134181162304443,0.3681560255568176,0.3551585668269126,1,O,OONO,4500,12900,156.702
3669,4501.711633554466,3816.742855633848,0.05718100570730684,0.19701718645768954,0.4588283629603981,2,O,OONO,4500,12900,156.702
3670,2739.3779451845076,1762.3336883710415,0.026412182830225804,0.10500817667540413,0.39148080370921856,3,N,OONO,4500,12900,156.702
3671,0.00044223239594078784,2739.377878737882,0.0062101788947088255,0.026390090161223834,0.9999999757438999,4,O,OONO,4500,12900,156.702
3672,8426.127907453858,4573.872093393142,0.12194251778349956,0.36937996114670896,0.3518363148763955,1,O,OONO,4500,13000,156.261
3673,4612.692820070596,3813.435087385044,0.05797701131608014,0.19931455260078895,0.45257265606087366,2,O,OONO,4500,13000,156.261
3674,2851.264658183916,1761.4281618873606,0.027186698181697024,0.10781800598307271,0.3818654808798654,3,N,OONO,4500,13000,156.261
3675,0.00033180457493833804,2851.264615851732,0.006566947355087519,0.027172450879564932,0.9999999851531902,4,O,OONO,4500,13000,156.261
3676,8535.998551759281,4564.001448803773,0.12257385532549589,0.3706418004486946,0.3483970571605934,1,O,OONO,4500,13100,155.7465
3677,4727.488180912796,3808.5103708467723,0.058817473092018784,0.20171438905056216,0.44617045653807347,2,O,OONO,4500,13100,155.7465
3678,2967.651569568932,1759.8366113436766,0.028007998536847895,0.1107721744132495,0.3722561631034861,3,N,OONO,4500,13100,155.7465
3679,0.00015821599671793363,2967.651569063871,0.006955038766555273,0.02800035730479278,0.9999999998298114,4,O,OONO,4500,13100,155.7465
3680,8645.968872860889,4554.031127507707,0.12320180950048945,0.37189051197492984,0.3450023581445233,1,O,OONO,4500,13200,155.232
3681,4842.450383044235,3803.5184898167586,0.05965812748673082,0.2041024619160663,0.43991813361204035,2,O,OONO,4500,13200,155.232
3682,3084.2116083667543,1758.2387746774543,0.02883421094222087,0.11372784918236006,0.3630886504968435,3,N,OONO,4500,13200,155.232
3683,0.00142865733498454,3084.210245916689,0.007355871312448887,0.028831301758739644,0.9999995582501339,4,O,OONO,4500,13200,155.232
3684,8756.038173901152,4543.961826316925,0.12382640132251645,0.3731262174663376,0.3416512651366109,1,O,OONO,4500,13300,154.7175
3685,4957.579554346624,3798.4586195544766,0.06049891051987292,0.2064786308381792,0.4338101940757206,2,O,OONO,4500,13300,154.7175
3686,3200.947814151587,1756.6317403402431,0.02966518017838644,0.11668434235559035,0.35433253689294664,3,N,OONO,4500,13300,154.7175
3687,0.011425666649749533,3200.9363961999975,0.007769440066162236,0.02966494794139638,0.9999964329466606,4,O,OONO,4500,13300,154.7175
3688,8866.205767531583,4533.794232617697,0.12444765165404115,0.37434903676364445,0.3383428531804252,1,O,OONO,4500,13400,154.203
3689,5072.875808955631,3793.3299585759,0.06133975946340816,0.20884276179299524,0.42784140792978587,2,O,OONO,4500,13400,154.203
3690,3317.8571337246603,1755.0186752643356,0.03050074535719452,0.11964080654430323,0.34596129323056435,3,N,OONO,4500,13400,154.203
3691,90.50975077958316,3227.347382943448,0.008220666374952045,0.031125581839256945,0.9727204194956987,4,O,OONO,4500,13400,154.203
3692,8976.470974083384,4523.5290260144275,0.1250655812052388,0.3755590877893592,0.33507622414921684,1,O,OONO,4500,13500,153.6885
3693,5188.341829929503,3788.1291467982815,0.062180615891298745,0.211194802993721,0.42200650542237167,2,O,OONO,4500,13500,153.6885
3694,3434.946915345605,1753.3949145876084,0.03134076888390467,0.12259668714313311,0.3379489964352316,3,N,OONO,4500,13500,153.6885
3695,214.83795332679003,3220.1089620235475,0.008693141991022828,0.03285176384746589,0.9374552333364251,4,O,OONO,4500,13500,153.6885
3696,9086.833120858091,4513.166879197955,0.12568021053433337,0.3767564865502838,0.331850505823379,1,O,OONO,4500,13600,153.17399999999998
3697,5303.971327347153,3782.861795007197,0.06302141193889828,0.21353444486765355,0.4163014489970046,2,O,OONO,4500,13600,153.17399999999998
3698,3552.211703116653,1751.7596242307845,0.03218507838753796,0.12555121445402653,0.33027320777522917,3,N,OONO,4500,13600,153.17399999999998
3699,339.2634536468134,3212.9482495114935,0.009177315885233892,0.03461452531295239,0.9044923326761478,4,O,OONO,4500,13600,153.17399999999998
3700,9197.291540383361,4502.708459650528,0.12629156004646555,0.37794134711459076,0.32866485106938165,1,O,OONO,4500,13700,152.65949999999998
3701,5419.768704933443,3777.5228362782177,0.06386209358065448,0.2158616987583592,0.4107212237093838,2,O,OONO,4500,13700,152.65949999999998
3702,3669.65679718143,1750.1119077491426,0.03303354288609705,0.12850378858725925,0.3229126560615163,3,N,OONO,4500,13700,152.65949999999998
3703,463.7862827170503,3205.870514463643,0.009673078675159524,0.03641305020002253,0.8736158969759761,4,O,OONO,4500,13700,152.65949999999998
3704,9307.845570599975,4492.154429420071,0.1268996499963464,0.3791137816507492,0.3255184369144979,1,O,OONO,4500,13800,152.14499999999998
3705,5535.733769385908,3772.1118016713963,0.0647026025688687,0.21817644692625113,0.4052615369539537,2,O,OONO,4500,13800,152.14499999999998
3706,3787.2830906240215,1748.450678761665,0.03388601787477465,0.13145377343526565,0.31584804320450993,3,N,OONO,4500,13800,152.14499999999998
3707,588.4224908503215,3198.8605997710943,0.010180312077942396,0.038246623653965105,0.8446320286144825,4,O,OONO,4500,13800,152.14499999999998
3708,9418.4945542668,4481.505445744445,0.12750450048868345,0.3802739004364124,0.32241046372262194,1,O,OONO,4500,13900,151.63049999999998
3709,5651.866415301813,3766.628139199824,0.0655428819027682,0.22047858007754784,0.3999182796674712,2,O,OONO,4500,13900,151.63049999999998
3710,3905.0915775240655,1746.7748377772875,0.03474236190574447,0.1344005552531673,0.3090615930072383,3,N,OONO,4500,13900,151.63049999999998
3711,713.1695936294766,3191.921983894436,0.010698890134230891,0.0401143832388319,0.8173744252927869,4,O,OONO,4500,13900,151.63049999999998
3712,9529.237838488616,4470.76216151534,0.12810613147835817,0.3814218118711369,0.31934015439395286,1,O,OONO,4500,14000,151.11599999999999
3713,5768.166581709276,3761.0712569102257,0.06638287575866197,0.2227679959283772,0.39468752072901875,2,O,OONO,4500,14000,151.11599999999999
3714,4023.083283961548,1745.0832977473797,0.0356024363347467,0.13734354077279484,0.3025369106504307,3,N,OONO,4500,14000,151.11599999999999
3715,838.032621496526,3185.0506624691025,0.011228687101696872,0.04201551981148412,0.7916939416011216,4,O,OONO,4500,14000,151.11599999999999
3716,9642.664583898213,4457.335416101673,0.12874621126416555,0.38261501746109416,0.316123079156147,1,O,OONO,4500,14100,150.5133
3717,5889.137785116865,3753.5267988361566,0.06728040070457068,0.22518368066271335,0.3892624042014255,2,O,OONO,4500,14100,150.5133
3718,4146.587228209681,1742.5505569070372,0.036524724245657995,0.14046685414364218,0.2958923055444283,3,N,OONO,4500,14100,150.5133
3719,970.0687142304402,3176.5185139801024,0.01180572646977689,0.04407359457965716,0.7660561177562849,4,O,OONO,4500,14100,150.5133
3720,9756.196988854384,4443.803011146729,0.12938324304037702,0.38379549890394227,0.31294387402441753,1,O,OONO,4500,14200,149.91059999999996
3721,6010.299287077906,3745.8977018038677,0.068178330333506,0.22758663024157752,0.3839506014570261,2,O,OONO,4500,14200,149.91059999999996
3722,4270.304023724385,1739.9952638399225,0.03745189968865974,0.1435872540528646,0.28950226614852576,3,N,OONO,4500,14200,149.91059999999996
3723,1102.2485525910809,3168.0554711582704,0.012395857434864524,0.04616954397672263,0.7418805437640063,4,O,OONO,4500,14200,149.91059999999996
3724,9869.834413843028,4430.165586157313,0.13001724081048055,0.38496334482538197,0.3098017892417701,1,O,OONO,4500,14300,149.3079
3725,6131.651294812843,3738.1831190418284,0.06907659864381871,0.22997670111245555,0.3787483115014377,2,O,OONO,4500,14300,149.3079
3726,4394.229012250161,1737.42228265756,0.038383787955315184,0.14670379937670588,0.28335308045442126,3,N,OONO,4500,14300,149.3079
3727,1234.5625978956382,3159.666414354976,0.01299893360116312,0.04830230066328316,0.7190490995226941,4,O,OONO,4500,14300,149.3079
3728,9983.576221439293,4416.423778559914,0.1306482185048253,0.3861186421013414,0.3066960957333274,1,O,OONO,4500,14400,148.7052
3729,6253.194001286526,3730.3822201589433,0.0699751406476833,0.23235375534887828,0.3736518996217118,2,O,OONO,4500,14400,148.7052
3730,4518.368217698375,1734.8257835917414,0.039320258569090064,0.14981603449644526,0.2774303473128804,3,N,OONO,4500,14400,148.7052
3731,1367.0269922711097,3151.3412254275636,0.013614845942911319,0.05047106401582173,0.6974511756442981,4,O,OONO,4500,14400,148.7052
3732,10097.421776241796,4402.5782237583235,0.13127618998051502,0.3872614758707536,0.30362608439712574,1,O,OONO,4500,14500,148.1025
3733,6374.927581962522,3722.494194282015,0.07087389235441915,0.23471766039874678,0.3686578887930248,2,O,OONO,4500,14500,148.1025
3734,4642.72256698536,1732.2050149552688,0.040261164020496294,0.15292330404385404,0.27172152039129666,3,N,OONO,4500,14500,148.1025
3735,1499.6462448853604,3143.0763221041448,0.014243463802465573,0.05267490403386034,0.6769899077008656,4,O,OONO,4500,14500,148.1025
3736,10211.370444819539,4388.629555180513,0.1319011690213624,0.3883919295482005,0.3005910654233228,1,O,OONO,4500,14600,147.49979999999996
3737,6496.852193315181,3714.518251505264,0.07177279075558969,0.23706828888355563,0.3637629514645337,2,O,OONO,4500,14600,147.49979999999996
3738,4767.293218335755,1729.5589749663966,0.04120635985022933,0.1560249837968805,0.2662149181639064,3,N,OONO,4500,14600,147.49979999999996
3739,1632.4158047737378,3134.877413566773,0.014884650694919246,0.05491278824281314,0.6575801550258215,4,O,OONO,4500,14600,147.49979999999996
3740,10325.421595698677,4374.578404301105,0.13252316933788033,0.3895100848367326,0.29759036763953095,1,O,OONO,4500,14700,146.89709999999997
3741,6618.967972188453,3706.4536235108653,0.07267177381159937,0.23940551842586835,0.35896390177955395,2,O,OONO,4500,14700,146.89709999999997
3742,4892.081408989651,1726.8865631832082,0.042155704066664,0.15912047243128297,0.26089967052858265,3,N,OONO,4500,14700,146.89709999999997
3743,1765.3478877467714,3126.733521241475,0.015538274568221443,0.0571838548655237,0.639141759884824,4,O,OONO,4500,14700,146.89709999999997
3744,10439.57459934036,4360.42540065907,0.13314220456713072,0.39061602173990934,0.2946233378823696,1,O,OONO,4500,14800,146.2944
3745,6741.27503559123,3698.299563749225,0.07357078043887344,0.24172923149199185,0.3542576882378816,2,O,OONO,4500,14800,146.2944
3746,5017.088409182899,1724.1866263936377,0.04310905694830284,0.16220918926616118,0.25576565520478295,3,N,OONO,4500,14800,146.2944
3747,1898.4444238926433,3118.6439852903986,0.016204196906033426,0.059487130803622945,0.6216043511575894,4,O,OONO,4500,14800,146.2944
3748,10553.82882812023,4346.171171879821,0.13375828827267436,0.391709818573635,0.29168934039461886,1,O,OONO,4500,14900,145.6917
3749,6863.773480733595,3690.055347386642,0.07446975049745912,0.24403931524398212,0.34964138678795376,2,O,OONO,4500,14900,145.6917
3750,5142.31544761784,1721.458033103714,0.0440662808169173,0.16529057126115618,0.2508034447721497,3,N,OONO,4500,14900,145.6917
3751,2031.7122075611749,3110.603240089057,0.016882279118379577,0.061821696192342304,0.6049032331398561,4,O,OONO,4500,14900,145.6917
3752,10668.183656324476,4331.816343675574,0.13437143394452672,0.39279155197790566,0.2887877562450383,1,O,OONO,4500,15000,145.08899999999997
3753,6986.463385190355,3681.7202711340565,0.07536862477904138,0.2463356613979513,0.3451121943285446,2,O,OONO,4500,15000,145.08899999999997
3754,5267.763714113808,1718.6996710706478,0.04502724000437436,0.1683640726485015,0.24600424797385803,3,N,OONO,4500,15000,145.08899999999997
3755,2165.1471240032615,3102.616590115727,0.017572374816763367,0.06418649423250847,0.5889817308629375,4,O,OONO,4500,15000,145.08899999999997
3756,10786.179300803367,4313.820699196499,0.13503813582123111,0.39393256537116855,0.2856834900130132,1,O,OONO,4500,15100,144.3687
3757,7115.513564107134,3670.6657366962154,0.07634998843571088,0.24880395889765092,0.3403119523910399,2,O,OONO,4500,15100,144.3687
3758,5400.724265216186,1714.789298886824,0.04607963314890493,0.17168639063810393,0.24099304757660153,3,N,OONO,4500,15100,144.3687
3759,2308.301605526122,3092.422659692709,0.01833760393042761,0.06678733626294465,0.5725940647645567,4,O,OONO,4500,15100,144.3687
3760,10904.292486075941,4295.707513923967,0.13570212081144728,0.395060505909738,0.2826123364423662,1,O,OONO,4500,15200,143.6484
3761,7244.792735527885,3659.4997512010773,0.07733225171514559,0.2512582153428292,0.33560176012098136,2,O,OONO,4500,15200,143.6484
3762,5533.951627889353,1710.8411076362336,0.047137453799481276,0.17500149189082084,0.23614769532969596,3,N,OONO,4500,15200,143.6484
3763,2451.6719357769807,3082.2796921129247,0.01911775004891404,0.06942456858999636,0.55697626205824,4,O,OONO,4500,15200,143.6484
3764,11022.522599921369,4277.47740007865,0.13636339470163275,0.3961754187334902,0.27957368627965035,1,O,OONO,4500,15300,142.92809999999997
3765,7374.296239888304,3648.226360500595,0.07831532836583949,0.2536981035478563,0.33097925882471046,2,O,OONO,4500,15300,142.92809999999997
3766,5667.442692917874,1706.8535469690032,0.04820052588865906,0.17830862745458578,0.23145985616043768,3,N,OONO,4500,15300,142.92809999999997
3767,2595.2585184118593,3072.184174506002,0.019912653093547825,0.07209699129178064,0.5420759134177133,4,O,OONO,4500,15300,142.92809999999997
3768,11140.87087877322,4259.129033378812,0.13702200398332048,0.397277475100891,0.2765668203492735,1,O,OONO,4500,15400,142.2078
3769,7504.029327061754,3636.841552021728,0.07929918038355563,0.2561236260445166,0.32644140584655984,2,O,OONO,4500,15400,142.2078
3770,5801.203934403184,1702.8253926583156,0.049268728849153606,0.18160724692508995,0.22692147357652542,3,N,OONO,4500,15400,142.2078
3771,2739.073202509777,3062.1307319560306,0.020722192145636687,0.0748035744034117,0.5278440073096752,4,O,OONO,4500,15400,142.2078
3772,11259.33239226247,4240.667544143618,0.13767786147233485,0.39836642275253875,0.27359145446087857,1,O,OONO,4500,15500,141.48749999999998
3773,7633.988583365924,3625.343809044673,0.08028366766872634,0.2585344271897213,0.3219856810991784,2,O,OONO,4500,15500,141.48749999999998
3774,5935.2336146773805,1698.7549686882594,0.05034185895316592,0.18489653582478338,0.22252521734048186,3,N,OONO,4500,15500,141.48749999999998
3775,2883.112556332142,3052.12105836964,0.02154618630495617,0.0775429955523676,0.514237729551534,4,O,OONO,4500,15500,141.48749999999998
3776,11377.909185686065,4222.09076987864,0.13833102785664358,0.3994424765577069,0.27064684422298974,1,O,OONO,4500,15600,140.7672
3777,7764.176498404901,3613.732687370749,0.08126875684595118,0.26093044856968767,0.3176095562370098,2,O,OONO,4500,15600,140.7672
3778,6069.538508139263,1694.6379888296628,0.05141985319374536,0.18817624081552062,0.2182637127295876,3,N,OONO,4500,15600,140.7672
3779,3027.391482479068,3042.1470256648327,0.022384533886217986,0.08031434022239319,0.5012155407837527,4,O,OONO,4500,15600,140.7672
3780,11496.600563521075,4203.399406539838,0.1389815082405535,0.40050567114847463,0.26773244627642284,1,O,OONO,4500,15700,140.04690000000002
3781,7894.593244207978,3602.0073193580656,0.08225437526575569,0.26331152654165985,0.3133106433902993,2,O,OONO,4500,15700,140.04690000000002
3782,6204.10847316267,1690.4847607599115,0.052502361562434735,0.19144470769168143,0.21413196455690336,3,N,OONO,4500,15700,140.04690000000002
3783,3171.9034276279444,3032.205045535092,0.023236966901335226,0.08311605824801216,0.48874146199274365,4,O,OONO,4500,15700,140.04690000000002
3784,11615.405891418137,4184.594089293453,0.13962930798015377,0.4015560415522241,0.2648477271704717,1,O,OONO,4500,15800,139.32659999999998
3785,8025.239046136793,3590.166845300862,0.0832404513882654,0.2656775031845734,0.30908664568953215,2,O,OONO,4500,15800,139.32659999999998
3786,6338.961573249014,1686.2774728875595,0.053589472995290544,0.19470277930349844,0.21012177496436113,3,N,OONO,4500,15800,139.32659999999998
3787,3316.6686205753354,3022.2929526734893,0.02410346324945783,0.0859474623733082,0.4767804501967383,4,O,OONO,4500,15800,139.32659999999998
3788,11734.324532475028,4165.6754557708255,0.14027443243352347,0.40259362071517574,0.26199216702961164,1,O,OONO,4500,15900,138.6063
3789,8156.114114982745,3578.210417502659,0.08422691443320415,0.2680282250370155,0.30493535504322167,2,O,OONO,4500,15900,138.6063
3790,6474.0889675523795,1682.0251474299266,0.05468092043092165,0.19794899171103303,0.20622874125069607,3,N,OONO,4500,15900,138.6063
3791,3461.6824886415743,3012.406478910833,0.024983786446347342,0.08880714124338135,0.4653019898257153,4,O,OONO,4500,15900,138.6063
3792,11853.35586579161,4146.64412705571,0.14091688720260817,0.40361844091336424,0.2591652579409819,1,O,OONO,4500,16000,137.886
3793,8287.218658538926,3566.137207251145,0.08521369456724795,0.27036354335555357,0.3008546480531221,2,O,OONO,4500,16000,137.886
3794,6609.494565369329,1677.7240931688593,0.0557765773485517,0.20118298121074485,0.20244718551503135,3,N,OONO,4500,16000,137.886
3795,3606.954876493846,3002.5396890585107,0.02587778626603628,0.09169402271445673,0.4542767467864213,4,O,OONO,4500,16000,137.886
3796,11977.045062362162,4122.954933970744,0.1416286366847741,0.4047115452984818,0.2560841573894872,1,O,OONO,4500,16100,137.01870000000002
3797,8426.504363391316,3550.5406989700414,0.08631130004069908,0.27291336707837655,0.29644546551199075,2,O,OONO,4500,16100,137.01870000000002
3798,6754.579850243006,1671.9245131478585,0.05699880002788653,0.20473388454294666,0.19841258498737416,3,N,OONO,4500,16100,137.01870000000002
3799,3764.6601922763434,2989.9196580209236,0.026885759948992734,0.09491465309801907,0.44265072355512336,4,O,OONO,4500,16100,137.01870000000002
3800,12100.87068809282,4099.129310546746,0.14233800982148392,0.4057901164873221,0.25303267349053987,1,O,OONO,4500,16200,136.1514
3801,8566.072081723492,3534.798606367737,0.08741056957202582,0.275446699953754,0.2921110965879469,2,O,OONO,4500,16200,136.1514
3802,6900.010238960644,1666.0618427629447,0.05822753133937375,0.20827238720454777,0.19449542647646426,3,N,OONO,4500,16200,136.1514
3803,3922.693620985234,2977.3166179842055,0.027911607986180427,0.09816956385714568,0.43149452172880864,4,O,OONO,4500,16200,136.1514
3804,12224.832134437951,4075.167865731997,0.14304500176762788,0.40685412792741243,0.25001029851116546,1,O,OONO,4500,16300,135.2841
3805,8705.92252714626,3518.9096072908937,0.08851141013600757,0.2779632795400236,0.28784931920479734,2,O,OONO,4500,16300,135.2841
3806,7045.788228191498,1660.1342989554385,0.059462592333137644,0.2117977121208589,0.19069022194706098,3,N,OONO,4500,16300,135.2841
3807,4081.061491942931,2964.7267362526245,0.028955156222735406,0.1014572628058028,0.42077999511682823,4,O,OONO,4500,16300,135.2841
3808,12348.928788624418,4051.0712125556965,0.14374960768078232,0.40790355009714563,0.2470165373509571,1,O,OONO,4500,16400,134.4168
3809,8846.056378175863,3502.8724104473695,0.08961372907661112,0.280462847016295,0.2836579974187028,2,O,OONO,4500,16400,134.4168
3810,7191.916252434298,1654.1401257423458,0.0607038046525758,0.215309099188228,0.18699181364288847,3,N,OONO,4500,16400,134.4168
3811,4239.770869328421,2952.1453831063445,0.03001622530112785,0.10477626316295897,0.4104810567151851,4,O,OONO,4500,16400,134.4168
3812,12473.160023157212,4026.83997819481,0.14445182261106576,0.40893834985771116,0.24405090776938243,1,O,OONO,4500,16500,133.5495
3813,8986.474267531452,3486.685755625179,0.09071743401033246,0.28294514672632226,0.27953507765088603,2,O,OONO,4500,16500,133.5495
3814,7338.396673611278,1648.0775939209593,0.06195099045084827,0.21880580467107721,0.18339535004017538,3,N,OONO,4500,16500,133.5495
3815,4398.8289618928775,2939.567711718126,0.03109463036103147,0.108125075799998,0.4005735642894245,4,O,OONO,4500,16500,133.5495
3816,12597.52523046835,4002.4747707300626,0.1451516417905962,0.4099584922189967,0.2411129379957869,1,O,OONO,4500,16600,132.6822
3817,9127.176813681119,3470.3484167870115,0.09182243310287963,0.28540992671440146,0.2754785843487444,2,O,OONO,4500,16600,132.6822
3818,7485.231811043686,1641.9450026376155,0.06320397265093587,0.22228710165977622,0.1798962632318499,3,N,OONO,4500,16600,132.6822
3819,4558.2429867662995,2926.988824277398,0.0321901812709176,0.11150220866635017,0.3910351607226016,4,O,OONO,4500,16600,132.6822
3820,12722.023783708097,3977.9762172859805,0.14584906032644834,0.41096393837991996,0.23820216869975933,1,O,OONO,4500,16700,131.81489999999997
3821,9268.164584339152,3453.8591993685745,0.0929286347745251,0.28785693776919435,0.2714866170735829,2,O,OONO,4500,16700,131.81489999999997
3822,7632.423906506422,1635.7406778325574,0.06446257467469355,0.22575227887207092,0.17649024927724571,3,N,OONO,4500,16700,131.81489999999997
3823,4718.02338710469,2914.40052013165,0.033302685928240906,0.11490623036685084,0.3818446873276008,4,O,OONO,4500,16700,131.81489999999997
3824,12846.65505225549,3953.344948397484,0.1465440734626953,0.4119546465872804,0.23531815169032644,1,O,OONO,4500,16800,130.9476
3825,9409.438109730905,3437.2169425244506,0.09403594791031473,0.29028593378301615,0.26755734691584,2,O,OONO,4500,16800,130.9476
3826,7779.970045563915,1629.468046392936,0.06572656963922756,0.2292002461976741,0.1731737886354551,3,N,OONO,4500,16800,130.9476
3827,4878.163667395475,2901.80637843772,0.03443189755392306,0.11833535501060552,0.37298426105024785,4,O,OONO,4500,16800,130.9476
3828,12971.418398445265,3928.5816018457112,0.14723667634142182,0.4129305715670001,0.2324604498133557,1,O,OONO,4500,16900,130.0803
3829,9550.997880669112,3420.420517776214,0.0951442817034797,0.2926966711579068,0.263689013237456,2,O,OONO,4500,16900,130.0803
3830,7927.887608254166,1623.1102724148072,0.06699593514669769,0.23263150709502986,0.16994143362757164,3,N,OONO,4500,16900,130.0803
3831,5038.692146061133,2889.1954622865946,0.035577729222062704,0.12178857964371989,0.3644344628799344,4,O,OONO,4500,16900,130.0803
3832,13096.313177679001,3903.686822373399,0.14792686404969296,0.41389166452791765,0.22962863661019994,1,O,OONO,4500,17000,129.213
3833,9692.846692533129,3403.466427661469,0.09625359213667109,0.29508906447816063,0.2598797372578295,2,O,OONO,4500,17000,129.213
3834,8076.16551838112,1616.6811741531317,0.06827038092602242,0.2360443245507954,0.16679116315731474,3,N,OONO,4500,17000,129.213
3835,5199.602424054679,2876.5630943534056,0.03673988247899707,0.1252641086787047,0.35617931403293196,4,O,OONO,4500,17000,129.213
3836,13229.293878265451,3870.70612188632,0.14873969974693863,0.41495756187700916,0.22635708315124678,1,O,OONO,4500,17100,128.09579999999997
3837,9848.986811946617,3380.307035099317,0.09756516993147882,0.2978437750760954,0.25551681489613437,2,O,OONO,4500,17100,128.09579999999997
3838,8241.400212028973,1607.5865999163975,0.06978126679534742,0.24000120714937467,0.16322355086986493,3,N,OONO,4500,17100,128.09579999999997
3839,5382.222288003723,2859.177924033155,0.0381308655499225,0.12936115269817086,0.3469286590232518,4,O,OONO,4500,17100,128.09579999999997
3840,13362.453498547146,3837.546502267123,0.14955071987122892,0.4160041930798364,0.22311316873646064,1,O,OONO,4500,17200,126.97859999999999
3841,10005.524653227742,3356.92882909562,0.09888038594951892,0.3005766896358155,0.2512209924218339,2,O,OONO,4500,17200,126.97859999999999
3842,8407.143393049402,1598.381260180634,0.07130183507079393,0.24393766108947676,0.15974986975470623,3,N,OONO,4500,17200,126.97859999999999
3843,5565.393513519251,2841.749879532236,0.03954690606633646,0.13349192332305623,0.33801610685998884,4,O,OONO,4500,17200,126.97859999999999
3844,13495.791403384743,3804.208597482425,0.1503598972865587,0.41703133043319385,0.21989645072152744,1,O,OONO,4500,17300,125.86139999999999
3845,10162.461267115666,3333.330130202811,0.10019909270066892,0.30328723650824224,0.24699034169769488,2,O,OONO,4500,17300,125.86139999999999
3846,8573.398935078461,1589.0623320466307,0.07283183087695426,0.24785248835341508,0.15636589309212118,3,N,OONO,4500,17300,125.86139999999999
3847,5749.128091398769,2824.2708436805947,0.04098776082471217,0.137654097506434,0.32942253883987116,4,O,OONO,4500,17300,125.86139999999999
3848,13629.30696195661,3770.693038071953,0.15116720455530433,0.41803873745111464,0.21670649644091686,1,O,OONO,4500,17400,124.74419999999998
3849,10319.798007797724,3309.5089541528937,0.10152114500967585,0.30597486350504977,0.24282298163734245,2,O,OONO,4500,17400,124.74419999999998
3850,8740.170950452022,1579.6270573779727,0.07437100031664863,0.25174451397050296,0.15306763331844223,3,N,OONO,4500,17400,124.74419999999998
3851,5933.438295471129,2806.732654980665,0.04245317601441716,0.14184534301328391,0.3211301782187117,4,O,OONO,4500,17400,124.74419999999998
3852,13762.99956247383,3737.0004377364116,0.15197261399641165,0.41902616890534156,0.21354288215636638,1,O,OONO,4500,17500,123.627
3853,10477.536364694653,3285.463199738385,0.10284639761748922,0.30863902144808936,0.23871708960134846,2,O,OONO,4500,17500,123.627
3854,8907.463536165753,1570.0728285321607,0.07591908802036204,0.25561257543550825,0.14985133660072172,3,N,OONO,4500,17500,123.627
3855,6118.336411961919,2789.1271242037938,0.04394288550336184,0.14606331431893121,0.3131224857536024,4,O,OONO,4500,17500,123.627
3856,13896.868517582405,3703.131483231916,0.15277609724421487,0.4199933672442258,0.2104051979109043,1,O,OONO,4500,17600,122.50979999999998
3857,10635.677800216074,3261.1907185884497,0.10417470474353202,0.3112791627912879,0.23467090549661393,2,O,OONO,4500,17600,122.50979999999998
3858,9075.280944033351,1560.3968561951494,0.0774758379536313,0.2594555329828375,0.14671343806254158,3,N,OONO,4500,17600,122.50979999999998
3859,6303.836395140722,2771.4445494598085,0.04545661483249689,0.1503056934408507,0.30538388470297734,4,O,OONO,4500,17600,122.50979999999998
3860,14030.913097132065,3669.08690295071,0.1535776255081784,0.420940063898143,0.20729304536444687,1,O,OONO,4500,17700,121.39259999999999
3861,10794.223598714727,3236.6894971522747,0.10550591924934859,0.31389473416721947,0.23068274136868955,2,O,OONO,4500,17700,121.39259999999999
3862,9243.627076963923,1550.5965217504836,0.07904099099479471,0.2632722523593091,0.1436505838118004,3,N,OONO,4500,17700,121.39259999999999
3863,6489.946320122697,2753.680757019066,0.0469940648124882,0.15457001469399467,0.29790045986185704,4,O,OONO,4500,17700,121.39259999999999
3864,14165.132616645968,3634.867383701108,0.15437716995470585,0.42186598134856046,0.20420603279219707,1,O,OONO,4500,17800,120.27539999999998
3865,10953.175021000065,3211.9575920786847,0.10683989285996864,0.31648517813422594,0.22675097219380744,2,O,OONO,4500,17800,120.27539999999998
3866,9412.50576687925,1540.6692541198222,0.08061428606522884,0.2670616111319051,0.1406596033721694,3,N,OONO,4500,17800,120.27539999999998
3867,6676.681492261585,2735.8242746713204,0.04855493833017778,0.1588539787976446,0.29065844339752184,4,O,OONO,4500,17800,120.27539999999998
3868,14299.526340507291,3600.4736617338003,0.1551747011045822,0.422770829343622,0.2011437799851285,1,O,OONO,4500,17900,119.1582
3869,11112.533233885202,3186.993101731084,0.10817647689284478,0.31904993428303646,0.22287403273652925,2,O,OONO,4500,17900,119.1582
3870,9581.92071108592,1530.6125227981593,0.08219546055435849,0.27082249920950086,0.13773749788490136,3,N,OONO,4500,17900,119.1582
3871,6864.053366478369,2717.8673446210382,0.050138919107101894,0.16315519208055096,0.2836453594816922,4,O,OONO,4500,17900,119.1582
3872,14434.0933941127,3565.9066062405254,0.15597018842554736,0.4236543016587904,0.19810592256891807,1,O,OONO,4500,18000,118.04099999999998
3873,11272.29919942631,3161.7941902972566,0.10951552079928628,0.3215884348687221,0.2190504179214243,2,O,OONO,4500,18000,118.04099999999998
3874,9751.875363532694,1520.423835906646,0.08378424902932599,0.2745538142776394,0.13488143004437161,3,N,OONO,4500,18000,118.04099999999998
3875,7052.073456573036,2699.8019069640136,0.05174567846767943,0.16747126040827448,0.27684950907596395,4,O,OONO,4500,18000,118.04099999999998
3876,14579.95986872278,3520.0401244543973,0.15693772717682664,0.4246412241171421,0.1944773549422319,1,O,OONO,4500,18100,116.58569999999999
3877,11452.272939287468,3127.6869289500896,0.11115122101168314,0.324588607986274,0.21451958421776357,2,O,OONO,4500,18100,116.58569999999999
3878,9945.936609154667,1506.3363301300305,0.08573043335182967,0.2789978947738387,0.13153164774500659,3,N,OONO,4500,18100,116.58569999999999
3879,7270.887604157228,2675.049004997539,0.05373239177102195,0.1727023592634493,0.2689589839669106,4,O,OONO,4500,18100,116.58569999999999
3880,14726.077179929069,3473.9228102945385,0.15790422967256923,0.4255966783638336,0.1908748796865131,1,O,OONO,4500,18200,115.1304
3881,11632.848287778492,3093.228892702342,0.1127937090488558,0.32755342167665535,0.2100511123843805,2,O,OONO,4500,18200,115.1304
3882,10140.802207848048,1492.0460798401898,0.08769147656828412,0.28340289988056183,0.1282614578071768,3,N,OONO,4500,18200,115.1304
3883,7490.692583778117,2650.109624069069,0.055756461377320085,0.1779576977390281,0.2613313591717752,4,O,OONO,4500,18200,115.1304
3884,14872.444593310216,3427.5554131764966,0.15886961788108672,0.42651980320190386,0.1872981100096446,1,O,OONO,4500,18300,113.67509999999999
3885,11814.02868129388,3058.4159109257316,0.11444272229473841,0.3304815310826258,0.20564312018358027,2,O,OONO,4500,18300,113.67509999999999
3886,10336.480438588393,1477.5482425684881,0.08966694579175845,0.2877665579801589,0.1250672638799338,3,N,OONO,4500,18300,113.67509999999999
3887,7711.512072153453,2624.968366435119,0.05781743236840866,0.1832329903949362,0.25395185353764377,4,O,OONO,4500,18300,113.67509999999999
3888,15019.061417503013,3380.938582496989,0.1598338226630308,0.42740971643513676,0.18374666209222767,1,O,OONO,4500,18400,112.21979999999999
3889,11995.817767188135,3023.2436563077413,0.11609800030875683,0.3333715851157443,0.20129378076745152,2,O,OONO,4500,18400,112.21979999999999
3890,10532.979670845802,1462.8380963319294,0.09165640426348856,0.29208660396404335,0.12194567512797622,3,N,OONO,4500,18400,112.21979999999999
3891,7933.373067073281,2599.606583293463,0.05991485501377796,0.18852404831639033,0.2468063800112427,4,O,OONO,4500,18400,112.21979999999999
3892,15165.926107462192,3334.073892537847,0.16079673917677392,0.4282654138289894,0.18022021040745118,1,O,OONO,4500,18500,110.7645
3893,12178.217873554197,2987.708253941071,0.11775924844241387,0.33622212047536776,0.19700137220575067,2,O,OONO,4500,18500,110.7645
3894,10730.30695830648,1447.9109152552546,0.09365938037989655,0.2963606935989303,0.11889349741389409,3,N,OONO,4500,18500,110.7645
3895,8156.289696620084,2574.017255794808,0.06204809909284387,0.19382609810554943,0.23988290976170307,4,O,OONO,4500,18500,110.7645
3896,15313.037792031628,3286.9622079684495,0.16175829029633473,0.42908591528631884,0.17671839827787364,1,O,OONO,4500,18600,109.30919999999999
3897,12361.22981264478,2951.8079824959223,0.11942618353987264,0.33903164119235335,0.19276436345190373,2,O,OONO,4500,18600,109.30919999999999
3898,10928.467709080178,1432.7621038274392,0.09567540332206849,0.3005864983805819,0.11590773131341765,3,N,OONO,4500,18600,109.30919999999999
3899,8380.289374616978,2548.178333432203,0.06421666469803092,0.1991349448784625,0.2331688578184651,4,O,OONO,4500,18600,109.30919999999999
3900,15460.395271413538,3239.604728586465,0.16271838669115027,0.4298701664248055,0.17324089457681632,1,O,OONO,4500,18700,107.8539
3901,12544.858109365896,2915.5371605311198,0.1210985168069221,0.34179869624098047,0.1885810232757751,2,O,OONO,4500,18700,107.8539
3902,11127.470918074361,1417.3871926293089,0.09770399773445168,0.30476168673374876,0.11298551010083552,3,N,OONO,4500,18700,107.8539
3903,8605.39592166536,2522.0749944924,0.06641995220206487,0.20444609409577547,0.22665302952136152,4,O,OONO,4500,18700,107.8539
3904,15607.997244162107,3192.0027558378956,0.16367693594010205,0.4306170577076364,0.1697873806296753,1,O,OONO,4500,18800,106.39859999999999
3905,12729.104506650561,2878.8927342274096,0.12277594572870165,0.3445217240343926,0.18444984895830938,2,O,OONO,4500,18800,106.39859999999999
3906,11327.32273616483,1401.7817748534821,0.09974466699180579,0.3088838766340762,0.11012414692024051,3,N,OONO,4500,18800,106.39859999999999
3907,8831.630862566593,2495.6918683633876,0.06865731933288581,0.20975500503087943,0.22032495466871208,4,O,OONO,4500,18800,106.39859999999999
3908,15755.842301555356,3144.157698443492,0.16463384234310183,0.43132542086286574,0.16635755018219534,1,O,OONO,4500,18900,104.9433
3909,12913.96952826712,2841.8727732882294,0.12445817410089384,0.34719914235731963,0.18036946034980883,2,O,OONO,4500,18900,104.9433
3910,11528.027942271074,1385.9415974077117,0.10179691176564414,0.3129506804985085,0.10732111411398741,3,N,OONO,4500,18900,104.9433
3911,9059.01431754626,2469.0136183216277,0.07092809219475932,0.21505710983200266,0.214174846789556,4,O,OONO,4500,18900,104.9433
3912,15903.928921545412,3096.071078446087,0.16558900671785987,0.4319940250311004,0.16295110939189933,1,O,OONO,4500,19000,103.488
3913,13099.455781067849,2804.473140477528,0.12614486383230916,0.3498292471015661,0.17633838495582338,2,O,OONO,4500,19000,103.488
3914,11729.59277183536,1369.8630184320086,0.10386019483664898,0.3169596014182905,0.10457404042783366,3,N,OONO,4500,19000,103.488
3915,9287.567837452538,2442.024932139855,0.07323154712228322,0.22034776195682904,0.2081934965383922,4,O,OONO,4500,19000,103.488
3916,3273.532423894914,4726.467576106507,0.08864418925826371,0.2923579501965084,0.5908084470133134,1,O,OOON,4500,8000,174.195
3917,0.006988199889588598,3273.532387835242,0.020946235853143456,0.08854275663028043,0.999999988984477,2,O,OOON,4500,8000,174.195
3918,7.120032862902541e-09,0.006988199889588597,0.0017175619064163903,0.02035303056214806,0.9999999999999999,3,O,OOON,4500,8000,174.195
3919,6.868490270122861e-09,2.515425536767985e-10,0.0012448141263371815,0.01475104739709206,0.03532884728487827,4,N,OOON,4500,8000,174.195
3920,3371.944874502739,4728.055125497775,0.08939737603818597,0.2942979595464395,0.583710509320713,1,O,OOON,4500,8100,173.9157
3921,0.005502163804606167,3371.944874498724,0.02156544429684206,0.08932168901920107,0.9999999999988093,2,O,OOON,4500,8100,173.9157
3922,5.958607150340848e-09,0.0055021638046061664,0.0017711140505627478,0.020953987082112262,0.9999999999999999,3,O,OOON,4500,8100,173.9157
3923,5.727602421183216e-09,2.3100434009179965e-10,0.0012831898424453866,0.015181419025968023,0.03876817757293927,4,N,OOON,4500,8100,173.9157
3924,3470.470027548522,4729.529972451539,0.09014460991680649,0.29621460087864476,0.5767719478599438,1,O,OOON,4500,8200,173.63639999999998
3925,0.004098062256367843,3470.4700268712772,0.022190693669884576,0.09009137788717536,0.999999999804855,2,O,OOON,4500,8200,173.63639999999998
3926,4.739778955029441e-09,0.004098062256366762,0.0018253310898427853,0.02156076235980335,0.9999999999997363,3,O,OOON,4500,8200,173.63639999999998
3927,4.571437972482752e-09,1.683409553020983e-10,0.0013220169380856739,0.015615664072665472,0.03551662575392245,4,N,OOON,4500,8200,173.63639999999998
3928,3569.1067619626106,4730.893238037441,0.09088595786992977,0.2981082519170145,0.5699871371129447,1,O,OOON,4500,8300,173.35709999999997
3929,0.0028336241014274843,3569.1067146082123,0.022821785011268404,0.0908517490548689,0.999999986732143,2,O,OOON,4500,8300,173.35709999999997
3930,3.455711322523416e-09,0.002833624101427484,0.0018801998171614673,0.02217316197461271,0.9999999999999999,3,O,OOON,4500,8300,173.35709999999997
3931,3.281752096477145e-09,1.7395818788270734e-10,0.0013612853018543194,0.016053637564765324,0.05033932862067896,4,N,OOON,4500,8300,173.35709999999997
3932,3667.8539705204585,4732.1460294795415,0.09162148584021243,0.29997928223944526,0.5633507177951835,1,O,OOON,4500,8400,173.07779999999997
3933,0.001613941139194365,3667.8539694739907,0.02345851558101767,0.0916027299640454,0.9999999997146921,2,O,OOON,4500,8400,173.07779999999997
3934,2.0854271668299324e-09,0.0016139411391943648,0.001935706479511469,0.02279098791020173,0.9999999999999999,3,O,OOON,4500,8400,173.07779999999997
3935,1.98221370156264e-09,1.032128449245874e-10,0.0014009842468487887,0.016495188522396013,0.04949242369441352,4,N,OOON,4500,8400,173.07779999999997
3936,3766.7124455851513,4733.287556746508,0.09235125897334741,0.3018281153849453,0.5568573596172363,1,O,OOON,4500,8500,172.7985
3937,0.0006395031753596483,3766.7124432098317,0.024100681791892026,0.09234423676199614,0.9999999993693919,2,O,OOON,4500,8500,172.7985
3938,8.746289964973423e-10,0.0006395031753596482,0.001991837581146372,0.023414042551895334,0.9999999999999998,3,O,OOON,4500,8500,172.7985
3939,8.160775873396233e-10,5.855079554460465e-11,0.0014411035061686532,0.016940171715011575,0.06694357925370081,4,N,OOON,4500,8500,172.7985
3940,3865.6764398598675,4734.323561391459,0.09307534068877726,0.3036549520772397,0.5505027396966813,1,O,OOON,4500,8600,172.5192
3941,13.50277354097464,3852.173666508975,0.024754573324498465,0.09331481619484197,0.9965070089126803,2,O,OOON,4500,8600,172.5192
3942,1.95521327841205e-05,13.502773535716843,0.0020647287470074486,0.02405345653696285,0.9999999996106135,3,O,OOON,4500,8600,172.5192
3943,1.4421533761094328e-13,1.9552132784120496e-05,0.00017228322711411798,0.002021915915697246,0.9999999999999998,4,N,OOON,4500,8600,172.5192
3944,3964.7480824711843,4735.251918206145,0.09379379431147719,0.3054602437417177,0.5442818296788673,1,O,OOON,4500,8700,172.2399
3945,110.99462856657489,3853.7534539114117,0.025452074019799945,0.09576215161621986,0.9720046201546831,2,O,OOON,4500,8700,172.2399
3946,0.0001720632418521819,110.99462856652289,0.0022426085598855248,0.024767219948373203,0.9999999999995315,3,O,OOON,4500,8700,172.2399
3947,1.4999314458189165e-12,0.00017206324185218189,0.00018742841648179947,0.0021960983954334382,0.9999999999999999,4,N,OOON,4500,8700,172.2399
3948,4063.9261289962114,4736.0738713535,0.09450668185042968,0.30724432320778,0.5381902126538068,1,O,OOON,4500,8800,171.9606
3949,208.64099549112518,3855.285133504392,0.026151049669419474,0.09820596390083958,0.948660239170402,2,O,OOON,4500,8800,171.9606
3950,0.0006563067939703904,208.6409954407715,0.0024282098390735487,0.025483718927631942,0.9999999997586587,3,O,OOON,4500,8800,171.9606
3951,6.719339543504405e-12,0.0006563067939703902,0.00020326929753775228,0.0023778427537982086,0.9999999999999999,4,N,OOON,4500,8800,171.9606
3952,4163.209431890301,4736.7905682925275,0.0952140643937422,0.3090075189653762,0.532223659358711,1,O,OOON,4500,8900,171.6813
3953,306.40230582324955,3856.807126073308,0.026851360205289283,0.10064510844947258,0.9264023799835909,2,O,OOON,4500,8900,171.6813
3954,0.0005210471025662437,306.4023058122103,0.002621553719017594,0.026202738921643657,0.9999999999639713,3,O,OOON,4500,8900,171.6813
3955,6.228973426207584e-12,0.0005210471025662435,0.00021981071019178653,0.0025671680082521046,0.9999999999999998,4,N,OOON,4500,8900,171.6813
3956,4262.5969037965915,4737.403096297105,0.0959160021247794,0.31075015414580864,0.5263781218107894,1,O,OOON,4500,9000,171.402
3957,404.2781768205742,3858.318726976155,0.027552888321705406,0.10307915192260002,0.9051568360920181,2,O,OOON,4500,9000,171.402
3958,0.0007212583636711952,404.2781768204941,0.002822701640949244,0.026924079558297054,0.9999999999998019,3,O,OOON,4500,9000,171.402
3959,1.0014600171423321e-11,0.0007212583636711951,0.00023706111700480957,0.0027641307223426684,0.9999999999999999,4,N,OOON,4500,9000,171.402
3960,4363.240004920714,4736.759995122237,0.09663136502639032,0.3125077398905113,0.5205230763870591,1,O,OOON,4500,9100,171.0786
3961,504.31316521969893,3858.926839694018,0.028273679425406508,0.10556485400877304,0.8844177343767594,2,O,OOON,4500,9100,171.0786
3962,0.0009325996823288994,504.31316414248585,0.0030372170655478927,0.027666150567595006,0.9999999978639996,3,O,OOON,4500,9100,171.0786
3963,1.5022884950574496e-11,0.0009325996823288993,0.00025555823255394336,0.0029741840643462128,0.9999999999999999,4,N,OOON,4500,9100,171.0786
3964,4463.9904364446265,4736.009563580032,0.09734151310049624,0.31424523019868145,0.5147836482152208,1,O,OOON,4500,9200,170.75519999999997
3965,604.4695909516182,3859.520845493195,0.028995953019639066,0.10804564306820227,0.8645898552970769,2,O,OOON,4500,9200,170.75519999999997
3966,0.002316228014139077,604.4695909479265,0.0032601756038796153,0.028410708229836545,0.9999999999938926,3,O,OOON,4500,9200,170.75519999999997
3967,4.3083474558301836e-11,0.0023162280141382765,0.0002748372708399429,0.00319250268370317,0.9999999999996544,4,N,OOON,4500,9200,170.75519999999997
3968,4564.847205407902,4735.1527946028855,0.0980464991873761,0.31596292171469037,0.5091562144734285,1,O,OOON,4500,9300,170.43179999999998
3969,704.7486939415572,3860.0985114780665,0.029719595483938793,0.11052112749805557,0.8456139576599779,2,O,OOON,4500,9300,170.43179999999998
3970,0.001382994542153611,704.7486939355472,0.0034916452504411576,0.029157564665051587,0.999999999991472,3,O,OOON,4500,9300,170.43179999999998
3971,2.956677035856022e-11,0.0013829945421536102,0.00029490741105071664,0.0034191520125981993,0.9999999999999993,4,N,OOON,4500,9300,170.43179999999998
3972,4665.809333823548,4734.190666180589,0.09874637540607917,0.3176611053053684,0.5036373049128285,1,O,OOON,4500,9400,170.1084
3973,805.1495538293896,3860.659779993392,0.030444495329981856,0.11299089094258837,0.8274362503427997,2,O,OOON,4500,9400,170.1084
3974,0.0016164347428884328,805.1495538257084,0.0037316821112528555,0.029906501743336186,0.999999999995428,3,O,OOON,4500,9400,170.1084
3975,3.955613176027641e-11,0.0016164347428884326,0.0003157788620925781,0.0036541873571231333,0.9999999999999999,4,N,OOON,4500,9400,170.1084
3976,4766.875856344104,4733.124143658247,0.09944119316829322,0.3193400661361709,0.4982235940692891,1,O,OOON,4500,9500,169.785
3977,905.6739243927892,3861.201931951215,0.03117054552261492,0.11545458652690876,0.8100068154307916,2,O,OOON,4500,9500,169.785
3978,0.001850129394987118,905.6739243681552,0.003980343001445117,0.030657323774727806,0.9999999999728003,3,O,OOON,4500,9500,169.785
3979,5.16205043545916e-11,0.0018501293949871177,0.0003374606532961733,0.003897663666142682,0.9999999999999999,4,N,OOON,4500,9500,169.785
3980,4868.045819024607,4731.954180976045,0.1001310031915202,0.3210000837757727,0.49291189385167133,1,O,OOON,4500,9600,169.4616
3981,1006.3223421795515,3861.7234768419476,0.0318976414160534,0.11791185991268012,0.7932800183905638,2,O,OOON,4500,9600,169.4616
3982,0.0020817545599139857,1006.3223420798961,0.004237676450582046,0.031409827205799254,0.9999999999009708,3,O,OOON,4500,9600,169.4616
3983,6.597923354371486e-11,0.0020817545599139853,0.0003599615068324818,0.004149628009676587,0.9999999999999998,4,N,OOON,4500,9600,169.4616
3984,4969.318278627069,4730.681721373697,0.10081585551212195,0.32264143231479886,0.4876991465333708,1,O,OOON,4500,9700,169.13819999999998
3985,1107.093665333933,3862.2246132958358,0.032625680551959975,0.12036233920285684,0.777214176420774,2,O,OOON,4500,9700,169.13819999999998
3986,0.0023367755319424373,1107.0936409388898,0.0045037217141124155,0.032163802981919384,0.9999999779647885,3,O,OOON,4500,9700,169.13819999999998
3987,8.383698227683977e-11,0.002336775531942437,0.0003832894312982774,0.004410118365168866,0.9999999999999998,4,N,OOON,4500,9700,169.13819999999998
3988,5070.692302195975,4729.307697804238,0.10149579949793633,0.3242643804894209,0.4825824181432896,1,O,OOON,4500,9800,168.8148
3989,1207.9897236745173,3862.702578521856,0.033354564691764337,0.12280572686475263,0.7617702570611568,2,O,OOON,4500,9800,168.8148
3990,0.0025151845747636683,1207.98972311879,0.004778519431171689,0.03291906244724556,0.9999999995399569,3,O,OOON,4500,9800,168.8148
3991,1.0182011629231663e-10,0.002515184574763668,0.0004074525611748131,0.004679173984983266,0.9999999999999998,4,N,OOON,4500,9800,168.8148
3992,5172.166966795552,4727.83303320454,0.10217088386065959,0.32586919180599905,0.4775588922428828,1,O,OOON,4500,9900,168.4914
3993,1309.0155895521448,3863.1513774912,0.03408420046502473,0.12524181468135787,0.7469115754174191,2,O,OOON,4500,9900,168.4914
3994,0.002709652502989435,1309.0155895521375,0.0050621055874954584,0.0336753893501436,0.9999999999999944,3,O,OOON,4500,9900,168.4914
3995,1.2336392115155371e-10,0.002709652502989398,0.00043245877126163126,0.0049568296228278364,0.9999999999999862,4,N,OOON,4500,9900,168.4914
3996,5273.741359312374,4726.25864068765,0.10284115666783816,0.32745612466410473,0.472625864068765,1,O,OOON,4500,10000,168.16799999999998
3997,1410.1568842363033,3863.5844751214763,0.03481448599369045,0.12766998417890096,0.7326078796600743,2,O,OOON,4500,10000,168.16799999999998
3998,0.002883622420046887,1410.1568842175004,0.0053544782030010615,0.034432568638486365,0.9999999999866661,3,O,OOON,4500,10000,168.16799999999998
3999,1.4722316747879389e-10,0.0028836224200468868,0.0004583126929321014,0.005243082783632336,0.9999999999999999,4,N,OOON,4500,10000,168.16799999999998
4000,5376.200705163558,4723.799294836359,0.10351955945199243,0.32904828813842096,0.46770290047884744,1,O,OOON,4500,10100,167.8152
4001,1512.8098663361538,3863.3908388345667,0.03555904078627742,0.13013124506508025,0.7186098605143187,2,O,OOON,4500,10100,167.8152
4002,0.0030364915580624015,1512.809866336153,0.00566129862762009,0.035204527344931305,0.9999999999999994,3,O,OOON,4500,10100,167.8152
4003,1.7372478936555382e-10,0.0030364915580623607,0.00048558993961406215,0.005543478692305545,0.9999999999999866,4,N,OOON,4500,10100,167.8152
4004,5478.764167146469,4721.23584104573,0.10419330896280302,0.3306230261004491,0.462866258926052,1,O,OOON,4500,10200,167.46239999999997
4005,1615.5958764812021,3863.1682906671604,0.03630438912877054,0.1325847873048513,0.705116733045882,2,O,OOON,4500,10200,167.46239999999997
4006,0.0031589198533882048,1615.5958764343943,0.005977388195040017,0.03597725917351824,0.9999999999710275,3,O,OOON,4500,10200,167.46239999999997
4007,2.0197173246452002e-10,0.0031589198533882043,0.0005137782032589362,0.005852943653140275,0.9999999999999999,4,N,OOON,4500,10200,167.46239999999997
4008,5581.424741220285,4718.575264137753,0.10486244466843721,0.3321803662652615,0.45811410331434493,1,O,OOON,4500,10300,167.10959999999997
4009,1718.5089041973063,3862.915837023057,0.037050412252388906,0.13503022114279523,0.6921021094299473,2,O,OOON,4500,10300,167.10959999999997
4010,0.003249429539946853,1718.5089041453832,0.006302743194610848,0.03675051473010934,0.999999999969786,3,O,OOON,4500,10300,167.10959999999997
4011,2.3722960563123927e-10,0.00324942953989464,0.0005428829264675088,0.006171473976896063,0.9999999999839316,4,N,OOON,4500,10300,167.10959999999997
4012,5684.185435341609,4715.814568128304,0.10552701207149469,0.3337206775610035,0.4534437084738754,1,O,OOON,4500,10400,166.75679999999997
4013,1821.5528348111718,3862.6326005305305,0.03779703942950931,0.1374673326834257,0.6795402163543937,2,O,OOON,4500,10400,166.75679999999997
4014,0.003303105019169794,1821.5528317952217,0.006637377157025659,0.037524090890706296,0.9999999983442972,3,O,OOON,4500,10400,166.75679999999997
4015,3.55657173576538e-10,0.0033031050191584008,0.0005729108768329326,0.0064990805072536175,0.9999999999965508,4,N,OOON,4500,10400,166.75679999999997
4016,5787.045266256447,4712.954735990336,0.10618705355727241,0.335244186233456,0.44885283199907966,1,O,OOON,4500,10500,166.404
4017,1924.72914568989,3862.3161206637724,0.03854418471882585,0.13989588830061173,0.6674072765914698,2,O,OOON,4500,10500,166.404
4018,0.003314035932109485,1924.729142710911,0.006981289638557173,0.038297768678928715,0.9999999984522607,3,O,OOON,4500,10500,166.404
4019,2.9123893414350207e-10,0.0033140359321030266,0.0006038679766828979,0.006835763884289836,0.9999999999980512,4,N,OOON,4500,10500,166.404
4020,5890.00329965662,4709.996701765427,0.10684261101219729,0.336751115664672,0.44433931148730443,1,O,OOON,4500,10600,166.0512
4021,2028.0343031713592,3861.9689965128714,0.03929176256297718,0.1423155606775812,0.6556819750403229,2,O,OOON,4500,10600,166.0512
4022,0.0032805592924027233,2028.03430149083,0.007334461935673809,0.03907132247268791,0.9999999991713507,3,O,OOON,4500,10600,166.0512
4023,3.190220747891947e-10,0.003280559292402723,0.0006357584059726183,0.0071815044783746515,0.9999999999999999,4,N,OOON,4500,10600,166.0512
4024,5993.058636956917,4706.94136394719,0.10749372582447365,0.3382416859974619,0.43990106205113927,1,O,OOON,4500,10700,165.69839999999996
4025,2131.471629883035,3861.587007080405,0.040039692623691676,0.14472617881226382,0.6443432712751155,2,O,OOON,4500,10700,165.69839999999996
4026,0.003203539070522274,2131.4716280317766,0.007696880707252988,0.03984452950291343,0.9999999991314648,3,O,OOON,4500,10700,165.69839999999996
4027,3.4396342274034013e-10,0.0032035390705222734,0.0006685868994267211,0.007536288498244163,0.9999999999999999,4,N,OOON,4500,10700,165.69839999999996
4028,6096.21040595866,4703.789594600825,0.10814043889097036,0.3397161139212872,0.4355360735741504,1,O,OOON,4500,10800,165.3456
4029,2235.040675974283,3861.1697299840116,0.04078789525609264,0.1471275036644692,0.6333721234769001,2,O,OOON,4500,10800,165.3456
4030,0.003080646800744955,2235.0406740102767,0.008068517323971772,0.04061716559699468,0.9999999991212659,3,O,OOON,4500,10800,165.3456
4031,3.6443448210963084e-10,0.0030806468007449545,0.0007023568973367161,0.007900087163517897,0.9999999999999999,4,N,OOON,4500,10800,165.3456
4032,6199.457754702778,4700.542245644958,0.10878279062128283,0.3411746125445021,0.4312424078573356,1,O,OOON,4500,10900,164.9928
4033,2338.741449933872,3860.7163047701124,0.041536293189077755,0.14951931680898115,0.6227506432867381,2,O,OOON,4500,10900,164.9928
4034,0.00291087431137359,2338.741449442229,0.008449335686942954,0.04138900597856083,0.9999999997897832,3,O,OOON,4500,10900,164.9928
4035,4.586587308159479e-10,0.002910874311372819,0.0007370712145830361,0.008272864339082057,0.9999999999997351,4,N,OOON,4500,10900,164.9928
4036,6302.7998470817265,4697.200153130663,0.10942082094344628,0.3426173913352496,0.42701819573915123,1,O,OOON,4500,11000,164.64
4037,2442.5740514920612,3860.225795589706,0.042284811300675886,0.1519014124290599,0.6124620627731083,2,O,OOON,4500,11000,164.64
4038,0.002698218593323497,2442.574051456146,0.008839291188807035,0.04215982418301092,0.9999999999852962,3,O,OOON,4500,11000,164.64
4039,3.851317616238368e-10,0.0026982185933234967,0.0007727319548623148,0.008654575616838236,0.9999999999999999,4,N,OOON,4500,11000,164.64
4040,6407.44243574879,4692.557564383422,0.11007434551294863,0.34407781754062733,0.4227529337282362,1,O,OOON,4500,11100,164.2431
4041,2548.6489153487164,3858.7935204000796,0.04305616210862087,0.15433839321016607,0.6022361588253787,2,O,OOON,4500,11100,164.2431
4042,0.0024388297203903437,2548.648915342366,0.00925024569363266,0.042952700860915426,0.9999999999975082,3,O,OOON,4500,11100,164.2431
4043,3.823516746196744e-10,0.0024388297203903416,0.0008106022960860091,0.009056838382255543,0.9999999999999991,4,N,OOON,4500,11100,164.2431
4044,6512.183687635607,4687.816312440586,0.11072370569913695,0.3455226870603013,0.4185550278964809,1,O,OOON,4500,11200,163.84619999999998
4045,2654.866251053594,3857.3174371326745,0.04382792089320713,0.15676589196239687,0.592323193287129,2,O,OOON,4500,11200,163.84619999999998
4046,0.002143037448342544,2654.8662510535937,0.009670976058700436,0.04374446633653335,0.9999999999999998,3,O,OOON,4500,11200,163.84619999999998
4047,3.6832669985080225e-10,0.0021430374483425436,0.0008495135554848197,0.009468658731272716,0.9999999999999998,4,N,OOON,4500,11200,163.84619999999998
4048,6617.0228028974925,4682.9771971455,0.11136893653013685,0.3469521926659778,0.4144227608093363,1,O,OOON,4500,11300,163.4493
4049,2761.219140891554,3855.8036622191257,0.04460000606732714,0.15918351754079318,0.5827097438036225,2,O,OOON,4500,11300,163.4493
4050,0.0018175673619531582,2761.2191408915537,0.010101403219843035,0.044534864914612164,0.9999999999999999,3,O,OOON,4500,11300,163.4493
4051,3.4184205835524886e-10,0.0018175673619525887,0.0008894662823319006,0.009889958444562117,0.9999999999996867,4,N,OOON,4500,11300,163.4493
4052,6721.958989955103,4678.041010070044,0.11201007265390818,0.34836652377646665,0.4103544745675477,1,O,OOON,4500,11400,163.05239999999998
4053,2867.713344728998,3854.2456452916085,0.045372347290722564,0.1615912119091551,0.573381309087301,2,O,OOON,4500,11400,163.05239999999998
4054,0.0014717777050440232,2867.7133447029614,0.01054146761167841,0.045323651873794196,0.9999999999909208,3,O,OOON,4500,11400,163.05239999999998
4055,3.023577341661168e-10,0.0014717777050440208,0.000930462745280005,0.01032067827971337,0.9999999999999983,4,N,OOON,4500,11400,163.05239999999998
4056,6826.991464898327,4673.008535114604,0.11264714834340141,0.3497658665091855,0.4063485682708351,1,O,OOON,4500,11500,162.6555
4057,2974.348298450258,3852.643166474618,0.04614487143415147,0.16398876609647178,0.5643251769514253,2,O,OOON,4500,11500,162.6555
4058,0.0011216986153567057,2974.348297686318,0.010991084756250298,0.046110575905153724,0.9999999997431571,3,O,OOON,4500,11500,162.6555
4059,2.5130317982332296e-10,0.0011216986153566736,0.0009725030578958172,0.010760734820616145,0.9999999999999714,4,N,OOON,4500,11500,162.6555
4060,6932.119451103121,4667.880548904926,0.11328019750193308,0.35115040373724155,0.4024034955952523,1,O,OOON,4500,11600,162.2586
4061,3081.123870078274,3850.995581031351,0.046917507487041085,0.16637599144982648,0.5555293165668885,2,O,OOON,4500,11600,162.2586
4062,0.0008338651625921095,3081.123838542426,0.011450160587073994,0.04689538495975932,0.999999989764823,3,O,OOON,4500,11600,162.2586
4063,2.0335374694624996e-10,0.0008338651625921094,0.0010155864391340839,0.01121003419754872,0.9999999999999999,4,N,OOON,4500,11600,162.2586
4064,7037.342178932523,4662.657821071727,0.11390925366850997,0.35252031514918264,0.398517762484763,1,O,OOON,4500,11700,161.86169999999998
4065,3188.040083436579,3849.302095498885,0.04769018631999096,0.16875271246555074,0.5469823688582919,2,O,OOON,4500,11700,161.86169999999998
4066,0.0004697408717057841,3188.0400830948856,0.011918592357260284,0.04767783141264231,0.9999999998928202,3,O,OOON,4500,11700,161.86169999999998
4067,1.2450532837416198e-10,0.00046974087170578407,0.0010597112878613963,0.01166847576164542,0.9999999999999999,4,N,OOON,4500,11700,161.86169999999998
4068,7142.658885566794,4657.341114435172,0.11453435002298065,0.3538757773096169,0.39468992495213323,1,O,OOON,4500,11800,161.4648
4069,3295.0970066769883,3847.56187889009,0.048462840564046566,0.17111876370210327,0.5386736144805792,2,O,OOON,4500,11800,161.4648
4070,0.0011183794890138876,3295.0961000269194,0.01239626408805059,0.04845766588427157,0.9999997248487474,3,O,OOON,4500,11800,161.4648
4071,3.6234702014347035e-10,0.0011183794890018642,0.0011048759751318604,0.012135944762670553,0.9999999999892493,4,N,OOON,4500,11800,161.4648
4072,7248.068814855279,4651.931185145886,0.11515551939111933,0.3552169637199214,0.39091858698704923,1,O,OOON,4500,11900,161.06789999999998
4073,3402.2947105238336,3845.774104331613,0.049235404540262415,0.17347398843818043,0.5305929348310694,2,O,OOON,4500,11900,161.06789999999998
4074,0.0008289914306462143,3402.293918351115,0.012883053638828423,0.04923462970040674,0.9999997671651676,3,O,OOON,4500,11900,161.06789999999998
4075,2.5834183292889315e-10,0.0008289914306462142,0.0011510751861997525,0.012612320840695631,0.9999999999999999,4,N,OOON,4500,11900,161.06789999999998
4076,7353.571217205699,4646.428782795029,0.11577279424972851,0.356544044878615,0.38720239856625244,1,O,OOON,4500,12000,160.671
4077,3509.6332538183697,3843.9379633872227,0.050007814210583965,0.17581823803118243,0.5227307725521546,2,O,OOON,4500,12000,160.671
4078,75.8849193474754,3433.7483344572356,0.01340749659262877,0.05081667141792294,0.9783781056671452,3,O,OOON,4500,12000,160.671
4079,2.534543396189699e-05,75.88491934747535,0.0012902831433844791,0.01314994319347132,0.9999999999999992,4,N,OOON,4500,12000,160.671
4080,7460.400216927568,4639.599783072687,0.11640636126403264,0.3578890496602976,0.38343799860104855,1,O,OOON,4500,12100,160.23
4081,3619.2643303625864,3841.135886564989,0.05080491140716731,0.17821854247766394,0.5148699499859931,2,O,OOON,4500,12100,160.23
4082,189.9560084510246,3429.308321995566,0.013969298327923799,0.05284530574357443,0.9475152984065162,3,O,OOON,4500,12100,160.23
4083,6.60087112004199e-05,189.95600845102342,0.0014891634002804977,0.013737134459240442,0.9999999999999939,4,N,OOON,4500,12100,160.23
4084,7567.325940690547,4632.674059309888,0.11703616618296786,0.3592200017389988,0.3797273819106466,1,O,OOON,4500,12200,159.789
4085,3729.047144219683,3838.278796875058,0.05160214009617902,0.18060801870198956,0.5072173218066514,2,O,OOON,4500,12200,159.789
4086,304.1359913575176,3424.911152768825,0.01453857084809551,0.05489342306176361,0.9184413659338437,3,O,OOON,4500,12200,159.789
4087,0.00010681490279933977,304.1359913568827,0.0017022894165700528,0.014332253391774238,0.9999999999979124,4,N,OOON,4500,12200,159.789
4088,7674.347658364787,4625.652341635295,0.11766223735938598,0.3605370574935737,0.3760692960679101,1,O,OOON,4500,12300,159.34799999999998
4089,3838.97665247795,3835.371006055453,0.05239943140022612,0.1829863882877891,0.49976508451177926,2,O,OOON,4500,12300,159.34799999999998
4090,418.4106109837863,3420.5660414942067,0.01511516060213751,0.05696011939821289,0.8910098578709326,3,O,OOON,4500,12300,159.34799999999998
4091,0.00014799306525771407,418.4106086883007,0.0019298999700234061,0.014934811577847252,0.999999994513797,4,N,OOON,4500,12300,159.34799999999998
4092,7781.464645308793,4618.535354691374,0.11828460287626735,0.36184037065681224,0.37246252860414303,1,O,OOON,4500,12400,158.907
4093,3949.0567216873433,3832.4079237021865,0.05319672236398115,0.18535358983601868,0.49250470167112154,2,O,OOON,4500,12400,158.907
4094,532.8077874215487,3416.248934268165,0.015698954107986673,0.05904497913953811,0.8650797329668334,3,O,OOON,4500,12400,158.907
4095,0.00017963519532323982,532.8077867182817,0.002172260283072121,0.015544352812338137,0.9999999986800737,4,N,OOON,4500,12400,158.907
4096,7888.676182319364,4611.323817680685,0.1189032905501674,0.3631300923645184,0.36890590541445484,1,O,OOON,4500,12500,158.466
4097,4059.287108627722,3829.389073730225,0.0539939494988067,0.18770947343212815,0.4854286049049537,2,O,OOON,4500,12500,158.466
4098,647.3181796515997,3411.968928975791,0.01628981345379263,0.06114717193652884,0.8405340242437884,3,O,OOON,4500,12500,158.466
4099,0.0002067138138106446,647.3181772156823,0.0024295464282890734,0.0161603611359561,0.9999999962369087,4,N,OOON,4500,12500,158.466
4100,7995.9815555910145,4604.018444408988,0.11951832793453467,0.36440637120330616,0.36539828923880857,1,O,OOON,4500,12600,158.025
4101,4169.667725580416,3826.3138300299665,0.05479105083651778,0.19005390018313048,0.47852959682660856,2,O,OOON,4500,12600,158.025
4102,761.9474231419036,3407.720302444914,0.016887607959986905,0.0632660501996379,0.817264234638879,3,O,OOON,4500,12600,158.025
4103,0.00021830990426524783,761.9474231418923,0.0027019173215803082,0.016782317096945235,0.9999999999999851,4,N,OOON,4500,12600,158.025
4104,8103.38183221689,4596.618170349513,0.12012974537084997,0.3656694080118499,0.36193843861019787,1,O,OOON,4500,12700,157.584
4105,4280.200235403436,3823.1815968218066,0.055587973779503565,0.19238676426486057,0.4718007464021816,2,O,OOON,4500,12700,157.584
4106,876.6945379368245,3403.5056974682334,0.017492211564420775,0.06540089890251333,0.7951744101400507,3,O,OOON,4500,12700,157.584
4107,0.00021630997592177306,876.6945379347295,0.0029894802625521416,0.01740967585253764,0.9999999999976104,4,N,OOON,4500,12700,157.584
4108,8210.87221856609,4589.127783238003,0.12073756298004272,0.3669192203472016,0.35852560806546896,1,O,OOON,4500,12800,157.143
4109,4390.880755469838,3819.9914630981916,0.05638464099120732,0.19470788700426245,0.4652357705020159,2,O,OOON,4500,12800,157.143
4110,991.5615105859313,3399.31924488421,0.01810347912177867,0.06755103165786716,0.7741770806801317,3,O,OOON,4500,12800,157.143
4111,0.00023803838516937847,991.5614737140563,0.003292300082365125,0.01804185726562069,0.9999999628143342,4,N,OOON,4500,12800,157.143
4112,8318.454489186133,4581.545512067172,0.12134181162304443,0.3681560255568176,0.3551585668269126,1,O,OOON,4500,12900,156.702
4113,4501.711633554466,3816.742855633848,0.05718100570730684,0.19701718645768954,0.4588283629603981,2,O,OOON,4500,12900,156.702
4114,1106.5520947322243,3395.1595388138653,0.018721290967615187,0.06971581410767576,0.7541930303814489,3,O,OOON,4500,12900,156.702
4115,0.00017176807776005457,1106.5520946556237,0.0036104084394337635,0.018678314610639728,0.9999999999307754,4,N,OOON,4500,12900,156.702
4116,8426.127907453858,4573.872093393142,0.12194251778349956,0.36937996114670896,0.3518363148763955,1,O,OOON,4500,13000,156.261
4117,4612.692820070596,3813.435087385044,0.05797701131608014,0.19931455260078895,0.45257265606087366,2,O,OOON,4500,13000,156.261
4118,1221.6659988709357,3391.026821198512,0.019345517447646142,0.07189456043273332,0.735151234533457,3,O,OOON,4500,13000,156.261
4119,0.000136472970604741,1221.6659928662018,0.0039437748172436215,0.01931843698951397,0.999999995084799,4,N,OOON,4500,13000,156.261
4120,8535.998551759281,4564.001448803773,0.12257385532549589,0.3706418004486946,0.3483970571605934,1,O,OOON,4500,13100,155.7465
4121,4727.488180912796,3808.5103708467723,0.058817473092018784,0.20171438905056216,0.44617045653807347,2,O,OOON,4500,13100,155.7465
4122,1341.999678685147,3385.4885022280046,0.020010655852558352,0.07420040415954322,0.7161283905260499,3,O,OOON,4500,13100,155.7465
4123,8.312745177495914e-05,1341.9996767865694,0.004310999704250481,0.019996778256618622,0.9999999985852622,4,N,OOON,4500,13100,155.7465
4124,8645.968872860889,4554.031127507707,0.12320180950048945,0.37189051197492984,0.3450023581445233,1,O,OOON,4500,13200,155.232
4125,4842.450383044235,3803.5184898167586,0.05965812748673082,0.2041024619160663,0.43991813361204035,2,O,OOON,4500,13200,155.232
4126,1462.4786820884267,3379.9717009913034,0.020683259973657248,0.07652214389922363,0.6979878849819963,3,O,OOON,4500,13200,155.232
4127,3.6366014053160894e-05,1462.4786794490672,0.004695242583831364,0.020678499930919064,0.9999999981952834,4,N,OOON,4500,13200,155.232
4128,8756.038173901152,4543.961826316925,0.12382640132251645,0.3731262174663376,0.3416512651366109,1,O,OOON,4500,13300,154.7175
4129,4957.579554346624,3798.4586195544766,0.06049891051987292,0.2064786308381792,0.4338101940757206,2,O,OOON,4500,13300,154.7175
4130,1583.0968207668436,3374.4827335886207,0.021363194545616797,0.07885894692200218,0.6806714237454844,3,O,OOON,4500,13300,154.7175
4131,0.013609865452083869,1583.0832134088132,0.0050963382626373266,0.021363022781214585,0.9999914045951884,4,N,OOON,4500,13300,154.7175
4132,8866.205767531583,4533.794232617697,0.12444765165404115,0.37434903676364445,0.3383428531804252,1,O,OOON,4500,13400,154.203
4133,5072.875808955631,3793.3299585759,0.06133975946340816,0.20884276179299524,0.42784140792978587,2,O,OOON,4500,13400,154.203
4134,1703.864208627887,3369.0116003273747,0.022050333323427988,0.08121023032171211,0.6641226253518245,3,O,OOON,4500,13400,154.203
4135,94.33329492957253,1609.5309136966766,0.005563230281945247,0.023016628990770737,0.9446356731636635,4,N,OOON,4500,13400,154.203
4136,8976.470974083384,4523.5290260144275,0.1250655812052388,0.3755590877893592,0.33507622414921684,1,O,OOON,4500,13500,153.6885
4137,5188.341829929503,3788.1291467982815,0.062180615891298745,0.211194802993721,0.42200650542237167,2,O,OOON,4500,13500,153.6885
4138,1824.7835007050971,3363.55832922486,0.02274455364516441,0.08357530231136988,0.6482915812951674,3,O,OOON,4500,13500,153.6885
4139,218.4433970132297,1606.3401036808534,0.006058867566739934,0.025013607741916227,0.8802907868578179,4,N,OOON,4500,13500,153.6885
4140,9086.833120858091,4513.166879197955,0.12568021053433337,0.3767564865502838,0.331850505823379,1,O,OOON,4500,13600,153.17399999999998
4141,5303.971327347153,3782.861795007197,0.06302141193889828,0.21353444486765355,0.4163014489970046,2,O,OOON,4500,13600,153.17399999999998
4142,1945.8504802719438,3358.120847075212,0.023445705673980567,0.08595340591679602,0.6331332957553558,3,O,OOON,4500,13600,153.17399999999998
4143,342.6414751096468,1603.2090051630894,0.006567118151978249,0.027053035271094362,0.8239117143980311,4,N,OOON,4500,13600,153.17399999999998
4144,9197.291540383361,4502.708459650528,0.12629156004646555,0.37794134711459076,0.32866485106938165,1,O,OOON,4500,13700,152.65949999999998
4145,5419.768704933443,3777.5228362782177,0.06386209358065448,0.2158616987583592,0.4107212237093838,2,O,OOON,4500,13700,152.65949999999998
4146,2067.0725513389134,3352.696153629572,0.024153675072919437,0.08834393373368765,0.618605024708475,3,O,OOON,4500,13700,152.65949999999998
4147,466.9520391231312,1600.1205122159988,0.0070878135568461795,0.029133886734008702,0.7740998307870453,4,N,OOON,4500,13700,152.65949999999998
4148,9307.845570599975,4492.154429420071,0.1268996499963464,0.3791137816507492,0.3255184369144979,1,O,OOON,4500,13800,152.14499999999998
4149,5535.733769385908,3772.1118016713963,0.0647026025688687,0.21817644692625113,0.4052615369539537,2,O,OOON,4500,13800,152.14499999999998
4150,2188.448498433144,3347.2852709598465,0.024868331232378214,0.09074616993490663,0.6046687594463505,3,O,OOON,4500,13800,152.14499999999998
4151,591.3739126266128,1597.0745858049631,0.007620752103974134,0.03125486345410473,0.7297748093904952,4,N,OOON,4500,13800,152.14499999999998
4152,9418.4945542668,4481.505445744445,0.12750450048868345,0.3802739004364124,0.32241046372262194,1,O,OOON,4500,13900,151.63049999999998
4153,5651.866415301813,3766.628139199824,0.0655428819027682,0.22047858007754784,0.3999182796674712,2,O,OOON,4500,13900,151.63049999999998
4154,2309.983008749435,3341.8834065549427,0.02558954765621969,0.09315950156075684,0.5912884631362053,3,O,OOON,4500,13900,151.63049999999998
4155,715.913101140158,1594.0699076122328,0.008165749253566298,0.03341475294739229,0.6900786289658558,4,N,OOON,4500,13900,151.63049999999998
4156,9529.237838488616,4470.76216151534,0.12810613147835817,0.3814218118711369,0.31934015439395286,1,O,OOON,4500,14000,151.11599999999999
4157,5768.166581709276,3761.0712569102257,0.06638287575866197,0.2227679959283772,0.39468752072901875,2,O,OOON,4500,14000,151.11599999999999
4158,2431.677405152265,3336.4891765573857,0.02631719687183021,0.0955832720079962,0.5784314875956108,3,O,OOON,4500,14000,151.11599999999999
4159,840.5689466409583,1591.108458511069,0.008722610320754113,0.03561226597660547,0.6543254689704362,4,N,OOON,4500,14000,151.11599999999999
4160,9642.664583898213,4457.335416101673,0.12874621126416555,0.38261501746109416,0.316123079156147,1,O,OOON,4500,14100,150.5133
4161,5889.137785116865,3753.5267988361566,0.06728040070457068,0.22518368066271335,0.3892624042014255,2,O,OOON,4500,14100,150.5133
4162,2559.7404052664883,3329.397379850474,0.02710080234008182,0.09817167911436922,0.5653454718387786,3,O,OOON,4500,14100,150.5133
4163,972.3918028369981,1587.3486024273307,0.009328442894687459,0.03798794569958066,0.6201209306855769,4,N,OOON,4500,14100,150.5133
4164,9756.196988854384,4443.803011146729,0.12938324304037702,0.38379549890394227,0.31294387402441753,1,O,OOON,4500,14200,149.91059999999996
4165,6010.299287077906,3745.8977018038677,0.068178330333506,0.22758663024157752,0.3839506014570261,2,O,OOON,4500,14200,149.91059999999996
4166,2687.9927635807103,3322.3065237342907,0.027892248254789122,0.10077275189517318,0.5527688996914384,3,O,OOON,4500,14200,149.91059999999996
4167,1104.359677907999,1583.6330856730103,0.009948025571058105,0.040405800852384086,0.589150799484829,4,N,OOON,4500,14200,149.91059999999996
4168,9869.834413843028,4430.165586157313,0.13001724081048055,0.38496334482538197,0.3098017892417701,1,O,OOON,4500,14300,149.3079
4169,6131.651294812843,3738.1831190418284,0.06907659864381871,0.22997670111245555,0.3787483115014377,2,O,OOON,4500,14300,149.3079
4170,2816.427008145186,3315.224286730797,0.028691395002733083,0.10338558003940417,0.5406739762803142,3,O,OOON,4500,14300,149.3079
4171,1236.4746132871096,1579.9523948963586,0.010581150563248494,0.04286450960978445,0.5609775756045131,4,N,OOON,4500,14300,149.3079
4172,9983.576221439293,4416.423778559914,0.1306482185048253,0.3861186421013414,0.3066960957333274,1,O,OOON,4500,14400,148.7052
4173,6253.194001286526,3730.3822201589433,0.0699751406476833,0.23235375534887828,0.3736518996217118,2,O,OOON,4500,14400,148.7052
4174,2945.054118684307,3308.139882623304,0.029498115894411606,0.10600959818446007,0.5290320245849865,3,O,OOON,4500,14400,148.7052
4175,1368.7342712178627,1576.3198474666726,0.011227637828316494,0.045362554131519565,0.5352430834686625,4,N,OOON,4500,14400,148.7052
4176,10097.421776241796,4402.5782237583235,0.13127618998051502,0.3872614758707536,0.30362608439712574,1,O,OOON,4500,14500,148.1025
4177,6374.927581962522,3722.494194282015,0.07087389235441915,0.23471766039874678,0.3686578887930248,2,O,OOON,4500,14500,148.1025
4178,3073.8750759367585,3301.052506031201,0.03031227753058849,0.10864406902464548,0.5178180400623424,3,O,OOON,4500,14500,148.1025
4179,1501.1555102975976,1572.7195656388706,0.011887309167887737,0.0478988475521172,0.511640690264417,4,N,OOON,4500,14500,148.1025
4180,10211.370444819539,4388.629555180513,0.1319011690213624,0.3883919295482005,0.3005910654233228,1,O,OOON,4500,14600,147.49979999999996
4181,6496.852193315181,3714.518251505264,0.07177279075558969,0.23706828888355563,0.3637629514645337,2,O,OOON,4500,14600,147.49979999999996
4182,3202.891921678151,3293.960271637829,0.031133747426756727,0.11128828358312746,0.507008651824816,3,O,OOON,4500,14600,147.49979999999996
4183,1633.7380861427819,1569.1538355353275,0.012559971925995733,0.05047199441792757,0.4899178223638503,4,N,OOON,4500,14600,147.49979999999996
4184,10325.421595698677,4374.578404301105,0.13252316933788033,0.3895100848367326,0.29759036763953095,1,O,OOON,4500,14700,146.89709999999997
4185,6618.967972188453,3706.4536235108653,0.07267177381159937,0.23940551842586835,0.35896390177955395,2,O,OOON,4500,14700,146.89709999999997
4186,3332.106967626403,3286.8610045616415,0.03196239352881215,0.11394154745998109,0.4965820983531508,3,O,OOON,4500,14700,146.89709999999997
4187,1766.4864558348095,1565.6205117906502,0.013245438655538178,0.05308069306984266,0.4698590192336791,4,N,OOON,4500,14700,146.89709999999997
4188,10439.57459934036,4360.42540065907,0.13314220456713072,0.39061602173990934,0.2946233378823696,1,O,OOON,4500,14800,146.2944
4189,6741.27503559123,3698.299563749225,0.07357078043887344,0.24172923149199185,0.3542576882378816,2,O,OOON,4500,14800,146.2944
4190,3461.5225614538017,3279.752474137452,0.03279808408859933,0.11660317676092385,0.4865181225838841,3,O,OOON,4500,14800,146.2944
4191,1899.403580170782,1562.118981282111,0.013943521035674023,0.05572362604267427,0.4512808897094226,4,N,OOON,4500,14800,146.2944
4192,10553.82882812023,4346.171171879821,0.13375828827267436,0.391709818573635,0.29168934039461886,1,O,OOON,4500,14900,145.6917
4193,6863.773480733595,3690.055347386642,0.07446975049745912,0.24403931524398212,0.34964138678795376,2,O,OOON,4500,14900,145.6917
4194,3591.1410257470884,3272.6324549865462,0.03364068765501484,0.11927249710365224,0.47679785240184963,3,O,OOON,4500,14900,145.6917
4195,2032.4948659723927,1558.6461597745008,0.014654033179570062,0.0583995320431086,0.43402532749329875,4,N,OOON,4500,14900,145.6917
4196,10668.183656324476,4331.816343675574,0.13437143394452672,0.39279155197790566,0.2887877562450383,1,O,OOON,4500,15000,145.08899999999997
4197,6986.463385190355,3681.7202711340565,0.07536862477904138,0.2463356613979513,0.3451121943285446,2,O,OOON,4500,15000,145.08899999999997
4198,3720.9661271630334,3265.497258199862,0.03449007418806115,0.12194887225522674,0.46740347414142913,3,O,OOON,4500,15000,145.08899999999997
4199,2165.7655625244765,1555.200564638612,0.015376791997463547,0.06110714808563822,0.4179561198597471,4,N,OOON,4500,15000,145.08899999999997
4200,10786.179300803367,4313.820699196499,0.13503813582123111,0.39393256537116855,0.2856834900130132,1,O,OOON,4500,15100,144.3687
4201,7115.513564107134,3670.6657366962154,0.07634998843571088,0.24880395889765092,0.3403119523910399,2,O,OOON,4500,15100,144.3687
4202,3859.439813715808,3256.07375045558,0.035423852229866416,0.1248599306812467,0.45760207202474185,3,O,OOON,4500,15100,144.3687
4203,2308.7436307156977,1550.6961830401847,0.01617709644563165,0.06407925207943863,0.40179307305927353,4,N,OOON,4500,15100,144.3687
4204,10904.292486075941,4295.707513923967,0.13570212081144728,0.395060505909738,0.2826123364423662,1,O,OOON,4500,15200,143.6484
4205,7244.792735527885,3659.4997512010773,0.07733225171514559,0.2512582153428292,0.33560176012098136,2,O,OOON,4500,15200,143.6484
4206,3998.1643475831797,3246.628387958652,0.03636654566301213,0.12778077952502748,0.44813268046129817,3,O,OOON,4500,15200,143.6484
4207,2451.942855787364,1546.2214918010402,0.01699256724253846,0.06708910870889552,0.3867328497228244,4,N,OOON,4500,15200,143.6484
4208,11022.522599921369,4277.47740007865,0.13636339470163275,0.3961754187334902,0.27957368627965035,1,O,OOON,4500,15300,142.92809999999997
4209,7374.296239888304,3648.226360500595,0.07831532836583949,0.2536981035478563,0.33097925882471046,2,O,OOON,4500,15300,142.92809999999997
4210,4137.13757539387,3237.1586644965982,0.03731799279961043,0.13071054103676988,0.4389786576495916,3,O,OOON,4500,15300,142.92809999999997
4211,2595.3655498853527,1541.772025509199,0.017822995568663097,0.07013519488932314,0.37266636591421953,4,N,OOON,4500,15300,142.92809999999997
4212,11140.87087877322,4259.129033378812,0.13702200398332048,0.397277475100891,0.2765668203492735,1,O,OOON,4500,15400,142.2078
4213,7504.029327061754,3636.841552021728,0.07929918038355563,0.2561236260445166,0.32644140584655984,2,O,OOON,4500,15400,142.2078
4214,4276.367092050905,3227.662235012196,0.03827808036546826,0.13364851102154363,0.43012388336120827,3,O,OOON,4500,15400,142.2078
4215,2739.020913908546,1537.3461781420956,0.01866821277997941,0.07321610421055093,0.3594981780211949,4,N,OOON,4500,15400,142.2078
4216,11259.33239226247,4240.667544143618,0.13767786147233485,0.39836642275253875,0.27359145446087857,1,O,OOON,4500,15500,141.48749999999998
4217,7633.988583365924,3625.343809044673,0.08028366766872634,0.2585344271897213,0.3219856810991784,2,O,OOON,4500,15500,141.48749999999998
4218,4415.852611760907,3218.135971605352,0.039246622781290236,0.1365937625178126,0.42155367884849976,3,O,OOON,4500,15500,141.48749999999998
4219,2882.9109953299494,1532.9416164310019,0.019527997767973492,0.07633025353018273,0.3471451045146436,4,N,OOON,4500,15500,141.48749999999998
4220,11377.909185686065,4222.09076987864,0.13833102785664358,0.3994424765577069,0.27064684422298974,1,O,OOON,4500,15600,140.7672
4221,7764.176498404901,3613.732687370749,0.08126875684595118,0.26093044856968767,0.3176095562370098,2,O,OOON,4500,15600,140.7672
4222,4555.599128794835,3208.577369610144,0.04022350009708768,0.13954559244515585,0.4132540482908039,3,O,OOON,4500,15600,140.7672
4223,3027.043821276506,1528.555307561591,0.020402173001241787,0.0794762556591113,0.3355333215997791,4,N,OOON,4500,15600,140.7672
4224,11496.600563521075,4203.399406539838,0.1389815082405535,0.40050567114847463,0.26773244627642284,1,O,OOON,4500,15700,140.04690000000002
4225,7894.593244207978,3602.0073193580656,0.08225437526575569,0.26331152654165985,0.3133106433902993,2,O,OOON,4500,15700,140.04690000000002
4226,4695.609548411883,3198.9836957961115,0.041208566925781245,0.14250322549112743,0.4052119718952092,3,O,OOON,4500,15700,140.04690000000002
4227,3171.4220405820597,1524.187507840572,0.021290539134491342,0.08265259426112212,0.3245984343728222,4,N,OOON,4500,15700,140.04690000000002
4228,11615.405891418137,4184.594089293453,0.13962930798015377,0.4015560415522241,0.2648477271704717,1,O,OOON,4500,15800,139.32659999999998
4229,8025.239046136793,3590.166845300862,0.0832404513882654,0.2656775031845734,0.30908664568953215,2,O,OOON,4500,15800,139.32659999999998
4230,4835.886805038969,3189.3522410978267,0.0422016778612702,0.14546589667977797,0.39741523246377614,3,O,OOON,4500,15800,139.32659999999998
4231,3316.052974950339,1519.8338300899397,0.022192901954839955,0.08585787166738895,0.3142823418667039,4,N,OOON,4500,15800,139.32659999999998
4232,11734.324532475028,4165.6754557708255,0.14027443243352347,0.40259362071517574,0.26199216702961164,1,O,OOON,4500,15900,138.6063
4233,8156.114114982745,3578.210417502659,0.08422691443320415,0.2680282250370155,0.30493535504322167,2,O,OOON,4500,15900,138.6063
4234,4976.435540813127,3179.6785748787956,0.04320268919365251,0.14843289108959884,0.3898521440544512,3,O,OOON,4500,15900,138.6063
4235,3460.9429740240425,1515.4925667892574,0.02310906778913941,0.08909065938369465,0.30453374797287797,4,N,OOON,4500,15900,138.6063
4236,11853.35586579161,4146.64412705571,0.14091688720260817,0.40361844091336424,0.2591652579409819,1,O,OOON,4500,16000,137.886
4237,8287.218658538926,3566.137207251145,0.08521369456724795,0.27036354335555357,0.3008546480531221,2,O,OOON,4500,16000,137.886
4238,5117.254082188741,3169.9645766606513,0.04421144981835472,0.15140335717957326,0.38251248184388204,3,O,OOON,4500,16000,137.886
4239,3606.09250986207,1511.1615723266923,0.024038825247448287,0.09234948594199074,0.29530712136934606,4,N,OOON,4500,16000,137.886
4240,11977.045062362162,4122.954933970744,0.1416286366847741,0.4047115452984818,0.2560841573894872,1,O,OOON,4500,16100,137.01870000000002
4241,8426.504363391316,3550.5406989700414,0.08631130004069908,0.27291336707837655,0.29644546551199075,2,O,OOON,4500,16100,137.01870000000002
4242,5269.179118434657,3157.3252450562977,0.04534082352738375,0.15468587529082753,0.37468980123871987,3,O,OOON,4500,16100,137.01870000000002
4243,3763.674692803407,1505.504425631188,0.02508574039783599,0.09597736930991234,0.2857189690826901,4,N,OOON,4500,16100,137.01870000000002
4244,12100.87068809282,4099.129310546746,0.14233800982148392,0.4057901164873221,0.25303267349053987,1,O,OOON,4500,16200,136.1514
4245,8566.072081723492,3534.798606367737,0.08741056957202582,0.275446699953754,0.2921110965879469,2,O,OOON,4500,16200,136.1514
4246,5421.4459361301815,3144.6261456310135,0.046480956240741646,0.15797465994112334,0.3671024613883841,3,O,OOON,4500,16200,136.1514
4247,3921.593021923467,1499.8529144868994,0.02615045738273365,0.09963811848952413,0.27665182539060634,4,N,OOON,4500,16200,136.1514
4248,12224.832134437951,4075.167865731997,0.14304500176762788,0.40685412792741243,0.25001029851116546,1,O,OOON,4500,16300,135.2841
4249,8705.92252714626,3518.9096072908937,0.08851141013600757,0.2779632795400236,0.28784931920479734,2,O,OOON,4500,16300,135.2841
4250,5574.058730419891,3131.8637967395302,0.047631681107858176,0.16126872798403916,0.3597394517323063,3,O,OOON,4500,16300,135.2841
4251,4079.8496249719465,1494.2091055282126,0.02723274744456833,0.1033297605974287,0.2680648299189439,4,N,OOON,4500,16300,135.2841
4252,12348.928788624418,4051.0712125556965,0.14374960768078232,0.40790355009714563,0.2470165373509571,1,O,OOON,4500,16400,134.4168
4253,8846.056378175863,3502.8724104473695,0.08961372907661112,0.280462847016295,0.2836579974187028,2,O,OOON,4500,16400,134.4168
4254,5727.021755103931,3119.0346230731243,0.048792829550631335,0.16456710653509854,0.35259040749142245,3,O,OOON,4500,16400,134.4168
4255,4238.455698029067,1488.5660571055564,0.02833240638235102,0.10705063785473955,0.259919749000245,4,N,OOON,4500,16400,134.4168
4256,12473.160023157212,4026.83997819481,0.14445182261106576,0.40893834985771116,0.24405090776938243,1,O,OOON,4500,16500,133.5495
4257,8986.474267531452,3486.685755625179,0.09071743401033246,0.28294514672632226,0.27953507765088603,2,O,OOON,4500,16500,133.5495
4258,5880.339240841159,3106.135026689916,0.04996423116489221,0.16786883140712644,0.34564557068977825,3,O,OOON,4500,16500,133.5495
4259,4397.4177520515095,1482.9214887956823,0.029449212786937122,0.11079894548574278,0.25218298265791145,4,N,OOON,4500,16500,133.5495
4260,12597.52523046835,4002.4747707300626,0.1451516417905962,0.4099584922189967,0.2411129379957869,1,O,OOON,4500,16600,132.6822
4261,9127.176813681119,3470.3484167870115,0.09182243310287963,0.28540992671440146,0.2754785843487444,2,O,OOON,4500,16600,132.6822
4262,6034.015394902317,3093.161418778571,0.05114571397290661,0.1711729474133162,0.338895748589213,3,O,OOON,4500,16600,132.6822
4263,4556.74265721987,1477.2727376783762,0.030582943053487313,0.11457290153650225,0.2448241578777562,4,N,OOON,4500,16600,132.6822
4264,12722.023783708097,3977.9762172859805,0.14584906032644834,0.41096393837991996,0.23820216869975933,1,O,OOON,4500,16700,131.81489999999997
4265,9268.164584339152,3453.8591993685745,0.0929286347745251,0.28785693776919435,0.2714866170735829,2,O,OOON,4500,16700,131.81489999999997
4266,6188.054354990688,3080.1102293482577,0.052337104215616825,0.17447850758510108,0.3323322758588969,3,O,OOON,4500,16700,131.81489999999997
4267,4716.437396247178,1471.6169587402037,0.03173337073681268,0.1183707404955224,0.23781577767708834,4,N,OOON,4500,16700,131.81489999999997
4268,12846.65505225549,3953.344948397484,0.1465440734626953,0.4119546465872804,0.23531815169032644,1,O,OOON,4500,16800,130.9476
4269,9409.438109730905,3437.2169425244506,0.09403594791031473,0.29028593378301615,0.26755734691584,2,O,OOON,4500,16800,130.9476
4270,6342.460196148986,3066.977913581866,0.05353822655122942,0.17778457375339984,0.32594697768510816,3,O,OOON,4500,16800,130.9476
4271,4876.508892678873,1465.951303469564,0.03290026629855735,0.12219070936788458,0.23113291343312806,4,N,OOON,4500,16800,130.9476
4272,12971.418398445265,3928.5816018457112,0.14723667634142182,0.4129305715670001,0.2324604498133557,1,O,OOON,4500,16900,130.0803
4273,9550.997880669112,3420.420517776214,0.0951442817034797,0.2926966711579068,0.263689013237456,2,O,OOON,4500,16900,130.0803
4274,6497.240270370076,3053.7576117647186,0.05474891090257296,0.18109030475320528,0.31973178613571024,3,O,OOON,4500,16900,130.0803
4275,5036.967290197584,1460.2729801722733,0.034083407907737916,0.12603110541138163,0.22475280571532527,4,N,OOON,4500,16900,130.0803
4276,13096.313177679001,3903.686822373399,0.14792686404969296,0.41389166452791765,0.22962863661019994,1,O,OOON,4500,17000,129.213
4277,9692.846692533129,3403.466427661469,0.09625359213667109,0.29508906447816063,0.2598797372578295,2,O,OOON,4500,17000,129.213
4278,6652.392050161072,3040.4546430458895,0.055968993861690366,0.1843946516700031,0.3136802571517096,3,O,OOON,4500,17000,129.213
4279,5197.823514463752,1454.5685239518837,0.035282689134553624,0.12989087635282448,0.21865345773129302,4,N,OOON,4500,17000,129.213
4280,13229.293878265451,3870.70612188632,0.14873969974693863,0.41495756187700916,0.22635708315124678,1,O,OOON,4500,17100,128.09579999999997
4281,9848.986811946617,3380.307035099317,0.09756516993147882,0.2978437750760954,0.25551681489613437,2,O,OOON,4500,17100,128.09579999999997
4282,6826.9550999376515,3022.031712289341,0.05742053107771391,0.1882543671146689,0.30683681174429833,3,O,OOON,4500,17100,128.09579999999997
4283,5380.366827940771,1446.5882606641198,0.03671603272461636,0.13442790484261147,0.21189362453509195,4,N,OOON,4500,17100,128.09579999999997
4284,13362.453498547146,3837.546502267123,0.14955071987122892,0.4160041930798364,0.22311316873646064,1,O,OOON,4500,17200,126.97859999999999
4285,10005.524653227742,3356.92882909562,0.09888038594951892,0.3005766896358155,0.2512209924218339,2,O,OOON,4500,17200,126.97859999999999
4286,7002.048506313518,3003.476147028436,0.05888759982648959,0.19211615977118401,0.3001817746818031,3,O,OOON,4500,17200,126.97859999999999
4287,5563.480641673547,1438.5678646397162,0.038174134206981084,0.13899432807096665,0.20544957141365225,4,N,OOON,4500,17200,126.97859999999999
4288,13495.791403384743,3804.208597482425,0.1503598972865587,0.41703133043319385,0.21989645072152744,1,O,OOON,4500,17300,125.86139999999999
4289,10162.461267115666,3333.330130202811,0.10019909270066892,0.30328723650824224,0.24699034169769488,2,O,OOON,4500,17300,125.86139999999999
4290,7177.678985171722,2984.782281974001,0.06036996504347475,0.195978504371815,0.2937066330213083,3,O,OOON,4500,17300,125.86139999999999
4291,5747.165931169814,1430.5130540015975,0.03965664122700237,0.14358689803252997,0.19930022740733833,4,N,OOON,4500,17300,125.86139999999999
4292,13629.30696195661,3770.693038071953,0.15116720455530433,0.41803873745111464,0.21670649644091686,1,O,OOON,4500,17400,124.74419999999998
4293,10319.798007797724,3309.5089541528937,0.10152114500967585,0.30597486350504977,0.24282298163734245,2,O,OOON,4500,17400,124.74419999999998
4294,7353.853709181661,2965.944298622655,0.0618673885972196,0.19983989070999522,0.28740332866801876,3,O,OOON,4500,17400,124.74419999999998
4295,5931.43454119404,1422.419167987459,0.04116324266485574,0.1482029000198437,0.19342500194306236,4,N,OOON,4500,17400,124.74419999999998
4296,13762.99956247383,3737.0004377364116,0.15197261399641165,0.41902616890534156,0.21354288215636638,1,O,OOON,4500,17500,123.627
4297,10477.536364694653,3285.463199738385,0.10284639761748922,0.30863902144808936,0.23871708960134846,2,O,OOON,4500,17500,123.627
4298,7530.580039653167,2946.956325042698,0.06337962738973524,0.20369881592024436,0.28126424213356394,3,O,OOON,4500,17500,123.627
4299,6116.298545888532,1414.2814937647927,0.04269363924826279,0.15283966752090372,0.1878051207633044,4,N,OOON,4500,17500,123.627
4300,13896.868517582405,3703.131483231916,0.15277609724421487,0.4199933672442258,0.2104051979109043,1,O,OOON,4500,17600,122.50979999999998
4301,10635.677800216074,3261.1907185884497,0.10417470474353202,0.3112791627912879,0.23467090549661393,2,O,OOON,4500,17600,122.50979999999998
4302,7707.865312258592,2927.812487958429,0.06490643268239712,0.2075537815527695,0.2752821722277961,3,O,OOON,4500,17600,122.50979999999998
4303,6301.7699913875285,1406.0953208716808,0.044247521822416196,0.15749454003172242,0.1824234420177823,4,N,OOON,4500,17600,122.50979999999998
4304,14030.913097132065,3669.08690295071,0.1535776255081784,0.420940063898143,0.20729304536444687,1,O,OOON,4500,17700,121.39259999999999
4305,10794.223598714727,3236.6894971522747,0.10550591924934859,0.31389473416721947,0.23068274136868955,2,O,OOON,4500,17700,121.39259999999999
4306,7885.716669173347,2908.5069295408703,0.06644754925967117,0.21140329091070637,0.26945031321077945,3,O,OOON,4500,17700,121.39259999999999
4307,6487.860729579293,1397.8559395940833,0.0458245705247017,0.16216486180346973,0.17726428658774263,4,N,OOON,4500,17700,121.39259999999999
4308,14165.132616645968,3634.867383701108,0.15437716995470585,0.42186598134856046,0.20420603279219707,1,O,OOON,4500,17800,120.27539999999998
4309,10953.175021000065,3211.9575920786847,0.10683989285996864,0.31648517813422594,0.22675097219380744,2,O,OOON,4500,17800,120.27539999999998
4310,8064.1411952852695,2889.033825715119,0.06800271594529027,0.21524585040805586,0.2637622260372992,3,O,OOON,4500,17800,120.27539999999998
4311,6674.578289297688,1389.5629008144626,0.04742442049648467,0.166847694295294,0.17231381087757688,4,N,OOON,4500,17800,120.27539999999998
4312,14299.526340507291,3600.4736617338003,0.1551747011045822,0.422770829343622,0.2011437799851285,1,O,OOON,4500,17900,119.1582
4313,11112.533233885202,3186.993101731084,0.10817647689284478,0.31904993428303646,0.22287403273652925,2,O,OOON,4500,17900,119.1582
4314,8243.145838114964,2869.3873957702745,0.06957166594845926,0.21907997048735126,0.25821181681785343,3,O,OOON,4500,17900,119.1582
4315,6861.947094143393,1381.1987439723157,0.04904683660541585,0.1715412729073732,0.16755723738210207,4,N,OOON,4500,17900,119.1582
4316,14434.0933941127,3565.9066062405254,0.15597018842554736,0.4236543016587904,0.19810592256891807,1,O,OOON,4500,18000,118.04099999999998
4317,11272.29919942631,3161.7941902972566,0.10951552079928628,0.3215884348687221,0.2190504179214243,2,O,OOON,4500,18000,118.04099999999998
4318,8422.741218464573,2849.5579407149808,0.07115417744029202,0.22290435760023872,0.2527929653304452,3,O,OOON,4500,18000,118.04099999999998
4319,7049.9694901184075,1372.7717283483814,0.05069140656327554,0.17624223183700594,0.16298396124755113,4,N,OOON,4500,18000,118.04099999999998
4320,14579.95986872278,3520.0401244543973,0.15693772717682664,0.4246412241171421,0.1944773549422319,1,O,OOON,4500,18100,116.58569999999999
4321,11452.272939287468,3127.6869289500896,0.11115122101168314,0.324588607986274,0.21451958421776357,2,O,OOON,4500,18100,116.58569999999999
4322,8629.866440899501,2822.4064829440867,0.07309981814367271,0.22749827928664607,0.24644946011212424,3,O,OOON,4500,18100,116.58569999999999
4323,7268.788766379475,1361.0776745295473,0.05272266980592266,0.18192328006719377,0.1577171192452059,4,N,OOON,4500,18100,116.58569999999999
4324,14726.077179929069,3473.9228102945385,0.15790422967256923,0.4255966783638336,0.1908748796865131,1,O,OOON,4500,18200,115.1304
4325,11632.848287778492,3093.228892702342,0.1127937090488558,0.32755342167665535,0.2100511123843805,2,O,OOON,4500,18200,115.1304
4326,8837.877366404324,2794.9709175938997,0.0750690827874276,0.2320814226837662,0.24026539747194203,3,O,OOON,4500,18200,115.1304
4327,7488.608235948584,1349.269130496079,0.054790456470709785,0.18761792484563766,0.15266891297056173,4,N,OOON,4500,18200,115.1304
4328,14872.444593310216,3427.5554131764966,0.15886961788108672,0.42651980320190386,0.1872981100096446,1,O,OOON,4500,18300,113.67509999999999
4329,11814.02868129388,3058.4159109257316,0.11444272229473841,0.3304815310826258,0.20564312018358027,2,O,OOON,4500,18300,113.67509999999999
4330,9046.78725309861,2767.2414280056396,0.07706154964304031,0.23665089869874004,0.23423351192529607,3,O,OOON,4500,18300,113.67509999999999
4331,7709.449995812162,1337.3372574423988,0.056894263169831955,0.19332142590302107,0.14782455031031577,4,N,OOON,4500,18300,113.67509999999999
4332,15019.061417503013,3380.938582496989,0.1598338226630308,0.42740971643513676,0.18374666209222767,1,O,OOON,4500,18400,112.21979999999999
4333,11995.817767188135,3023.2436563077413,0.11609800030875683,0.3333715851157443,0.20129378076745152,2,O,OOON,4500,18400,112.21979999999999
4334,9256.610600626684,2739.2071647680737,0.07907679167638283,0.24120386349514222,0.22834684703701982,3,O,OOON,4500,18400,112.21979999999999
4335,7931.336759731538,1325.2738409079232,0.05903356540207357,0.19902903616308903,0.14317052948281098,4,N,OOON,4500,18400,112.21979999999999
4336,15165.926107462192,3334.073892537847,0.16079673917677392,0.4282654138289894,0.18022021040745118,1,O,OOON,4500,18500,110.7645
4337,12178.217873554197,2987.708253941071,0.11775924844241387,0.33622212047536776,0.19700137220575067,2,O,OOON,4500,18500,110.7645
4338,9467.360642677902,2710.857225215113,0.08111434172693319,0.2457373908196145,0.22259884437622998,3,O,OOON,4500,18500,110.7645
4339,8154.291307465809,1313.0693352093854,0.06120779498690583,0.20473597884938718,0.13869433992935706,4,N,OOON,4500,18500,110.7645
4340,15313.037792031628,3286.9622079684495,0.16175829029633473,0.42908591528631884,0.17671839827787364,1,O,OOON,4500,18600,109.30919999999999
4341,12361.22981264478,2951.8079824959223,0.11942618353987264,0.33903164119235335,0.19276436345190373,2,O,OOON,4500,18600,109.30919999999999
4342,9679.04892672832,2682.180878826704,0.08317372114434822,0.25024854830539656,0.21698333575863119,3,O,OOON,4500,18600,109.30919999999999
4343,8378.333858276774,1300.7150684511414,0.0634163520766319,0.21043743801324996,0.1343845948396094,4,N,OOON,4500,18600,109.30919999999999
4344,15460.395271413538,3239.604728586465,0.16271838669115027,0.4298701664248055,0.17324089457681632,1,O,OOON,4500,18700,107.8539
4345,12544.858109365896,2915.5371605311198,0.1210985168069221,0.34179869624098047,0.1885810232757751,2,O,OOON,4500,18700,107.8539
4346,9891.690545020601,2653.1675605094138,0.08525444145846914,0.254734398120214,0.21149442563472112,3,O,OOON,4500,18700,107.8539
4347,8603.488217856791,1288.202327171816,0.06565861894572393,0.21612862523481588,0.13023075492594002,4,N,OOON,4500,18700,107.8539
4348,15607.997244162107,3192.0027558378956,0.16367693594010205,0.4306170577076364,0.1697873806296753,1,O,OOON,4500,18800,106.39859999999999
4349,12729.104506650561,2878.8927342274096,0.12277594572870165,0.3445217240343926,0.18444984895830938,2,O,OOON,4500,18800,106.39859999999999
4350,10105.297442945312,2623.807063982992,0.08735598071640183,0.25919192569005844,0.2061266024339838,3,O,OOON,4500,18800,106.39859999999999
4351,8829.77512450113,1275.5223183862079,0.06793393091818384,0.22180469206830647,0.12622313450819528,4,N,OOON,4500,18800,106.39859999999999
4352,15755.842301555356,3144.157698443492,0.16463384234310183,0.43132542086286574,0.16635755018219534,1,O,OOON,4500,18900,104.9433
4353,12913.96952826712,2841.8727732882294,0.12445817410089384,0.34719914235731963,0.18036946034980883,2,O,OOON,4500,18900,104.9433
4354,10319.880568342724,2594.088959131682,0.08947780305620107,0.26361810681053627,0.20087463838702224,3,O,OOON,4500,18900,104.9433
4355,9057.214270259994,1262.6662979584069,0.07024159458066379,0.2274607853886586,0.12235280142986958,4,N,OOON,4500,18900,104.9433
4356,15903.928921545412,3096.071078446087,0.16558900671785987,0.4319940250311004,0.16295110939189933,1,O,OOON,4500,19000,103.488
4357,13099.455781067849,2804.473140477528,0.12614486383230916,0.3498292471015661,0.17633838495582338,2,O,OOON,4500,19000,103.488
4358,10535.45460156134,2564.0011893436654,0.09161933682234917,0.26800988064324044,0.19573341306661915,3,O,OOON,4500,19000,103.488
4359,9285.829047634072,1249.6255539280037,0.07258087755118203,0.23309201825573495,0.11861145068603028,4,N,OOON,4500,19000,103.488
