,configuration,rpm,feed_flow,p_ratio,p_out_psia,O2_product_flow,O2_product_O2,N2_product_flow,N2_product_O2,theta_1,theta_2,theta_3,theta_4,min_stage_cut,max_stage_cut,O2_flow_met,O2_purity_met,N2_flow_met,N2_purity_met,product_specs_met,stage_cuts_valid,stage_cut_penalty,ideal_power_kW
0,NOOO,2500,8000,7.75,113.925,1753.920157151734,0.42779663789632216,0.0014514155802384716,0.0059043206224352295,0.21924001964396675,0.443934617206873,0.6997575611483341,0.9999999999942475,0.21924001964396675,0.9999999999942475,False,True,False,True,False,False,0.9436921783494545,41.034436872451806
1,NOOO,2500,8100,7.726,113.5722,1750.7193622850539,0.4291157346232834,0.001501899148293321,0.006378020500825309,0.21613819287469802,0.43646249338217213,0.678834491842163,0.9999999999999998,0.21613819287469802,0.9999999999999998,False,True,False,True,False,False,0.9152969852243349,41.46427979624475
2,NOOO,2500,8200,7.702,113.2194,1747.4387409016638,0.43040503312017697,0.001507013533889155,0.006872945733790369,0.21310228547581267,0.42920630729290205,0.6590654041399651,0.9999999999999998,0.21310228547581267,0.9999999999999998,False,True,False,True,False,False,0.8882717114328669,41.891884333236035
3,NOOO,2500,8300,7.678,112.86659999999999,1744.0799481831039,0.4316652513234236,0.0014614897391592102,0.0073891375946602235,0.21013011423892816,0.4221568743706852,0.6403572926670882,0.9999999999999998,0.21013011423892816,0.9999999999999998,False,True,False,True,False,False,0.8625141670377732,42.317242636334086
4,NOOO,2500,8400,7.654,112.51379999999999,1740.6447415234602,0.4328970700585579,0.0013640180249243155,0.007926611245278378,0.20721961208612621,0.41530446115204445,0.6226265686257597,0.9999999999999999,0.20721961208612621,0.9999999999999999,False,True,False,True,False,False,0.837931029777804,42.74034680101181
5,NOOO,2500,8500,7.63,112.16099999999999,1737.1345187189013,0.4341011717441121,0.0012157239829417702,0.008485341628935269,0.20436876690810604,0.40864039184198514,0.6057973591475052,0.9999999999982172,0.20436876690810604,0.9999999999982172,False,True,False,True,False,False,0.8144377509877074,43.16118886468663
6,NOOO,2500,8600,7.606,111.8082,1733.5507155630319,0.43527820759306546,0.0010419121768774527,0.009065250400395124,0.20157566460035253,0.4021564848404957,0.5898021056586844,0.999999999999922,0.20157566460035253,0.999999999999922,False,True,False,True,False,False,0.791958590499102,43.579760806091514
7,NOOO,2500,8700,7.582,111.4554,1729.894781665219,0.436428803417847,0.0007949843380975496,0.009666228717428149,0.1988384806511746,0.3958450251556331,0.5745786623908802,0.999999999850754,0.1988384806511746,0.999999999850754,False,True,False,True,False,False,0.7757401815904597,43.9960545446373
8,NOOO,2500,8800,7.558,111.1026,1726.1682741696452,0.4375535501393704,0.0005597161774594361,0.010288068855169637,0.19615548570109603,0.38969873915877945,0.5600744811125652,0.9999999957118411,0.19615548570109603,0.9999999957118411,False,True,False,True,False,False,0.7639189911233102,44.41006193976569
9,NOOO,2500,8900,7.534,110.7498,1722.3726293911825,0.4386530304270439,0.0004817644146996314,0.010930586318069773,0.19352501453833512,0.3837107567995015,0.5462368910744878,0.9999999152361843,0.19352501453833512,0.9999999152361843,False,True,False,True,False,False,0.7527117917723369,44.82177479029314
10,NOOO,2500,9000,7.51,110.39699999999999,1718.5091115979155,0.4397278173476071,0.00029829222524682675,0.011593511534989392,0.19094545684421282,0.37787458209848585,0.5330207013370656,0.9999999153357,0.19094545684421282,0.9999999153357,False,True,False,True,False,False,0.7420751598285527,45.2311848337454
11,NOOO,2500,9100,7.482,109.9854,1713.571292873227,0.44080011507103234,3.7856201659070567,0.012313930483296699,0.1883045376783766,0.3719459899749608,0.5198663795876562,0.998300413311574,0.1883045376783766,0.998300413311574,False,True,False,True,False,False,0.7298622552208537,45.622350863846535
12,NOOO,2500,9200,7.454,109.57379999999999,1708.5618911263894,0.44184730422283613,120.28989324165512,0.01315914790481891,0.1857132490354771,0.36616361722834495,0.5072873749603196,0.9485846153982358,0.1857132490354771,0.9485846153982358,False,True,False,True,False,False,0.6701587413230783,46.010767018542424
13,NOOO,2500,9300,7.426,109.1622,1703.4822632033352,0.44286991092951805,237.11388743529187,0.014023016961122795,0.1831701358283156,0.3605216608164567,0.495245989713223,0.903297696764119,0.1831701358283156,0.903297696764119,False,True,False,True,False,False,0.6153735506490263,46.39642150243944
14,NOOO,2500,9400,7.398,108.75059999999999,1698.3337488822438,0.44386842896590956,354.12374194360444,0.01490488942186906,0.18067380307257913,0.3550146225542367,0.4837074903840691,0.8619219462969284,0.18067380307257913,0.8619219462969284,False,True,False,True,False,False,0.5649556336084184,46.779302415272255
15,NOOO,2500,9500,7.37,108.339,1693.117657817103,0.4448433357599703,471.30724795731965,0.01580421731154487,0.17822291134916873,0.3496372925352957,0.4726408593109784,0.8239790437347313,0.17822291134916873,0.8239790437347313,False,True,False,True,False,False,0.518396991696541,47.15939775053165
16,NOOO,2500,9600,7.3420000000000005,107.9274,1687.8352703913117,0.4457950929863323,588.680677829382,0.016720510596355577,0.17581617399909497,0.34438455247496164,0.4620164043704918,0.7890564504348613,0.17581617399909497,0.7890564504348613,False,True,False,True,False,False,0.47525668080625805,47.53669539406867
17,NOOO,2500,9700,7.314,107.5158,1682.4878385438587,0.4467241471329155,706.2444807743099,0.01765323497433666,0.1734523544890576,0.3392521562707159,0.45180776205781215,0.7568093894511702,0.1734523544890576,0.7568093894511702,False,True,False,True,False,False,0.43516479701992467,47.911183122674785
18,NOOO,2500,9800,7.2860000000000005,107.1042,1677.0765865692556,0.4476309300419857,823.9991369923267,0.018601889872919216,0.17113026393563832,0.3342353499261401,0.4419901136395258,0.7269439691492904,0.17113026393563832,0.7269439691492904,False,True,False,True,False,False,0.39780381885317784,48.28284860263754
19,NOOO,2500,9900,7.258,106.6926,1671.6027118922468,0.4485158594269545,941.9613676798833,0.019565987094658312,0.16884875877699462,0.3293299223523726,0.4325407303000498,0.6992025058770719,0.16884875877699462,0.6992025058770719,False,True,False,True,False,False,0.36289447740012704,48.6516793882711
20,NOOO,2500,10000,7.23,106.281,1666.0673858183472,0.4493793393661239,1060.1168355003124,0.020545006533559042,0.16660673858183472,0.3245318631169422,0.4234385897944166,0.6733720777092632,0.16660673858183472,0.6733720777092632,False,True,False,True,False,False,0.3302039289218451,49.017662920421145
21,NOOO,2500,10100,7.197,105.79589999999999,1659.1725182593684,0.45023930456266326,1184.4701635954,0.021603331749799268,0.1642745067583533,0.3195743529803656,0.4141827950386841,0.6479565210465554,0.1642745067583533,0.6479565210465554,False,True,False,True,False,False,0.2978648093268862,49.35806137312792
22,NOOO,2500,10200,7.164000000000001,105.3108,1652.2108265559882,0.4510766192032491,1309.0656614053573,0.02267903048023021,0.1619814535839204,0.3147225871402619,0.4052611541603915,0.624236229032815,0.1619814535839204,0.624236229032815,False,True,False,True,False,False,0.267515929609286,49.694997700284915
23,NOOO,2500,10300,7.131,104.8257,1645.183524370127,0.45189164124511005,1433.9042295760848,0.02377156141062741,0.15972655576409,0.3099728462288408,0.3966558757550675,0.6020477050196728,0.15972655576409,0.6020477050196728,False,True,False,True,False,False,0.24232114925558274,50.028453343721594
24,NOOO,2500,10400,7.098000000000001,104.34060000000001,1638.0918015716472,0.45268471626474915,1558.9940060543465,0.024880426358420363,0.15750882707419686,0.3053215872777818,0.38834909254613525,0.5812466261545363,0.15750882707419686,0.5812466261545363,False,True,False,True,False,False,0.2237377990803394,50.35840954099666
25,NOOO,2500,10500,7.065,103.8555,1630.9368248684814,0.453456177834632,1684.340193939445,0.026005113147644567,0.1553273166541411,0.3007654337872637,0.38032486070295096,0.5617064276004506,0.1553273166541411,0.5617064276004506,False,True,False,True,False,False,0.20637911094630954,50.684847322097895
26,NOOO,2500,10600,7.032,103.37039999999999,1623.719738420147,0.45420634788314285,1809.9494952635648,0.02714511835173902,0.15318110739812707,0.296301166302451,0.37256830240125294,0.5433149802234016,0.15318110739812707,0.5433149802234016,False,True,False,True,False,False,0.19013387282527455,51.0077475060724
27,NOOO,2500,10700,6.9990000000000006,102.8853,1616.4416644657306,0.45493553703780387,1935.820396070126,0.028299930059624282,0.1510693144360496,0.29192571353237345,0.3650655418870309,0.5259749078748431,0.1510693144360496,0.5259749078748431,False,True,False,True,False,False,0.17490559343879353,51.32709069758497
28,NOOO,2500,10800,6.966,102.4002,1609.103703903309,0.4556440449543957,2061.96313549719,0.029469061837547963,0.14899108369475084,0.28763614401267273,0.357803632605579,0.5095967835014613,0.14899108369475084,0.5095967835014613,False,True,False,True,False,False,0.16060569980671047,51.642857283403195
29,NOOO,2500,10900,6.933000000000001,101.91510000000001,1601.7069367568497,0.45633216063478754,2188.3806737303807,0.030652020710046236,0.14694559052815134,0.2834296582984962,0.35077048498769386,0.4941024732927289,0.14694559052815134,0.4941024732927289,False,True,False,True,False,False,0.14715688276457753,51.955027428806794
30,NOOO,2500,11000,6.9,101.43,1594.2524228251398,0.45700016272497235,2315.0770699340396,0.03184832145039413,0.14493203843864907,0.2793035816577278,0.3439547986483817,0.4794217643614797,0.14493203843864907,0.4794217643614797,False,True,False,True,False,False,0.13448972592283062,52.26358107391968
31,NOOO,2500,11100,6.86,100.842,1584.8694161936621,0.4576581789654735,2450.665779203265,0.03317248801613681,0.1427810284859155,0.27492307861187465,0.3368148510488512,0.4643878004759054,0.1427810284859155,0.4643878004759054,False,True,False,True,False,False,0.12160677198998987,52.53231842175586
32,NOOO,2500,11200,6.82,100.254,1575.420422833859,0.45829344573647324,2586.5918717998143,0.034513857357886694,0.14066253775302312,0.27062439967325225,0.3298942972505061,0.4501406722612352,0.14066253775302312,0.4501406722612352,False,True,False,True,False,False,0.10947813450821209,52.796467957445955
33,NOOO,2500,11300,6.78,99.666,1565.9066148518941,0.4589061776289072,2722.867390704494,0.03587191481537119,0.13857580662406144,0.2664046796293121,0.32318219692641553,0.4366184028759324,0.13857580662406144,0.4366184028759324,False,True,False,True,False,False,0.09804259625187095,53.05599756497476
34,NOOO,2500,11400,6.74,99.078,1556.3291464873214,0.45949657856335757,2859.4952837536543,0.037246105938436296,0.13652010056906327,0.2622614737966302,0.31666874837261805,0.4237664320449937,0.13652010056906327,0.4237664320449937,False,True,False,True,False,False,0.08724633147593042,53.31087467252906
35,NOOO,2500,11500,6.7,98.49,1546.6891546209633,0.4600648419772525,2996.4820350209,0.038635895852633745,0.13449470909747507,0.2581924296243922,0.3103443411381133,0.4115351243677774,0.13449470909747507,0.4115351243677774,False,True,False,True,False,False,0.07704041527030231,53.56106624303649
36,NOOO,2500,11600,6.66,97.902,1536.987759271064,0.4606111510164122,3133.832674599006,0.040040746626429695,0.1324989447647469,0.2541952901994219,0.30420015273806916,0.3998796515496769,0.1324989447647469,0.3998796515496769,False,True,False,True,False,False,0.0675010552352531,53.80653876444714
37,NOOO,2500,11700,6.62,97.314,1527.226064107793,0.4611356786951018,3271.55371550771,0.04146012837323605,0.1305321422314353,0.2502678902918553,0.29822788667641137,0.38875904713148596,0.1305321422314353,0.38875904713148596,False,True,False,True,False,False,0.0694678577685647,54.04725823974971
38,NOOO,2500,11800,6.58,96.726,1517.4051569090316,0.46163858805759506,3409.6457301862015,0.042893500926468486,0.12859365736517217,0.24640815714088815,0.2924197410510662,0.37813711612664197,0.12859365736517217,0.37813711612664197,False,True,False,True,False,False,0.07140634263482784,54.283190176713155
39,NOOO,2500,11900,6.54,96.13799999999999,1507.5261099876375,0.4621200323295854,3548.116946353187,0.04434034756065993,0.12668286638551576,0.24261410200509845,0.28676837400983,0.36797948280324594,0.12668286638551576,0.36797948280324594,False,True,False,True,False,False,0.07331713361448425,54.514299577344126
40,NOOO,2500,12000,6.5,95.55,1497.5899807038465,0.46258015505418726,3686.9712106509364,0.04580014575368058,0.12479916505865388,0.23888381735508285,0.2812668723536686,0.35825549483639213,0.12479916505865388,0.35825549483639213,False,True,False,True,False,False,0.07520083494134613,54.740550927051146
41,NOOO,2500,12100,6.45,94.815,1484.8505119474146,0.4630079665554625,3838.969174584521,0.047472179611653204,0.12271491834276153,0.23478033238032,0.27528534508378066,0.34786825217861167,0.12271491834276153,0.34786825217861167,False,True,False,True,False,False,0.07728508165723848,54.90304248247798
42,NOOO,2500,12200,6.4,94.08,1472.0416850500937,0.4634090129371794,3991.46735287996,0.04916329257999676,0.12065915451230276,0.230743837577324,0.26946285281615917,0.3379325810549827,0.12065915451230276,0.3379325810549827,False,True,False,True,False,False,0.07934084548769725,55.059035685335964
43,NOOO,2500,12300,6.35,93.34499999999998,1459.1647989387204,0.46378329137555635,4144.473927550499,0.050872838433525136,0.11863128446656264,0.2267724021135864,0.26379216380364134,0.3284182456458259,0.11863128446656264,0.3284182456458259,False,True,False,False,False,False,0.08136871553343737,55.20846784312089
44,NOOO,2500,12400,6.3,92.61,1446.2211424476436,0.46413078511349887,4297.995070087438,0.052600133265109185,0.1166307372941648,0.22286417544124637,0.25826689950523846,0.31929748429385674,0.1166307372941648,0.31929748429385674,False,True,False,False,False,False,0.08336926270583521,55.351275058296125
45,NOOO,2500,12500,6.25,91.875,1433.211994611141,0.4644514633694198,4452.034914972338,0.05434452898988466,0.11465695956889128,0.2190173822726359,0.252880502043057,0.3105456217656478,0.11465695956889128,0.3105456217656478,False,True,False,False,False,False,0.08534304043110873,55.48739219455984
46,NOOO,2500,12600,6.2,91.14,1420.1386250334726,0.4647452812221056,4606.60342060581,0.05610537167318447,0.11270941468519624,0.21523031771009885,0.2476270525845261,0.30213885196916573,0.11270941468519624,0.30213885196916573,False,True,False,False,False,False,0.08729058531480377,55.61675284187806
47,NOOO,2500,12700,6.15,90.405,1407.0022940754109,0.4650121794883319,4761.706095556728,0.0578819990541074,0.11078758221066227,0.21150134972657333,0.24250094617311505,0.2940559222966184,0.11078758221066227,0.2940559222966184,False,True,False,False,False,False,0.08921241778933774,55.739289280226714
48,NOOO,2500,12800,6.1,89.66999999999999,1393.8042530632645,0.46525208458291517,4917.348684637417,0.059673750506927956,0.10889095727056754,0.20782890573724375,0.23749688411385328,0.2862771967244658,0.10889095727056754,0.2862771967244658,False,True,False,False,False,False,0.09110904272943247,55.85493244198457
49,NOOO,2500,12900,6.05,88.93499999999999,1380.545744413205,0.46546490835969334,5073.536744926593,0.06147996614820922,0.10701904995451202,0.20421148406128642,0.23260985680417487,0.2787845461168378,0.10701904995451202,0.2787845461168378,False,True,False,False,False,False,0.092980950045488,55.96361187291493
50,NOOO,2500,13000,6.0,88.19999999999999,1367.2280018003962,0.46565054794159116,5230.275680121716,0.06329998785005614,0.10517138475387663,0.20064763567589017,0.22783512494024394,0.27156121535493877,0.10517138475387663,0.27156121535493877,False,True,False,False,False,False,0.09482861524612338,56.065255691670124
51,NOOO,2500,13100,5.935,87.24449999999999,1349.6237686449874,0.4657414453321137,5407.6719360530105,0.06548885459575667,0.1030247151637395,0.1965288288236673,0.2223747509799885,0.2634234056700961,0.1030247151637395,0.2634234056700961,False,True,False,False,False,False,0.10044645601259324,56.05837564564756
52,NOOO,2500,13200,5.87,86.289,1331.9414517943642,0.4657926286257592,5585.8595445434385,0.06770157846266803,0.10090465543896698,0.19246875483716142,0.21704126011359576,0.2555901379153835,0.10090465543896698,0.2555901379153835,False,True,False,False,False,False,0.10662658972387162,56.041338875783936
53,NOOO,2500,13300,5.805,85.33349999999999,1314.1837257641864,0.465803478205331,5764.846325888961,0.0699371314265725,0.09881080644843507,0.18846594354668686,0.2118293070829456,0.24804286175789472,0.09881080644843507,0.24804286175789472,False,True,False,False,False,False,0.1127232500048781,56.01399999285902
54,NOOO,2500,13400,5.74,84.378,1296.3520525350818,0.4657733960727696,5944.644524710951,0.07219452307256233,0.09674269048769267,0.1845188562977253,0.20673379688058374,0.24076410600861983,0.09674269048769267,0.24076410600861983,False,True,False,False,False,False,0.11873845321458205,55.97620955791557
55,NOOO,2500,13500,5.675,83.4225,1278.448310463336,0.46570172637087626,6125.263111959591,0.07447272523384653,0.094699874849136,0.18062609375149916,0.20174996298376116,0.23373793954164218,0.094699874849136,0.23373793954164218,False,True,True,False,False,False,0.12467403139936487,55.927813918765054
56,NOOO,2500,13600,5.609999999999999,82.46699999999998,1260.4743969834014,0.46558777303304677,6306.711042531487,0.0767706978870146,0.09268194095466187,0.17678629982198962,0.19687328408531432,0.2269496027854429,0.09268194095466187,0.2269496027854429,False,True,True,False,False,False,0.13365847513803422,55.86865503786436
57,NOOO,2500,13700,5.545,81.5115,1242.4322303626284,0.46543079815302935,6488.996616589409,0.079087389712978,0.09068848396807506,0.1729981755500784,0.1920995012225136,0.2203854321421283,0.09068848396807506,0.2203854321421283,False,True,True,False,False,False,0.14421383925933298,55.79857031099912
58,NOOO,2500,13800,5.4799999999999995,80.55599999999998,1224.3237515435471,0.4652300202601004,6672.128236333842,0.08142174251560418,0.08871911243069182,0.1692604767177118,0.1874245161983704,0.21403275536818342,0.08871911243069182,0.21403275536818342,False,True,True,False,False,False,0.154595894653226,55.71739237616638
59,NOOO,2500,13900,5.414999999999999,79.60049999999998,1206.1509260812225,0.4649846124948026,6856.112539502107,0.08377268003181172,0.0867734479195124,0.16557201159870927,0.18284457352513253,0.2078798237367712,0.0867734479195124,0.2078798237367712,False,True,True,False,False,False,0.16480996695664582,55.62494891200119
60,NOOO,2500,14000,5.35,78.645,1187.915746177177,0.46469370068040794,7040.955835726303,0.08613910311258906,0.08485112472694122,0.1619316388368844,0.17835606498936607,0.20191575959688318,0.08485112472694122,0.20191575959688318,False,True,True,False,False,False,0.17486117144680835,55.52106242503888
61,NOOO,2500,14100,5.260999999999999,77.33669999999998,1162.6914476524703,0.46412101920520965,7261.033049544084,0.08918397060217134,0.08246038635833122,0.1574233298802911,0.1728495192277191,0.19469476677257708,0.08246038635833122,0.19469476677257708,False,True,True,False,False,False,0.19257199776108155,55.21533295918379
62,NOOO,2500,14200,5.172,76.02839999999999,1137.379216893195,0.4634668817553677,7482.511277399931,0.0922609344001393,0.080097127950225,0.15297084443221223,0.16745506589231687,0.18771016461119136,0.080097127950225,0.18771016461119136,False,True,True,False,False,False,0.21176679711405458,54.89104271643894
63,NOOO,2500,14300,5.083,74.7201,1111.9832061134816,0.4627282799823414,7705.4067821681265,0.09536780457192726,0.07776106336457914,0.14857295604621276,0.16216810152876265,0.1809474860240228,0.07776106336457914,0.1809474860240228,False,True,True,False,False,False,0.2305503930364227,54.54775297577032
64,NOOO,2500,14400,4.994,73.4118,1086.5077388334355,0.46190200929129277,7929.731336852037,0.0985022592761896,0.07545192630787746,0.1442285144754274,0.15698431365583,0.1743936664562184,0.07545192630787746,0.1743936664562184,False,True,True,False,False,False,0.24894157910464682,54.185005444976795
65,NOOO,2500,14500,4.904999999999999,72.10349999999998,1060.95732115107,0.4609846556056395,8155.496574060998,0.10166193456223133,0.07316947042421172,0.1399364450248918,0.1518996647224653,0.16803645444638363,0.07316947042421172,0.16803645444638363,False,True,True,False,False,False,0.2669579653820476,53.80232100015475
66,NOOO,2500,14600,4.816,70.7952,1035.3366672829309,0.45997258060133805,8382.711369840754,0.1048443718402153,0.07091347036184457,0.13569574408599525,0.14691037666197077,0.16186460006489678,0.07091347036184457,0.16186460006489678,False,True,True,False,False,False,0.2846158088252927,53.39919831876732
67,NOOO,2500,14700,4.727,69.4869,1009.6507313539587,0.4588619057719037,8611.3821704836,0.10804702706457978,0.06868372322135774,0.1315054812044107,0.14201291722731618,0.1558677208600004,0.06868372322135774,0.1558677208600004,False,True,True,False,False,False,0.30193015748691504,52.97511239515491
68,NOOO,2500,14800,4.638,68.17859999999999,983.9047186460857,0.4576484962834935,8841.512795443386,0.11126726847339222,0.06648004855716795,0.12736479768153336,0.1372039912218125,0.1500362330771444,0.06648004855716795,0.1500362330771444,False,True,True,False,False,False,0.3189149294623419,52.52951292591533
69,NOOO,2500,14900,4.5489999999999995,66.87029999999999,958.1041545496927,0.4563279414165003,9073.106176248828,0.11450241232383185,0.06430229225165723,0.12327274697909137,0.13248054131664277,0.14436127348261904,0.06430229225165723,0.14436127348261904,False,True,True,False,False,False,0.3355831459699896,52.06182255096524
70,NOOO,2500,15000,4.46,65.562,932.2549531847825,0.4548955341927901,9306.157413317824,0.11774959312652443,0.06215033021231883,0.11922881426515147,0.12783973618998198,0.13883469899699694,0.06215033021231883,0.13883469899699694,False,True,True,False,False,False,0.3519464203355508,51.57143493423482
71,ONOO,2500,8000,7.75,113.925,3121.349936042048,0.34625507479019374,0.001289832095598185,0.005608459734950092,0.390168742005256,0.288527772224825,0.6971483803893144,0.9999999999927499,0.288527772224825,0.9999999999927499,False,False,False,True,False,False,0.8971483803820642,41.034436872451806
72,ONOO,2500,8100,7.726,113.5722,3116.5283307484815,0.3480192275100385,0.0013376194850980593,0.006071218323471169,0.38475658404302243,0.28248351896306745,0.6763374366558519,0.9999999999999998,0.28248351896306745,0.9999999999999998,False,False,False,True,False,False,0.8763374366558516,41.46427979624475
73,ONOO,2500,8200,7.702,113.2194,3111.58215646311,0.3497539204287329,0.0013433483928534072,0.006555470329670669,0.3794612385930622,0.2766662458496752,0.6566740820940374,0.9999999999938735,0.2766662458496752,0.9999999999938735,False,False,False,True,False,False,0.8566740820879108,41.891884333236035
74,ONOO,2500,8300,7.678,112.86659999999999,3106.513122467644,0.35145970059839043,0.0013042931839401942,0.007061289624611199,0.374278689453933,0.2710627604274489,0.6380651864946135,0.9999999999968135,0.2710627604274489,0.9999999999968135,False,False,False,True,False,False,0.838065186491427,42.317242636334086
75,ONOO,2500,8400,7.654,112.51379999999999,3101.322910800299,0.35313710031976975,0.0012178380823239046,0.007588696700708868,0.369205108428607,0.2656608803249231,0.6204283292909477,0.9999999999978001,0.2656608803249231,0.9999999999978001,False,False,False,True,False,False,0.8204283292887478,42.74034680101181
76,ONOO,2500,8500,7.63,112.16099999999999,3096.0131768165725,0.3547866376106447,0.0010857152976784528,0.00813768227385276,0.36423684433136144,0.260449339041632,0.6036879880414282,0.9999999999999999,0.260449339041632,0.9999999999999999,False,False,False,True,False,False,0.803687988041428,43.16118886468663
77,ONOO,2500,8600,7.606,111.8082,3090.58426618281,0.35640886711453623,0.0009175812986719303,0.008708187274161042,0.3593702635096291,0.2554176485098934,0.5877768629009413,0.999999999999935,0.2554176485098934,0.999999999999935,False,False,False,True,False,False,0.7877768629008763,43.579760806091514
78,ONOO,2500,8700,7.582,111.4554,3085.040881145464,0.3580041577502579,0.0007045247685010443,0.009300089377884135,0.35460240013166255,0.2505562601759531,0.5726345673472135,0.999999999745774,0.2505562601759531,0.999999999745774,False,False,False,True,False,False,0.7726345670929875,43.9960545446373
79,ONOO,2500,8800,7.558,111.1026,3079.3825723643536,0.3595730671402891,0.0005016766501825323,0.009913242354496005,0.34992983776867653,0.24585609841064748,0.5582055494062207,0.9999999922153506,0.24585609841064748,0.9999999922153506,False,False,False,True,False,False,0.7582055416215713,44.41006193976569
80,ONOO,2500,8900,7.534,110.7498,3073.6109754894032,0.3611160572575416,0.0005671724951500229,0.01054744466708003,0.34534954780779814,0.24130846146947546,0.5444403377644075,0.9999998540492941,0.24130846146947546,0.9999998540492941,False,False,False,True,False,False,0.7444401918137016,44.82177479029314
81,ONOO,2500,9000,7.51,110.39699999999999,3067.7276718327735,0.3626335790809309,0.0006543849783206268,0.011202417969511822,0.3408586302036415,0.2369064009026203,0.5312934018982444,0.9999997350830931,0.2369064009026203,0.9999997350830931,False,False,False,True,False,False,0.7312931369813375,45.2311848337454
82,ONOO,2500,9100,7.482,109.9854,3060.020787434372,0.3641750893772025,12.271530720585528,0.01192235528920111,0.33626602059718375,0.2324641046300483,0.5182081544220333,0.9945057913813676,0.2324641046300483,0.9945057913813676,False,False,False,True,False,False,0.7127139458034009,45.622350863846535
83,ONOO,2500,9200,7.454,109.57379999999999,3052.1944263029623,0.36569086630031544,128.75053508025977,0.012756479416268514,0.33176026372858286,0.22815968001179363,0.5056950105797373,0.945108327687169,0.22815968001179363,0.945108327687169,False,False,False,True,False,False,0.6508033382669063,46.010767018542424
84,ONOO,2500,9300,7.426,109.1622,3044.2501106671652,0.3671813132185608,245.44381246110845,0.013610029384574158,0.3273387215771145,0.22398643554325665,0.49371650903426734,0.9001358447486779,0.22398643554325665,0.9001358447486779,False,False,False,True,False,False,0.5938523537829452,46.39642150243944
85,ONOO,2500,9400,7.398,108.75059999999999,3036.189337035343,0.3686468233231842,362.3168374012863,0.014482426286124072,0.32299886564205776,0.219938082151665,0.4822381129004703,0.8590347350531514,0.219938082151665,0.8590347350531514,False,False,False,True,False,False,0.5412728479536217,46.779302415272255
86,ONOO,2500,9500,7.37,108.339,3028.0135787498307,0.3700877798272031,479.3630400328904,0.015373104567020736,0.3187382714473506,0.21600869677170237,0.47122899427411347,0.8213314676109758,0.21600869677170237,0.8213314676109758,False,False,False,True,False,False,0.4925604618850892,47.15939775053165
87,ONOO,2500,9600,7.3420000000000005,107.9274,3019.7242876833766,0.37150455618482425,596.596029557378,0.016281540447791246,0.3145546133003517,0.2121927308740369,0.4606597032271593,0.7866201456452315,0.2121927308740369,0.7866201456452315,False,False,False,True,False,False,0.4472798488723908,47.53669539406867
88,ONOO,2500,9700,7.314,107.5158,3011.3228954021915,0.37289751632591317,714.0202251859507,0.017207195257211854,0.31044565931981355,0.20848498135306692,0.4505037277680434,0.754559417823566,0.20848498135306692,0.754559417823566,False,False,False,True,False,False,0.40506314559160933,47.911183122674785
89,ONOO,2500,9800,7.2860000000000005,107.1042,3002.810813945438,0.3742670148916587,831.6349011156093,0.01814953071855073,0.30640926672912633,0.20488056407103547,0.4407365750474385,0.7248594749426215,0.20488056407103547,0.7248594749426215,False,False,False,True,False,False,0.36559604999005996,48.28284860263754
90,ONOO,2500,9900,7.258,106.6926,2994.189436429507,0.3756133974711316,949.4558660803953,0.019108032106972296,0.30244337741712196,0.2013748897902997,0.4313356181996543,0.6972660461832457,0.2013748897902997,0.6972660461832457,False,False,False,True,False,False,0.3286016643829,48.6516793882711
91,ONOO,2500,10000,7.23,106.281,2985.4601375021953,0.376937000832432,1067.4705987620962,0.02008215630424768,0.29854601375021955,0.197963642243102,0.42227993383429224,0.6715681806126941,0.197963642243102,0.6715681806126941,False,False,False,True,False,False,0.29588447220388425,49.017662920421145
92,ONOO,2500,10100,7.197,105.79589999999999,2974.4139725852406,0.37829190302289006,1191.669191810008,0.02113599327452961,0.2944964329292317,0.1944567372054088,0.4130714268306153,0.6462788717081346,0.1944567372054088,0.6462788717081346,False,False,False,True,False,False,0.2648935613333411,49.35806137312792
93,ONOO,2500,10200,7.164000000000001,105.3108,2963.248786343942,0.37962306388152733,1316.1101053036168,0.022207927723390454,0.29051458689646487,0.19104227025075374,0.4041951186711874,0.6226722943981716,0.19104227025075374,0.6226722943981716,False,False,False,True,False,False,0.23582514281860525,49.694997700284915
94,ONOO,2500,10300,7.131,104.8257,2951.9659701204696,0.38093077155207494,1440.7940758997072,0.02329738509499767,0.2865986378757737,0.18771636552891596,0.3956333384976171,0.6005866717578564,0.18771636552891596,0.6005866717578564,False,False,False,True,False,False,0.21287030622894043,50.028453343721594
95,ONOO,2500,10400,7.098000000000001,104.34060000000001,2940.5658109210844,0.3822153664852467,1565.731354382144,0.024403863266933334,0.2827467125885658,0.18447513331817703,0.3873681923991266,0.579878785099652,0.18447513331817703,0.579878785099652,False,False,False,True,False,False,0.19540365178147492,50.35840954099666
96,ONOO,2500,10500,7.065,103.8555,2929.052396686479,0.3834769718849884,1690.9241517495107,0.025526787478206293,0.278957371112998,0.18131527296628366,0.3793840031541692,0.5604237366368016,0.18131527296628366,0.5604237366368016,False,False,False,True,False,False,0.1791084636705179,50.684847322097895
97,ONOO,2500,10600,7.032,103.37039999999999,2917.4251825754804,0.3847159557444651,1816.3811290052297,0.02666564337695886,0.2752287908090076,0.17823341080140026,0.37166585933740015,0.5421101199279788,0.17823341080140026,0.5421101199279788,False,False,False,True,False,False,0.16387670912657848,51.0077475060724
98,ONOO,2500,10700,6.9990000000000006,102.8853,2905.685613958263,0.3859325701001439,1942.1009425527595,0.027819892063416597,0.27155940317366944,0.17522641972249509,0.36419996253901743,0.5248414045276001,0.17522641972249509,0.5248414045276001,False,False,False,True,False,False,0.149614984805105,51.32709069758497
99,ONOO,2500,10800,6.966,102.4002,2893.835087563788,0.3871270620546246,2068.09384348562,0.02898901910497277,0.2679476932929433,0.17229134808682214,0.3569734378583003,0.5085289227683055,0.17229134808682214,0.5085289227683055,False,False,False,True,False,False,0.13623757468148337,51.642857283403195
100,ONOO,2500,10900,6.933000000000001,101.91510000000001,2881.8749521247228,0.3882996726005826,2194.3637685860017,0.03017251137040302,0.2643921974426351,0.1694252866798537,0.34997421898873776,0.4930950753284922,0.1694252866798537,0.4930950753284922,False,False,False,True,False,False,0.1236697886486385,51.955027428806794
101,ONOO,2500,11000,6.9,101.43,2869.8065193945654,0.38945063742459674,2320.911511333895,0.031369824427321724,0.2608915017631423,0.166626051561259,0.34319122727723833,0.47847054968578145,0.166626051561259,0.47847054968578145,False,False,False,True,False,False,0.11184449812452243,52.26358107391968
102,ONOO,2500,11100,6.86,100.842,2854.437989150401,0.39064323086568215,2456.336422301875,0.032695627836495045,0.25715657559913524,0.16366572895800874,0.33608539623628464,0.46349290383590663,0.16366572895800874,0.46349290383590663,False,False,False,True,False,False,0.09982717487789788,52.53231842175586
103,ONOO,2500,11200,6.82,100.254,2838.94369083813,0.3918119513104269,2592.1019024156517,0.034039184424624364,0.25347711525340444,0.16077306125769203,0.3291974905677874,0.44929777916006847,0.16077306125769203,0.44929777916006847,False,False,False,True,False,False,0.08852471790237643,52.796467957445955
104,ONOO,2500,11300,6.78,99.666,2823.3249977327514,0.39295696402354763,2728.2186202518083,0.03539993800719093,0.24985176971086295,0.1579453811252093,0.3225166970023978,0.43582377892204316,0.1579453811252093,0.43582377892204316,False,False,False,True,False,False,0.07787839779683384,53.05599756497476
105,ONOO,2500,11400,6.74,99.078,2807.583273920365,0.3940784273507307,2864.6898295906585,0.03677730703593108,0.246279234554418,0.15518027304658222,0.31603326339097687,0.42301669517795015,0.15518027304658222,0.42301669517795015,False,False,False,True,False,False,0.06783642213136792,53.31087467252906
106,ONOO,2500,11500,6.7,98.49,2791.719874955133,0.39517649273017696,3001.5222388978846,0.038170729032941116,0.24275824999609852,0.1524754444142431,0.3097376248778326,0.4108272076532865,0.1524754444142431,0.4108272076532865,False,False,False,True,False,False,0.0583517632390434,53.56106624303649
107,ONOO,2500,11600,6.66,97.902,2775.7361491451547,0.39625130468742903,3138.7210218887276,0.03957963860375032,0.23928759906423747,0.14982871784583904,0.30362100795335906,0.39921076982674153,0.14982871784583904,0.39921076982674153,False,False,False,True,False,False,0.05017128215416097,53.80653876444714
108,ONOO,2500,11700,6.62,97.314,2759.6334380143535,0.3973030008356755,3276.292780058394,0.04100347869498302,0.23586610581319262,0.14723802405670378,0.29767516409395256,0.3881266676311452,0.14723802405670378,0.3881266676311452,False,False,False,True,False,False,0.052761975943296235,54.04725823974971
109,ONOO,2500,11800,6.58,96.726,2743.4130766505955,0.39833171189233285,3414.2382182183633,0.042441683015580524,0.23249263361445724,0.14470139525557704,0.2918923366580179,0.37753892042228115,0.14470139525557704,0.37753892042228115,False,False,False,True,False,False,0.05529860474442297,54.283190176713155
110,ONOO,2500,11900,6.54,96.13799999999999,2727.076394531428,0.3993375616688167,3552.5656163173185,0.043893708911575555,0.22916608357406956,0.14221695903274498,0.28626522773309404,0.36741335301932215,0.14221695903274498,0.36741335301932215,False,False,False,True,False,False,0.057783040967255034,54.514299577344126
111,ONOO,2500,12000,6.5,95.55,2710.624712926178,0.40032066721086074,3691.278888224614,0.04535900875911877,0.22588539274384814,0.1397829325595396,0.28078696624505367,0.35771948639956863,0.1397829325595396,0.35771948639956863,False,True,False,True,False,False,0.0602170674404604,54.740550927051146
112,ONOO,2500,12100,6.45,94.815,2689.349699415799,0.4013496767609562,3843.1163733728376,0.04703758517439458,0.22226030573684288,0.13711408954721022,0.27483051886008486,0.34736403334885174,0.13711408954721022,0.34736403334885174,False,True,False,True,False,False,0.0628859104527898,54.90304248247798
113,ONOO,2500,12200,6.4,94.08,2667.93191609081,0.4023512255397866,3995.457838845242,0.04873560473408926,0.21868294394186966,0.1344987276923555,0.26903196456335177,0.3374581442162582,0.1344987276923555,0.3374581442162582,False,True,False,True,False,False,0.06550127230764452,55.059035685335964
114,ONOO,2500,12300,6.35,93.34499999999998,2646.372879621084,0.4033252763128009,4148.311514174936,0.05045239008251911,0.21515226663586048,0.13193502774842553,0.26338411924255023,0.32797174511680255,0.13193502774842553,0.32797174511680255,False,True,False,False,False,False,0.06806497225157448,55.20846784312089
115,ONOO,2500,12400,6.3,92.61,2624.674107178724,0.4042717818259296,4301.683656124256,0.052187227720380334,0.21166726670796163,0.1294212584260639,0.2578806424010861,0.31887721787779244,0.1294212584260639,0.31887721787779244,False,True,False,False,False,False,0.07057874157393612,55.351275058296125
116,ONOO,2500,12500,6.25,91.875,2602.837116536168,0.4051906845938432,4455.578440208151,0.053939440005675056,0.20822696932289345,0.1269557690623649,0.25251502458293534,0.3101500112430941,0.1269557690623649,0.3101500112430941,False,True,False,False,False,False,0.07304423093763512,55.48739219455984
117,ONOO,2500,12600,6.2,91.14,2580.863418529854,0.40608191702195995,4610.005854638819,0.055708344898966186,0.2048304300420519,0.1245369865629917,0.24728138438447952,0.30176643790237995,0.1245369865629917,0.30176643790237995,False,True,False,False,False,False,0.07546301343700831,55.61675284187806
118,ONOO,2500,12700,6.15,90.405,2558.754595654177,0.40694539568383425,4764.971419863735,0.05749325225881071,0.20147673981528955,0.12216341101616293,0.24217415692805547,0.29370534858195063,0.12216341101616293,0.29370534858195063,False,True,False,False,False,False,0.07783658898383708,55.739289280226714
119,ONOO,2500,12800,6.1,89.66999999999999,2536.512307250361,0.4077810203020923,4920.4807631237445,0.059293473215100624,0.19816502400393446,0.11983361229003035,0.23718808345889203,0.2859472050130542,0.11983361229003035,0.2859472050130542,False,True,False,False,False,False,0.08200136370603521,55.85493244198457
120,ONOO,2500,12900,6.05,88.93499999999999,2514.138160687961,0.40858868046834046,5076.539440625396,0.06110832126268803,0.19489443106108223,0.1175462261910128,0.23231818988782435,0.2784739615573899,0.1175462261910128,0.2784739615573899,False,True,False,False,False,False,0.08755934274790499,55.96361187291493
121,ONOO,2500,13000,6.0,88.19999999999999,2491.6328002645955,0.4093683646560619,5233.1534644195535,0.06293712958885739,0.19166406155881505,0.11529994684429662,0.22755976405831865,0.2712689242503561,0.11529994684429662,0.2712689242503561,False,True,False,False,False,False,0.09303599159688836,56.065255691670124
122,ONOO,2500,13100,5.935,87.24449999999999,2461.695220762955,0.410178560951398,5410.402114798936,0.06513653785996172,0.1879156657070958,0.11271118317252932,0.22211772373001584,0.26315145127526934,0.11271118317252932,0.26315145127526934,False,True,False,False,False,False,0.0993731511203749,56.05837564564756
123,ONOO,2500,13200,5.87,86.289,2431.58067514877,0.4109496673635442,5588.446957278,0.06735995368560366,0.18421065720824015,0.11016856983836408,0.216801570208216,0.25533725567951165,0.11016856983836408,0.25533725567951165,False,True,False,False,False,False,0.1056207729533958,56.041338875783936
124,ONOO,2500,13300,5.805,85.33349999999999,2401.2912776829494,0.41168109735153713,5767.297343486877,0.06960633113385745,0.18054821636713905,0.10767068208783546,0.21160597205129766,0.2478078242874439,0.10767068208783546,0.2478078242874439,False,True,False,False,False,False,0.1117811015450255,56.01399999285902
125,ONOO,2500,13400,5.74,84.378,2370.829195663719,0.4123722323654867,5946.964339222677,0.07187463702404837,0.1769275519152029,0.10521616208934267,0.20652589957343126,0.24054579880844634,0.10521616208934267,0.24054579880844634,False,True,False,False,False,False,0.11785628599545445,55.97620955791557
126,ONOO,2500,13500,5.675,83.4225,2340.1966515912486,0.4130224203531541,6127.457084372826,0.07416381081311309,0.17334790011787027,0.1028037150894024,0.20155662247021228,0.23353531055232468,0.1028037150894024,0.23353531055232468,False,True,True,False,False,False,0.12384838479272735,55.927813918765054
127,ONOO,2500,13600,5.609999999999999,82.46699999999998,2309.3959254577353,0.4136309741825167,6308.785632134695,0.07647280155510953,0.16980852393071583,0.1004320006403181,0.19669364233358122,0.2267616405844287,0.1004320006403181,0.2267616405844287,False,True,True,False,False,False,0.1330658330953849,55.86865503786436
128,ONOO,2500,13700,5.545,81.5115,2278.4293571587814,0.4141971699753928,6490.956215574323,0.07880049378567344,0.16630871220137092,0.09810002603467262,0.19193276609970752,0.22021122664855192,0.09810002603467262,0.22021122664855192,False,True,True,False,False,False,0.14365849566424896,55.79857031099912
129,ONOO,2500,13800,5.4799999999999995,80.55599999999998,2247.299349016289,0.4147202453475337,6673.977998218517,0.08114581600712227,0.16284777891422383,0.09580659033850006,0.18726992001523862,0.2138714335087808,0.09580659033850006,0.2138714335087808,False,True,True,False,False,False,0.15407571073203752,55.71739237616638
130,ONOO,2500,13900,5.414999999999999,79.60049999999998,2216.0083683924045,0.41519939755103363,6857.857539031438,0.08350766548897354,0.1594250624742737,0.09355062400664006,0.1827013822460257,0.20773056232346657,0.09355062400664006,0.20773056232346657,False,True,True,False,False,False,0.16432293127306055,55.62494891200119
131,ONOO,2500,14000,5.35,78.645,2184.558952958724,0.4156337813829784,7042.600972451847,0.08588491721218064,0.15603992521133744,0.09133110669666299,0.178223582989191,0.20177778590196355,0.09133110669666299,0.20177778590196355,False,True,True,False,False,False,0.17440538510280862,55.52106242503888
132,ONOO,2500,14100,5.260999999999999,77.33669999999998,2140.847212134706,0.4160044489840579,7262.555023724947,0.08894336299539281,0.15183313561239048,0.08858994910695266,0.17272968670574337,0.1945700623026568,0.08858994910695266,0.1945700623026568,False,True,True,False,False,False,0.19227716627225672,55.21533295918379
133,ONOO,2500,14200,5.172,76.02839999999999,2096.8954516519952,0.41629832431584113,7483.9175770982065,0.09203373669332719,0.14766869377830952,0.08589314859673895,0.16734691742823868,0.1875976844302569,0.08589314859673895,0.1875976844302569,False,True,True,False,False,False,0.211493555766456,54.89104271643894
134,ONOO,2500,14300,5.083,74.7201,2052.7086080172344,0.4165125076477968,7706.704641842354,0.09515380375576322,0.1435460565047017,0.0832395340655847,0.16207072501616163,0.18084624935435553,0.0832395340655847,0.18084624935435553,False,True,True,False,False,False,0.23029743505919648,54.54775297577032
135,ONOO,2500,14400,4.994,73.4118,2008.2919457908745,0.4166439143584236,7930.927678137986,0.09830120023412368,0.13946471845769962,0.08062800398566915,0.15689684852657723,0.17430275826936678,0.08062800398566915,0.17430275826936678,False,True,True,False,False,False,0.24870767076068728,54.185005444976795
136,ONOO,2500,14500,4.904999999999999,72.10349999999998,1963.6510861189192,0.41668926080364554,8156.59805210907,0.10147352408138484,0.13542421283578754,0.07805752377590275,0.15182130014200793,0.16795501704211613,0.07805752377590275,0.16795501704211613,False,True,True,False,False,False,0.2667419462041857,53.80232100015475
137,ONOO,2500,14600,4.816,70.7952,1918.7920312246247,0.41664504925859697,8383.724337698215,0.10466828156529615,0.131424111727714,0.07552712339903682,0.1468403500790541,0.1617918311278351,0.07552712339903682,0.1617918311278351,False,True,True,False,False,False,0.28441658366636,53.39919831876732
138,ONOO,2500,14700,4.727,69.4869,1873.7199350999424,0.41650764429212567,8612.31401060422,0.10788292118488843,0.1274639411632614,0.07303589170040045,0.1419505033101097,0.15580285749639658,0.07303589170040045,0.15580285749639658,False,True,True,False,False,False,0.30174680632983186,52.97511239515491
139,ONOO,2500,14800,4.638,68.17859999999999,1828.4432963212598,0.4162729558141658,8842.369002343296,0.11111475535942751,0.12354346596765269,0.07058298670580165,0.1371485217838688,0.14997857914406887,0.07058298670580165,0.14997857914406887,False,True,True,False,False,False,0.318746446398608,52.52951292591533
140,ONOO,2500,14900,4.5489999999999995,66.87029999999999,1782.968620041762,0.415936803702829,9073.89063913587,0.11436105150330471,0.11966232349273571,0.06816761861859946,0.13243139973690668,0.14431019000581394,0.06816761861859946,0.14431019000581394,False,True,True,False,False,False,0.3354284681459442,52.06182255096524
141,ONOO,2500,15000,4.46,65.562,1737.303593417482,0.41549467497889275,9306.876895435535,0.11761897969140593,0.11582023956116547,0.06578906000975443,0.12779632662087653,0.13878956370249074,0.06578906000975443,0.13878956370249074,False,True,True,False,False,False,0.3518048101057129,51.57143493423482
142,OONO,2500,8000,7.75,113.925,3121.349936042048,0.34625507479019374,0.0008991546352158773,0.004731430655857513,0.390168742005256,0.5365211870284278,0.5343153259618237,0.999999999999997,0.390168742005256,0.999999999999997,False,False,False,True,False,False,0.8708365129902484,41.034436872451806
143,OONO,2500,8100,7.726,113.5722,3116.5283307484815,0.3480192275100385,0.0009512079914707165,0.005179845103744852,0.38475658404302243,0.5250096718886846,0.5104437828283612,0.9999999999773103,0.38475658404302243,0.9999999999773103,False,False,False,True,False,False,0.8354534546943561,41.46427979624475
144,OONO,2500,8200,7.702,113.2194,3111.58215646311,0.3497539204287329,0.0009738842520983465,0.005650838867502547,0.3794612385930622,0.5139434197332744,0.4885746211978986,0.999999999985395,0.3794612385930622,0.999999999985395,False,False,False,True,False,False,0.802518040916568,41.891884333236035
145,OONO,2500,8300,7.678,112.86659999999999,3106.513122467644,0.35145970059839043,0.0009618207520852379,0.0061444874922238655,0.374278689453933,0.5032960003033095,0.46846272341585327,0.9999999999999999,0.374278689453933,0.9999999999999999,False,False,False,True,False,False,0.7717587237191625,42.317242636334086
146,OONO,2500,8400,7.654,112.51379999999999,3101.322910800299,0.35313710031976975,0.000911271188151581,0.006660790241448977,0.369205108428607,0.49304377054192056,0.4499044816926597,0.9999999999973079,0.369205108428607,0.9999999999973079,False,False,False,True,False,False,0.7429482522318881,42.74034680101181
147,OONO,2500,8500,7.63,112.16099999999999,3096.0131768165725,0.3547866376106447,0.0008225453708513284,0.007199725741719708,0.36423684433136144,0.4831639007348005,0.432724823006111,0.9999999999999999,0.36423684433136144,0.9999999999999999,False,False,False,True,False,False,0.7158887237409113,43.16118886468663
148,OONO,2500,8600,7.606,111.8082,3090.58426618281,0.35640886711453623,0.0006971929638535687,0.007761209657786059,0.3593702635096291,0.4736356382695553,0.4167756788145739,0.9999999997916641,0.3593702635096291,0.9999999997916641,False,False,False,True,False,False,0.6904113168757933,43.579760806091514
149,OONO,2500,8700,7.582,111.4554,3085.040881145464,0.3580041577502579,0.0005434853520902847,0.008345111835745883,0.35460240013166255,0.4644400365916611,0.40192785252980157,0.9999999995895121,0.35460240013166255,0.9999999995895121,False,False,False,True,False,False,0.6663678887109747,43.9960545446373
150,OONO,2500,8800,7.558,111.1026,3079.3825723643536,0.3595730671402891,0.00041110152724203874,0.008951263223960913,0.34992983776867653,0.45555910378842135,0.38807013604738444,0.9999999796872521,0.34992983776867653,0.9999999796872521,False,False,False,True,False,False,0.6555590834756734,44.41006193976569
151,OONO,2500,8900,7.534,110.7498,3073.6109754894032,0.3611160572575416,0.0010610961997123969,0.009579440538264922,0.34534954780779814,0.4469762659010337,0.3751058046787479,0.9999995748412251,0.34534954780779814,0.9999995748412251,False,False,False,True,False,False,0.6469758407422588,44.82177479029314
152,OONO,2500,9000,7.51,110.39699999999999,3067.7276718327735,0.3626335790809309,0.0012468636558043145,0.010229377064977778,0.3408586302036415,0.43867609038081296,0.3629497867368463,0.9999994464307702,0.3408586302036415,0.9999994464307702,False,False,False,True,False,False,0.6386755368115831,45.2311848337454
153,OONO,2500,9100,7.482,109.9854,3060.020787434372,0.3641750893772025,17.658510065845086,0.010948441011331812,0.33626602059718375,0.4303115406878642,0.3510655233612555,0.9920917508563115,0.33626602059718375,0.9920917508563115,False,False,False,True,False,False,0.6224032915441757,45.622350863846535
154,OONO,2500,9200,7.454,109.57379999999999,3052.1944263029623,0.36569086630031544,134.07411307782695,0.011771706930177185,0.33176026372858286,0.4222153050918028,0.3398943649548371,0.9428198441776947,0.33176026372858286,0.9428198441776947,False,False,False,True,False,False,0.5650351492694974,46.010767018542424
155,OONO,2500,9300,7.426,109.1622,3044.2501106671652,0.3671813132185608,250.6518621782098,0.012616460508887406,0.3273387215771145,0.4143748228425022,0.32937370363597357,0.8979786091354902,0.3273387215771145,0.8979786091354902,False,False,False,True,False,False,0.5123534319779923,46.39642150243944
156,OONO,2500,9400,7.398,108.75059999999999,3036.189337035343,0.3686468233231842,367.4052583151512,0.013482039930279126,0.32299886564205776,0.4067768907808579,0.3194471431712206,0.8569959966957289,0.3194471431712206,0.8569959966957289,False,False,False,True,False,False,0.46377288747658674,46.779302415272255
157,OONO,2500,9500,7.37,108.339,3028.0135787498307,0.3700877798272031,484.33173902878946,0.014367759557592414,0.3187382714473506,0.3994098348978177,0.3100648975418508,0.8193995305581712,0.3100648975418508,0.8193995305581712,False,False,False,True,False,False,0.41939953055817114,47.15939775053165
158,OONO,2500,9600,7.3420000000000005,107.9274,3019.7242876833766,0.37150455618482425,601.4430098534907,0.015272958039269865,0.3145546133003517,0.3922626910614316,0.30118255184556403,0.7847858845203769,0.30118255184556403,0.7847858845203769,False,False,False,True,False,False,0.3847858845203769,47.53669539406867
159,OONO,2500,9700,7.314,107.5158,3011.3228954021915,0.37289751632591317,718.745320010543,0.016196984258786594,0.31044565931981355,0.3853251670848378,0.2927601458712529,0.7528146992802248,0.2927601458712529,0.7528146992802248,False,False,False,True,False,False,0.3528146992802248,47.911183122674785
160,OONO,2500,9800,7.2860000000000005,107.1042,3002.810813945438,0.3742670148916587,836.235398027232,0.017139173307939015,0.30640926672912633,0.3785875994679726,0.28476264016529956,0.7231980899277175,0.28476264016529956,0.7231980899277175,False,False,False,True,False,False,0.3231980899277175,48.28284860263754
161,OONO,2500,9900,7.258,106.6926,2994.189436429507,0.3756133974711316,953.9326309248607,0.01809891539499079,0.30244337741712196,0.3720409095895758,0.27715746468031527,0.6956817542522225,0.27715746468031527,0.6956817542522225,False,False,False,True,False,False,0.29568175425222243,48.6516793882711
162,OONO,2500,10000,7.23,106.281,2985.4601375021953,0.376937000832432,1071.8227006661148,0.01907556343137777,0.29854601375021955,0.3656765617887849,0.2699157635963903,0.6700561535748965,0.2699157635963903,0.6700561535748965,False,False,False,True,False,False,0.27005615357489643,49.017662920421145
163,OONO,2500,10100,7.197,105.79589999999999,2974.4139725852406,0.37829190302289006,1195.8874398671442,0.020133186559433112,0.2944964329292317,0.3591432440267334,0.26263498775626615,0.6448382205440897,0.26263498775626615,0.6448382205440897,False,False,False,True,False,False,0.24483822054408966,49.35806137312792
164,OONO,2500,10200,7.164000000000001,105.3108,2963.248786343942,0.37962306388152733,1320.1934862596179,0.02121014383482179,0.29051458689646487,0.3527883118710639,0.25569486501299116,0.6212988917088411,0.25569486501299116,0.6212988917088411,False,False,False,True,False,False,0.2212988917088411,49.694997700284915
165,OONO,2500,10300,7.131,104.8257,2951.9659701204696,0.38093077155207494,1444.746778392422,0.02230579178936628,0.2865986378757737,0.3466039786325534,0.2490712388753102,0.5992760019509861,0.2490712388753102,0.5992760019509861,False,False,False,True,False,False,0.19927600195098605,50.028453343721594
166,OONO,2500,10400,7.098000000000001,104.34060000000001,2940.5658109210844,0.3822153664852467,1569.5532332632145,0.023419503798024613,0.2827467125885658,0.3405828690262987,0.2427421328313017,0.5786275432543637,0.2427421328313017,0.5786275432543637,False,False,False,True,False,False,0.1786275432543637,50.35840954099666
167,OONO,2500,10500,7.065,103.8555,2929.052396686479,0.3834769718849884,1694.6175675961986,0.024550639450444972,0.278957371112998,0.3347180453269089,0.2366876494797617,0.5592285755719587,0.2366876494797617,0.5592285755719587,False,False,False,True,False,False,0.15922857557195869,50.684847322097895
168,OONO,2500,10600,7.032,103.37039999999999,2917.4251825754804,0.3847159557444651,1819.9486943305783,0.02569861385640582,0.2752287908090076,0.32900319771696634,0.23088919487833345,0.5409679769288226,0.23088919487833345,0.5409679769288226,False,False,False,True,False,False,0.14096797692882257,51.0077475060724
169,OONO,2500,10700,6.9990000000000006,102.8853,2905.685613958263,0.3859325701001439,1945.54062851089,0.026862746018945977,0.27155940317366944,0.3234319523790239,0.2253312611288078,0.5237501286916124,0.2253312611288078,0.5237501286916124,False,False,False,True,False,False,0.1237501286916124,51.32709069758497
170,OONO,2500,10800,6.966,102.4002,2893.835087563788,0.3871270620546246,2071.4085403403446,0.028042499807586545,0.2679476932929433,0.31799849727965246,0.21999772646177523,0.5074858708494387,0.21999772646177523,0.5074858708494387,False,False,False,True,False,False,0.10748587084943872,51.642857283403195
171,OONO,2500,10900,6.933000000000001,101.91510000000001,2881.8749521247228,0.3882996726005826,2197.5573662687743,0.02923731479982779,0.2643921974426351,0.31269732500943254,0.21487425773365829,0.4920977406497127,0.21487425773365829,0.4920977406497127,False,False,False,True,False,False,0.09209774064971266,51.955027428806794
172,OONO,2500,11000,6.9,101.43,2869.8065193945654,0.38945063742459674,2323.9878587633443,0.030446567062357915,0.2608915017631423,0.3075232168442251,0.20994871622620936,0.47751662812663287,0.20994871622620936,0.47751662812663287,False,False,False,True,False,False,0.07751662812663285,52.26358107391968
173,OONO,2500,11100,6.86,100.842,2854.437989150401,0.39064323086568215,2459.2829056770197,0.03178577155289281,0.25715657559913524,0.3020607591549496,0.2048297752508803,0.46258411070880007,0.2048297752508803,0.46258411070880007,False,False,False,True,False,False,0.06258411070880004,52.53231842175586
174,OONO,2500,11200,6.82,100.254,2838.94369083813,0.3918119513104269,2594.922254365328,0.03314335067676971,0.25347711525340444,0.29672731243753064,0.19990726236802886,0.4484319231065179,0.19990726236802886,0.4484319231065179,False,False,False,True,False,False,0.048524660738489045,52.796467957445955
175,OONO,2500,11300,6.78,99.666,2823.3249977327514,0.39295696402354763,2730.915441142872,0.03451866647259118,0.24985176971086295,0.29151783820833205,0.19516937083515193,0.4349988852681993,0.19516937083515193,0.4349988852681993,False,False,False,True,False,False,0.03982951443304736,53.05599756497476
176,OONO,2500,11400,6.74,99.078,2807.583273920365,0.3940784273507307,2867.267500605952,0.03591108275593549,0.246279234554418,0.2864275602660327,0.19060521794976534,0.42223076602288534,0.19060521794976534,0.42223076602288534,False,False,False,True,False,False,0.031625548073119986,53.31087467252906
177,OONO,2500,11500,6.7,98.49,2791.719874955133,0.39517649273017696,3003.983898915705,0.03731997137947824,0.24275824999609852,0.2814519482187776,0.1862047570479162,0.41007846995941283,0.1862047570479162,0.41007846995941283,False,False,False,True,False,False,0.02387371291149662,53.56106624303649
178,OONO,2500,11600,6.66,97.902,2775.7361491451547,0.39625130468742903,3141.0692708816027,0.03874470131089574,0.23928759906423747,0.2765867021725199,0.18195882332840177,0.3984975829723181,0.18195882332840177,0.3984975829723181,False,False,False,True,False,False,0.01804117667159824,53.80653876444714
179,OONO,2500,11700,6.62,97.314,2759.6334380143535,0.3973030008356755,3278.535626808247,0.040184724250056404,0.23586610581319262,0.27182756540549424,0.17785814926215163,0.3874471128621706,0.17785814926215163,0.3874471128621706,False,False,False,True,False,False,0.022141850737848384,54.04725823974971
180,OONO,2500,11800,6.58,96.726,2743.4130766505955,0.39833171189233285,3416.372836045856,0.04163931202118509,0.23249263361445724,0.267171105334613,0.17389600575075298,0.37689190390031274,0.17389600575075298,0.37689190390031274,False,False,False,True,False,False,0.02610399424924703,54.283190176713155
181,OONO,2500,11900,6.54,96.13799999999999,2727.076394531428,0.3993375616688167,3554.597704834394,0.04310795686316402,0.22916608357406956,0.2626132961787969,0.17006401138391158,0.36679726782113625,0.17006401138391158,0.36679726782113625,False,False,False,True,False,False,0.029935988616088427,54.514299577344126
182,OONO,2500,12000,6.5,95.55,2710.624712926178,0.40032066721086074,3693.2121891158076,0.044590051098030374,0.22588539274384814,0.25815066469612247,0.16635555444835698,0.35713293166846377,0.16635555444835698,0.35713293166846377,False,True,False,True,False,False,0.03364444555164303,54.740550927051146
183,OONO,2500,12100,6.45,94.815,2689.349699415799,0.4013496767609562,3844.940324527442,0.046287568169649344,0.22226030573684288,0.25326596124547,0.16234744459452907,0.3468091352610013,0.16234744459452907,0.3468091352610013,False,True,False,True,False,False,0.03765255540547094,54.90304248247798
184,OONO,2500,12200,6.4,94.08,2667.93191609081,0.4023512255397866,3997.1769643459897,0.048004702355623964,0.21868294394186966,0.2484821387358717,0.15846968216657908,0.33693337825256525,0.15846968216657908,0.33693337825256525,False,True,False,True,False,False,0.04153031783342093,55.059035685335964
185,OONO,2500,12300,6.35,93.34499999999998,2646.372879621084,0.4033252763128009,4149.929343229076,0.049740714252479924,0.21515226663586048,0.24379559613154306,0.1547153141522114,0.32747570236798473,0.1547153141522114,0.32747570236798473,False,True,False,True,False,False,0.04528468584778861,55.20846784312089
186,OONO,2500,12400,6.3,92.61,2624.674107178724,0.4042717818259296,4303.206146175432,0.0514948713751077,0.21166726670796163,0.23920290195222152,0.15107787257389743,0.3184084376620649,0.15107787257389743,0.3184084376620649,False,True,False,False,False,False,0.04892212742610258,55.351275058296125
187,OONO,2500,12500,6.25,91.875,2602.837116536168,0.4051906845938432,4457.009561528589,0.053266431112441295,0.20822696932289345,0.23470078902367758,0.14755133432464151,0.30970719436494903,0.14755133432464151,0.30970719436494903,False,True,False,False,False,False,0.0524486656753585,55.48739219455984
188,OONO,2500,12600,6.2,91.14,2580.863418529854,0.40608191702195995,4611.349799489593,0.05505467202351576,0.2048304300420519,0.23028614544031026,0.14413008416184186,0.30134832362774705,0.14413008416184186,0.30134832362774705,False,True,False,False,False,False,0.055869915838158146,55.61675284187806
189,OONO,2500,12700,6.15,90.405,2558.754595654177,0.40694539568383425,4766.232387751827,0.05685886654099066,0.20147673981528955,0.22595600712120603,0.1408088823143343,0.293310729403599,0.1408088823143343,0.293310729403599,False,True,False,False,False,False,0.059191117685665706,55.739289280226714
190,OONO,2500,12800,6.1,89.66999999999999,2536.512307250361,0.4077810203020923,4921.662908980398,0.058678290767223515,0.19816502400393446,0.22170754998576753,0.1375828343037936,0.2855749254192757,0.1375828343037936,0.2855749254192757,False,True,False,False,False,False,0.06425214169227197,55.85493244198457
191,OONO,2500,12900,6.05,88.93499999999999,2514.138160687961,0.40858868046834046,5077.646837654311,0.06051222533361078,0.19489443106108223,0.21753808044364709,0.1344473619251522,0.27812291652162996,0.1344473619251522,0.27812291652162996,False,True,False,False,False,False,0.0706582070137656,55.96361187291493
192,OONO,2500,13000,6.0,88.19999999999999,2491.6328002645955,0.4093683646560619,5234.190152387926,0.06235997326236291,0.19166406155881505,0.21344501575732033,0.1313981730364047,0.270938054953336,0.1313981730364047,0.270938054953336,False,True,False,False,False,False,0.07693776540478028,56.065255691670124
193,OONO,2500,13100,5.935,87.24449999999999,2461.695220762955,0.410178560951398,5411.358228879366,0.06458146585420117,0.1879156657070958,0.20873618655239612,0.12792739659061292,0.26284314472832127,0.12792739659061292,0.26284314472832127,False,True,False,False,False,False,0.0841569377022913,56.05837564564756
194,OONO,2500,13200,5.87,86.289,2431.58067514877,0.4109496673635442,5589.3279105748725,0.06682675521221952,0.18421065720824015,0.20411283104913067,0.12455445775539944,0.2550502275387135,0.12455445775539944,0.2550502275387135,False,True,False,False,False,False,0.09123488503636043,56.041338875783936
195,OONO,2500,13300,5.805,85.33349999999999,2401.2912776829494,0.41168109735153713,5768.108166683264,0.06909475133325285,0.18054821636713905,0.1995721067361538,0.12127453709136854,0.24754085522756214,0.12127453709136854,0.24754085522756214,False,True,False,False,False,False,0.09860513980533864,56.01399999285902
196,OONO,2500,13400,5.74,84.378,2370.829195663719,0.4123722323654867,5947.710019863653,0.07138438295469805,0.1769275519152029,0.19511128519204304,0.11808311679153635,0.2402977216391113,0.11808311679153635,0.2402977216391113,False,True,False,False,False,False,0.10987804610121774,55.97620955791557
197,OONO,2500,13500,5.675,83.4225,2340.1966515912486,0.4130224203531541,6128.1429718280015,0.07369455807896837,0.17334790011787027,0.19072774395347425,0.11497597212381258,0.23330499835712615,0.11497597212381258,0.23330499835712615,False,True,True,False,False,False,0.12094838380484293,55.927813918765054
198,OONO,2500,13600,5.609999999999999,82.46699999999998,2309.3959254577353,0.4136309741825167,6309.414727495004,0.07602416835728461,0.16980852393071583,0.1864190905612715,0.11194917905288931,0.22654806973334168,0.11194917905288931,0.22654806973334168,False,True,True,False,False,False,0.13182320645512338,55.86865503786436
199,OONO,2500,13700,5.545,81.5115,2278.4293571587814,0.4141971699753928,6491.5339950600965,0.07837210158737506,0.16630871220137092,0.18218292671877748,0.1089990434953723,0.22001336117315706,0.1089990434953723,0.22001336117315706,False,True,True,False,False,False,0.14250931758447932,55.79857031099912
200,OONO,2500,13800,5.4799999999999995,80.55599999999998,2247.299349016289,0.4147202453475337,6674.508016983714,0.08073723912033447,0.16284777891422383,0.17801702597529231,0.10612211079839913,0.21368832470454063,0.10612211079839913,0.21368832470454063,False,True,True,False,False,False,0.15301308431208477,55.71739237616638
201,OONO,2500,13900,5.414999999999999,79.60049999999998,2216.0083683924045,0.41519939755103363,6858.343816453368,0.08311845380390388,0.1594250624742737,0.17391925565052935,0.10331513876220165,0.2075612889689725,0.10331513876220165,0.2075612889689725,False,True,True,False,False,False,0.16334054311299534,55.62494891200119
202,OONO,2500,14000,5.35,78.645,2184.558952958724,0.4156337813829784,7043.048540021507,0.08551463670686256,0.15603992521133744,0.16988758304953808,0.10057494967822525,0.2016214604695627,0.10057494967822525,0.2016214604695627,False,True,True,False,False,False,0.17349754206089926,55.52106242503888
203,OONO,2500,14100,5.260999999999999,77.33669999999998,2140.847212134706,0.4160044489840579,7262.9562506568345,0.08859629784585636,0.15183313561239048,0.16491560012759943,0.09722649114266563,0.1944289754516061,0.09722649114266563,0.1944289754516061,False,True,True,False,False,False,0.19159579766573842,55.21533295918379
204,OONO,2500,14200,5.172,76.02839999999999,2096.8954516519952,0.41629832431584113,7484.27778630501,0.09170917277261872,0.14766869377830952,0.16002307842189753,0.09396140307949678,0.18747064397720292,0.09396140307949678,0.18747064397720292,False,True,True,False,False,False,0.21087618074309328,54.89104271643894
205,OONO,2500,14300,5.083,74.7201,2052.7086080172344,0.4165125076477968,7707.028797884832,0.09485099021916386,0.1435460565047017,0.15520757451958983,0.09077578259817028,0.18073212590838006,0.09077578259817028,0.18073212590838006,False,True,True,False,False,False,0.2297384604691582,54.54775297577032
206,OONO,2500,14400,4.994,73.4118,2008.2919457908745,0.4166439143584236,7931.220292413853,0.09801935382948461,0.13946471845769962,0.15046678699813323,0.08766600202002962,0.17420049343209623,0.08766600202002962,0.17420049343209623,False,True,True,False,False,False,0.24820199909204135,54.185005444976795
207,OONO,2500,14500,4.904999999999999,72.10349999999998,1963.6510861189192,0.41668926080364554,8156.8632576238915,0.10121183538358226,0.13542421283578754,0.1457985505314569,0.08462868957825402,0.16786361410273612,0.08462868957825402,0.16786361410273612,False,True,True,False,False,False,0.2662849329517655,53.80232100015475
208,OONO,2500,14600,4.816,70.7952,1918.7920312246247,0.41664504925859697,8383.965838486894,0.10442591943540737,0.131424111727714,0.14120083389785373,0.08166071212601846,0.16171035527389285,0.08166071212601846,0.16171035527389285,False,True,True,False,False,False,0.284003986974521,53.39919831876732
209,OONO,2500,14700,4.727,69.4869,1873.7199350999424,0.41650764429212567,8612.534965354665,0.10765903616788827,0.1274639411632614,0.13667173309073186,0.07875915467805085,0.15573043501871475,0.07875915467805085,0.15573043501871475,False,True,True,False,False,False,0.3013747360492412,52.97511239515491
210,OONO,2500,14800,4.638,68.17859999999999,1828.4432963212598,0.4162729558141658,8842.572110526784,0.11090848502980075,0.12354346596765269,0.13220948107148808,0.07592132212061915,0.1499143939286194,0.07592132212061915,0.1499143939286194,False,True,True,False,False,False,0.3184113369116207,52.52951292591533
211,OONO,2500,14900,4.5489999999999995,66.87029999999999,1782.968620041762,0.415936803702829,9074.078443931436,0.11417152802922127,0.11966232349273571,0.12781241972795887,0.07314470458294635,0.14425347814670936,0.07314470458294635,0.14425347814670936,False,True,True,False,False,False,0.33512707404964975,52.06182255096524
212,OONO,2500,15000,4.46,65.562,1737.303593417482,0.41549467497889275,9307.053824789662,0.11744537399246736,0.11582023956116547,0.12347884578818577,0.07042697156323395,0.13873959686826828,0.07042697156323395,0.13873959686826828,False,True,True,False,False,False,0.3515343462191466,51.57143493423482
213,OOON,2500,8000,7.75,113.925,3121.349936042048,0.34625507479019374,1.041897404163911e-10,0.0020430557416802205,0.390168742005256,0.5365211870284278,0.9999999997271207,0.9999999999999998,0.390168742005256,0.9999999999999998,False,False,False,True,False,False,1.3365211867555482,41.034436872451806
214,OOON,2500,8100,7.726,113.5722,3116.5283307484815,0.3480192275100385,3.13400214034322e-05,0.0022162251758060807,0.38475658404302243,0.5250096718886846,0.9881908760630014,0.9999999999976076,0.38475658404302243,0.9999999999976076,False,False,False,True,False,False,1.3132005479492936,41.46427979624475
215,OOON,2500,8200,7.702,113.2194,3111.58215646311,0.3497539204287329,9.650224644462192e-05,0.0025931069585314382,0.3794612385930622,0.5139434197332744,0.944887133053045,0.9999999999999998,0.3794612385930622,0.9999999999999998,False,False,False,True,False,False,1.258830552786319,41.891884333236035
216,OOON,2500,8300,7.678,112.86659999999999,3106.513122467644,0.35145970059839043,0.0001686818465152148,0.0030021986619599315,0.374278689453933,0.5032960003033095,0.9050805239117334,0.9999999999290269,0.374278689453933,0.9999999999290269,False,False,False,True,False,False,1.2083765241440698,42.317242636334086
217,OOON,2500,8400,7.654,112.51379999999999,3101.322910800299,0.35313710031976975,0.00023448198057561022,0.0034438670621813935,0.369205108428607,0.49304377054192056,0.8683708588714418,0.9999999786184958,0.369205108428607,0.9999999786184958,False,False,False,True,False,False,1.1614146080318581,42.74034680101181
218,OOON,2500,8500,7.63,112.16099999999999,3096.0131768165725,0.3547866376106447,0.00026228530329848877,0.0039183663777452955,0.36423684433136144,0.4831639007348005,0.8344111936731469,0.9999999999735547,0.36423684433136144,0.9999999999735547,False,False,False,True,False,False,1.1175750943815022,43.16118886468663
219,OOON,2500,8600,7.606,111.8082,3090.58426618281,0.35640886711453623,0.00031939398310261435,0.004425792983719689,0.3593702635096291,0.4736356382695553,0.8029024365825929,0.9999999101236253,0.3593702635096291,0.9999999101236253,False,False,False,True,False,False,1.0765379849757735,43.579760806091514
220,OOON,2500,8700,7.582,111.4554,3085.040881145464,0.3580041577502579,0.00032301254650595607,0.0049660405109935015,0.35460240013166255,0.4644400365916611,0.7735896647623085,0.9999998811386687,0.35460240013166255,0.9999998811386687,False,False,False,True,False,False,1.0380295824926382,43.9960545446373
221,OOON,2500,8800,7.558,111.1026,3079.3825723643536,0.3595730671402891,0.0005495933308601181,0.005538842863246901,0.34992983776867653,0.45555910378842135,0.746250395548004,0.9999995424320255,0.34992983776867653,0.9999995424320255,False,False,False,True,False,False,1.0018090417684506,44.41006193976569
222,OOON,2500,8900,7.534,110.7498,3073.6109754894032,0.3611160572575416,0.00010744100588974681,0.006143739475013656,0.34534954780779814,0.4469762659010337,0.7206916587359599,0.9999999993069641,0.34534954780779814,0.9999999993069641,False,False,False,True,False,False,0.9676679239439576,44.82177479029314
223,OOON,2500,9000,7.51,110.39699999999999,3067.7276718327735,0.3626335790809309,3.4064684848799515e-05,0.006780080329688744,0.3408586302036415,0.43867609038081296,0.6967444412764016,0.9999999997882278,0.3408586302036415,0.9999999997882278,False,False,False,True,False,False,0.9354205314454422,45.2311848337454
224,OOON,2500,9100,7.482,109.9854,3060.020787434372,0.3641750893772025,20.50780000492719,0.0075092884976066575,0.33626602059718375,0.4303115406878642,0.6733477853371092,0.9817542972370895,0.33626602059718375,0.9817542972370895,False,False,False,True,False,False,0.8854136232620629,45.622350863846535
225,OOON,2500,9200,7.454,109.57379999999999,3052.1944263029623,0.36569086630031544,136.62373646096705,0.008406282148583261,0.33176026372858286,0.4222153050918028,0.6513727592423199,0.8896737944736143,0.33176026372858286,0.8896737944736143,False,False,False,True,False,False,0.7632618588077369,46.010767018542424
226,OOON,2500,9300,7.426,109.1622,3044.2501106671652,0.3671813132185608,252.92837427398595,0.009324942993349244,0.3273387215771145,0.4143748228425022,0.6306938371618104,0.8130558493865271,0.3273387215771145,0.8130558493865271,False,False,False,True,False,False,0.6581245093908397,46.39642150243944
227,OOON,2500,9400,7.398,108.75059999999999,3036.189337035343,0.3686468233231842,369.41338479178984,0.010264373371571841,0.32299886564205776,0.4067768907808579,0.6111990442857853,0.7483192541041799,0.32299886564205776,0.7483192541041799,False,False,False,True,False,False,0.566295189170823,46.779302415272255
228,OOON,2500,9500,7.37,108.339,3028.0135787498307,0.3700877798272031,486.08814992162763,0.01122373257457452,0.3187382714473506,0.3994098348978177,0.5927883484847399,0.6929005602068492,0.3187382714473506,0.6929005602068492,False,False,False,True,False,False,0.4856889086915891,47.15939775053165
229,OOON,2500,9600,7.3420000000000005,107.9274,3019.7242876833766,0.37150455618482425,602.9543587026584,0.012202188087577111,0.3145546133003517,0.3922626910614316,0.5753732602325622,0.6449274407625474,0.3145546133003517,0.6449274407625474,False,False,False,True,False,False,0.4203007009951095,47.53669539406867
230,OOON,2500,9700,7.314,107.5158,3011.3228954021915,0.37289751632591317,720.0231999902508,0.013198965684246753,0.31044565931981355,0.3853251670848378,0.5588739390714969,0.6029930483038713,0.31044565931981355,0.6029930483038713,False,False,False,True,False,False,0.36186698737536815,47.911183122674785
231,OOON,2500,9800,7.2860000000000005,107.1042,3002.810813945438,0.3742670148916587,837.292543689625,0.01421326669155839,0.30640926672912633,0.3785875994679726,0.5432207238943421,0.5660281510325494,0.30640926672912633,0.5660281510325494,False,False,False,True,False,False,0.30924887492689146,48.28284860263754
232,OOON,2500,9900,7.258,106.6926,2994.189436429507,0.3756133974711316,954.7731869520337,0.015244382391741917,0.30244337741712196,0.3720409095895758,0.5283482191918883,0.5331979839416812,0.30244337741712196,0.5331979839416812,False,False,False,True,False,False,0.26154620313356947,48.6516793882711
233,OOON,2500,10000,7.23,106.281,2985.4601375021953,0.376937000832432,1072.4685981790424,0.016291593231886524,0.29854601375021955,0.3656765617887849,0.5141989724424355,0.503846328552728,0.29854601375021955,0.5141989724424355,False,False,False,True,False,False,0.2180453009951635,49.017662920421145
234,OOON,2500,10100,7.197,105.79589999999999,2974.4139725852406,0.37829190302289006,1196.3328762758429,0.017422061161979828,0.2944964329292317,0.3591432440267334,0.4999865478646623,0.47605126713015067,0.2944964329292317,0.4999865478646623,False,False,False,True,False,False,0.1760378149948129,49.35806137312792
235,OOON,2500,10200,7.164000000000001,105.3108,2963.248786343942,0.37962306388152733,1320.448938945361,0.018570959150663945,0.29051458689646487,0.3527883118710639,0.48645210636486946,0.45102740427520466,0.29051458689646487,0.48645210636486946,False,False,False,True,False,False,0.13747951064007408,49.694997700284915
236,OOON,2500,10300,7.131,104.8257,2951.9659701204696,0.38093077155207494,1444.824055432357,0.019737571723653244,0.2865986378757737,0.3466039786325534,0.47354721401759553,0.42837937445590496,0.2865986378757737,0.47354721401759553,False,False,False,True,False,False,0.10192658847350045,50.028453343721594
237,OOON,2500,10400,7.098000000000001,104.34060000000001,2940.5658109210844,0.3822153664852467,1569.4624244182548,0.02092119621713776,0.2827467125885658,0.3405828690262987,0.4612284334660254,0.4077839915771472,0.2827467125885658,0.4612284334660254,False,False,False,True,False,False,0.06901242504317251,50.35840954099666
238,OOON,2500,10500,7.065,103.8555,2929.052396686479,0.3834769718849884,1694.3686483574147,0.022121140490816572,0.278957371112998,0.3347180453269089,0.4494556003194022,0.3889741640338158,0.278957371112998,0.4494556003194022,False,False,False,True,False,False,0.04945560031940216,50.684847322097895
239,OOON,2500,10600,7.032,103.37039999999999,2917.4251825754804,0.3847159557444651,1819.5478645796484,0.0233367426133779,0.2752287908090076,0.32900319771696634,0.4381924549255537,0.371726606357097,0.2752287908090076,0.4381924549255537,False,False,False,True,False,False,0.038192454925553676,51.0077475060724
240,OOON,2500,10700,6.9990000000000006,102.8853,2905.685613958263,0.3859325701001439,1945.0058488001625,0.024567364813640254,0.27155940317366944,0.3234319523790239,0.4274056468188883,0.355853801130773,0.27155940317366944,0.4274056468188883,False,False,False,True,False,False,0.027405646818888296,51.32709069758497
241,OOON,2500,10800,6.966,102.4002,2893.835087563788,0.3871270620546246,2070.747420796154,0.025812378243005092,0.2679476932929433,0.31799849727965246,0.4170647561233911,0.3411969283264261,0.2679476932929433,0.4170647561233911,False,False,False,True,False,False,0.01706475612339109,51.642857283403195
242,OOON,2500,10900,6.933000000000001,101.91510000000001,2881.8749521247228,0.3882996726005826,2196.775509525015,0.027071165322594935,0.2643921974426351,0.31269732500943254,0.40714186656470314,0.32762116138564973,0.2643921974426351,0.40714186656470314,False,False,False,True,False,False,0.007141866564703114,51.955027428806794
243,OOON,2500,11000,6.9,101.43,2869.8065193945654,0.38945063742459674,2323.0968155614905,0.02834313987189787,0.2608915017631423,0.3075232168442251,0.3976110823988764,0.31500998988374007,0.2608915017631423,0.3976110823988764,False,False,False,True,False,True,0.0,52.26358107391968
244,OOON,2500,11100,6.86,100.842,2854.437989150401,0.39064323086568215,2458.279287854687,0.029748354449484374,0.25715657559913524,0.3020607591549496,0.38771814950999434,0.30234299852329405,0.25715657559913524,0.38771814950999434,False,False,False,True,False,True,0.0,52.53231842175586
245,OOON,2500,11200,6.82,100.254,2838.94369083813,0.3918119513104269,2593.818783837997,0.031170605456919284,0.25347711525340444,0.29672731243753064,0.37821510764961336,0.29056180639431045,0.25347711525340444,0.37821510764961336,False,False,False,True,False,True,0.0,52.796467957445955
246,OOON,2500,11300,6.78,99.666,2823.3249977327514,0.39295696402354763,2729.7209741071556,0.03260922842572611,0.24985176971086295,0.29151783820833205,0.36907841690357285,0.279575589566105,0.24985176971086295,0.36907841690357285,False,False,False,True,False,True,0.0,53.05599756497476
247,OOON,2500,11400,6.74,99.078,2807.583273920365,0.3940784273507307,2865.9897948542607,0.03406356445828138,0.246279234554418,0.2864275602660327,0.36028632449029546,0.269305892893448,0.246279234554418,0.36028632449029546,False,False,False,True,False,True,0.0,53.31087467252906
248,OOON,2500,11500,6.7,98.49,2791.719874955133,0.39517649273017696,3002.6316460478915,0.035532979295173565,0.24275824999609852,0.2814519482187776,0.35181873043222944,0.2596835947633994,0.24275824999609852,0.35181873043222944,False,False,False,True,False,True,0.0,53.56106624303649
249,OOON,2500,11600,6.66,97.902,2775.7361491451547,0.39625130468742903,3139.6512688243597,0.03701684402242345,0.23928759906423747,0.2765867021725199,0.34365704501717026,0.25064844779063467,0.23928759906423747,0.34365704501717026,False,False,False,True,False,True,0.0,53.80653876444714
250,OOON,2500,11700,6.62,97.314,2759.6334380143535,0.3973030008356755,3277.054804417663,0.0385145580538677,0.23586610581319262,0.27182756540549424,0.3357839905709819,0.24214729271965474,0.23586610581319262,0.3357839905709819,False,False,False,True,False,True,0.0,54.04725823974971
251,OOON,2500,11800,6.58,96.726,2743.4130766505955,0.39833171189233285,3414.843277116361,0.04002547639278156,0.23249263361445724,0.267171105334613,0.3281837706374819,0.23413337947048773,0.23249263361445724,0.3281837706374819,False,False,False,True,False,True,0.0,54.283190176713155
252,OOON,2500,11900,6.54,96.13799999999999,2727.076394531428,0.3993375616688167,3553.026130687259,0.04154906381925543,0.22916608357406956,0.2626132961787969,0.32084131341604666,0.22656456883157916,0.22656456883157916,0.32084131341604666,False,False,False,True,False,True,0.0,54.514299577344126
253,OOON,2500,12000,6.5,95.55,2710.624712926178,0.40032066721086074,3691.599925636151,0.04308464221688992,0.22588539274384814,0.25815066469612247,0.31374318795722445,0.21940504497444357,0.21940504497444357,0.31374318795722445,False,True,False,True,False,True,0.0,54.740550927051146
254,OOON,2500,12100,6.45,94.815,2689.349699415799,0.4013496767609562,3843.2938284689944,0.04484025239408388,0.22226030573684288,0.25326596124547,0.3060828245528129,0.21184729987135084,0.21184729987135084,0.3060828245528129,False,True,False,True,False,True,0.0,54.90304248247798
255,OOON,2500,12200,6.4,94.08,2667.93191609081,0.4023512255397866,3995.503198731732,0.04661392459757178,0.21868294394186966,0.2484821387358717,0.2986802764002516,0.20470365387359282,0.20470365387359282,0.2986802764002516,False,True,False,True,False,True,0.0,55.059035685335964
256,OOON,2500,12300,6.35,93.34499999999998,2646.372879621084,0.4033252763128009,4148.235334983555,0.0484049269679319,0.21515226663586048,0.24379559613154306,0.2915216000649909,0.19793964439412431,0.19793964439412431,0.2915216000649909,False,True,False,True,False,False,0.0020603556058756967,55.20846784312089
257,OOON,2500,12400,6.3,92.61,2624.674107178724,0.4042717818259296,4301.49679601151,0.05021252886175309,0.21166726670796163,0.23920290195222152,0.2845938137502101,0.19152458084074342,0.19152458084074342,0.2845938137502101,False,True,False,False,False,False,0.008475419159256592,55.351275058296125
258,OOON,2500,12500,6.25,91.875,2602.837116536168,0.4051906845938432,4455.29390041841,0.05203600608010404,0.20822696932289345,0.23470078902367758,0.2778848239202362,0.18543095415804614,0.18543095415804614,0.2778848239202362,False,True,False,False,False,False,0.01456904584195387,55.48739219455984
259,OOON,2500,12600,6.2,91.14,2580.863418529854,0.40608191702195995,4609.632024139163,0.05387463196307846,0.2048304300420519,0.23028614544031026,0.2713833537542966,0.17963415982084613,0.17963415982084613,0.2713833537542966,False,True,False,False,False,False,0.020365840179153882,55.61675284187806
260,OOON,2500,12700,6.15,90.405,2558.754595654177,0.40694539568383425,4764.518966933983,0.055727720495634056,0.20147673981528955,0.22595600712120603,0.26507887917228334,0.17411154680806487,0.17411154680806487,0.26507887917228334,False,True,False,False,False,False,0.02588845319193514,55.739289280226714
261,OOON,2500,12800,6.1,89.66999999999999,2536.512307250361,0.4077810203020923,4919.958546386535,0.057594544211319355,0.19816502400393446,0.22170754998576753,0.2589615045965155,0.1688433371925207,0.1688433371925207,0.2589615045965155,False,True,False,False,False,False,0.03299163880354486,55.85493244198457
262,OOON,2500,12900,6.05,88.93499999999999,2514.138160687961,0.40858868046834046,5075.955311767836,0.05947439434426687,0.19489443106108223,0.21753808044364709,0.253022203711586,0.163811201709753,0.163811201709753,0.253022203711586,False,True,False,False,False,False,0.0412943672291648,55.96361187291493
263,OOON,2500,13000,6.0,88.19999999999999,2491.6328002645955,0.4093683646560619,5232.515890304492,0.0613666060245928,0.19166406155881505,0.21344501575732033,0.24725221954673918,0.15899854986263004,0.15899854986263004,0.24725221954673918,False,True,False,False,False,False,0.049337388578554936,56.065255691670124
264,OOON,2500,13100,5.935,87.24449999999999,2461.695220762955,0.410178560951398,5409.710532306476,0.0636384947208385,0.1879156657070958,0.20873618655239612,0.24069619340606194,0.15362131666233722,0.15362131666233722,0.24069619340606194,False,True,False,False,False,False,0.058463017630566994,56.05837564564756
265,OOON,2500,13200,5.87,86.289,2431.58067514877,0.4109496673635442,5587.711835984844,0.06593240885376982,0.18421065720824015,0.20411283104913067,0.2343324120989247,0.14848897360450153,0.14848897360450153,0.2343324120989247,False,True,False,False,False,False,0.06730036918725835,56.041338875783936
266,OOON,2500,13300,5.805,85.33349999999999,2401.2912776829494,0.41168109735153713,5766.528763538956,0.0682472788173329,0.18054821636713905,0.1995721067361538,0.22815111202457614,0.1435837094783025,0.1435837094783025,0.22815111202457614,False,True,False,False,False,False,0.07629596741840466,56.01399999285902
267,OOON,2500,13400,5.74,84.378,2370.829195663719,0.4123722323654867,5946.171030182251,0.0705820461042753,0.1769275519152029,0.19511128519204304,0.22214316493622369,0.1388892247232841,0.1388892247232841,0.22214316493622369,False,True,False,False,False,False,0.08907193816946998,55.97620955791557
268,OOON,2500,13500,5.675,83.4225,2340.1966515912486,0.4130224203531541,6126.647783756058,0.07293564371909134,0.17334790011787027,0.19072774395347425,0.2163000344786595,0.13439074587712732,0.13439074587712732,0.2163000344786595,False,True,True,False,False,False,0.1015336100515282,55.927813918765054
269,OOON,2500,13600,5.609999999999999,82.46699999999998,2309.3959254577353,0.4136309741825167,6307.966444336504,0.07530699049328268,0.16980852393071583,0.1864190905612715,0.21061375106783956,0.13007484357263308,0.13007484357263308,0.21061375106783956,False,True,True,False,False,False,0.11369754193537962,55.86865503786436
270,OOON,2500,13700,5.545,81.5115,2278.4293571587814,0.4141971699753928,6490.135340241798,0.07769500301959413,0.16630871220137092,0.18218292671877748,0.20507682660288273,0.1259292393201715,0.1259292393201715,0.20507682660288273,False,True,True,False,False,False,0.12557912175968014,55.79857031099912
271,OOON,2500,13800,5.4799999999999995,80.55599999999998,2247.299349016289,0.4147202453475337,6673.161296708997,0.08009859206323605,0.16284777891422383,0.17801702597529231,0.19968225573064532,0.12194274806420105,0.12194274806420105,0.19968225573064532,False,True,True,False,False,False,0.13751019131563752,55.71739237616638
272,OOON,2500,13900,5.414999999999999,79.60049999999998,2216.0083683924045,0.41519939755103363,6857.050478716124,0.08251665855520754,0.1594250624742737,0.17391925565052935,0.19442348944203589,0.11810512994324962,0.11810512994324962,0.19442348944203589,False,True,True,False,False,False,0.15412706248991148,55.62494891200119
273,OOON,2500,14000,5.35,78.645,2184.558952958724,0.4156337813829784,7041.80924765675,0.08494810633725769,0.15603992521133744,0.16988758304953808,0.18929432485181072,0.11440695867527934,0.11440695867527934,0.18929432485181072,False,True,True,False,False,False,0.17037120821203447,55.52106242503888
274,OOON,2500,14100,5.260999999999999,77.33669999999998,2140.847212134706,0.4160044489840579,7261.789713084096,0.08807208870280019,0.15183313561239048,0.16491560012759943,0.1830381133910629,0.10995679748584575,0.10995679748584575,0.1830381133910629,False,True,True,False,False,False,0.19025635338310148,55.21533295918379
275,OOON,2500,14200,5.172,76.02839999999999,2096.8954516519952,0.41629832431584113,7483.184561636907,0.09122507523296522,0.14766869377830952,0.16002307842189753,0.17694329568350206,0.10568078276365431,0.10568078276365431,0.17694329568350206,False,True,True,False,False,False,0.20968414935263663,54.89104271643894
276,OOON,2500,14300,5.083,74.7201,2052.7086080172344,0.4165125076477968,7706.008013642137,0.09440482359201315,0.1435460565047017,0.15520757451958983,0.17100177437238642,0.10156678762063616,0.10156678762063616,0.17100177437238642,False,True,True,False,False,False,0.22867780698268592,54.54775297577032
277,OOON,2500,14400,4.994,73.4118,2008.2919457908745,0.4166439143584236,7930.274677103124,0.09760907135104159,0.13946471845769962,0.15046678699813323,0.16520605129903387,0.09760349802569991,0.09760349802569991,0.16520605129903387,False,True,True,False,False,False,0.24725894521943342,54.185005444976795
278,OOON,2500,14500,4.904999999999999,72.10349999999998,1963.6510861189192,0.41668926080364554,8155.990751830786,0.10083534871738814,0.13542421283578754,0.1457985505314569,0.15954914643724166,0.09378128008229257,0.09378128008229257,0.15954914643724166,False,True,True,False,False,False,0.26544681011322135,53.80232100015475
279,OOON,2500,14600,4.816,70.7952,1918.7920312246247,0.41664504925859697,8383.165274880093,0.10408122561454007,0.131424111727714,0.14120083389785373,0.15402456307628518,0.0900908320989767,0.0900908320989767,0.15402456307628518,False,True,True,False,False,False,0.2832596591991704,53.39919831876732
280,OOON,2500,14700,4.727,69.4869,1873.7199350999424,0.41650764429212567,8611.804720225906,0.10734418922635845,0.1274639411632614,0.13667173309073186,0.14862624546251763,0.08652380107348766,0.08652380107348766,0.14862624546251763,False,True,True,False,False,False,0.3007142792100015,52.97511239515491
281,OOON,2500,14800,4.638,68.17859999999999,1828.4432963212598,0.4162729558141658,8841.910164591021,0.11062159870121269,0.12354346596765269,0.13220948107148808,0.14334858312828308,0.08307257538011545,0.08307257538011545,0.14334858312828308,False,True,True,False,False,False,0.3178258944524608,52.52951292591533
282,OOON,2500,14900,4.5489999999999995,66.87029999999999,1782.968620041762,0.415936803702829,9073.482447947445,0.11391077822398928,0.11966232349273571,0.12781241972795887,0.13818633696481922,0.07973018643773504,0.07973018643773504,0.13818633696481922,False,True,True,False,False,False,0.33460873337675123,52.06182255096524
283,OOON,2500,15000,4.46,65.562,1737.303593417482,0.41549467497889275,9306.520660664099,0.11720899505847603,0.11582023956116547,0.12347884578818577,0.13313466724625403,0.07649026068940731,0.07649026068940731,0.13313466724625403,False,True,True,False,False,False,0.35107598671498746,51.57143493423482
284,NOOO,3500,8000,9.81,144.207,2236.878113351302,0.41000447568354353,1.384246322807483e-09,0.0012421261645344701,0.27960976416891276,0.5959918467478483,0.9999999999999998,0.999999999987117,0.27960976416891276,0.9999999999999998,False,True,False,True,False,False,1.395991846734965,47.48850180531256
285,NOOO,3500,8100,9.789,143.89829999999998,2236.1164012188224,0.41159576914250723,1.1616432258837088e-09,0.0013004544539081664,0.27606375323689164,0.5859524016558847,0.9999999999986475,0.9999999999995024,0.27606375323689164,0.9999999999995024,False,True,False,True,False,False,1.3859524016540345,48.02069288314937
286,NOOO,3500,8200,9.768,143.5896,2235.266291606797,0.41315748248689205,1.0143602210837798e-09,0.001360183065234699,0.2725934501959509,0.5762315093608533,0.9999999999999997,0.9999999999999998,0.2725934501959509,0.9999999999999998,False,True,False,True,False,False,1.3762315093608528,48.5512721929813
287,NOOO,3500,8300,9.747,143.2809,2234.3293691138524,0.4146903161644209,8.254404244643057e-10,0.0014213008104932666,0.26919630953178947,0.5668137667370214,0.9999999998659166,0.9999999999999999,0.26919630953178947,0.9999999999999999,False,True,False,True,False,False,1.3668137666029379,49.08023589068598
288,NOOO,3500,8400,9.726,142.97220000000002,2233.3071825779903,0.41619494824888253,6.230656893451332e-10,0.0014837950420402383,0.265869902687856,0.5576847073137087,0.9999999889297932,0.9999999999999998,0.265869902687856,0.9999999999999998,False,True,False,True,False,False,1.3576846962435016,49.60758011287864
289,NOOO,3500,8500,9.705,142.6635,2232.2012460572723,0.4176720353135275,3.701630691630069e-10,0.0015476517431884614,0.2626119113008556,0.5488307563362753,0.9999999998197938,0.9999999999998899,0.2626119113008556,0.9999999999998899,False,True,False,True,False,False,1.348830756155959,50.133300976769526
290,NOOO,3500,8600,9.684,142.35479999999998,2231.012442297613,0.41912233580045505,1.5081363823783732e-10,0.001612871338787821,0.259420051429955,0.5402391603438004,0.9999999994261675,0.9999999999997228,0.259420051429955,0.9999999999997228,False,True,False,True,False,False,1.3402391597696905,50.6573945800199
291,NOOO,3500,8700,9.663,142.0461,2229.7436532412416,0.42054617082247736,5.8415567902256e-06,0.0016872758030588055,0.2562923739357749,0.531897978651718,0.9974419075111883,0.9999999999999644,0.2562923739357749,0.9999999999999644,False,True,False,True,False,False,1.3293398861628707,51.179857000596655
292,NOOO,3500,8800,9.642,141.73739999999998,2228.3953849406016,0.4219443229482138,9.885674713440773e-05,0.0018633372060287649,0.25322674828870473,0.5237959389581479,0.9650313255541378,0.9999999999999603,0.25322674828870473,0.9999999999999603,False,True,False,True,False,False,1.2888272645122458,51.70068429662546
293,NOOO,3500,8900,9.621,141.4287,2226.969037344815,0.4233173685281092,0.00018280934124479322,0.002049731843876481,0.2502212401511028,0.5159222468378237,0.9346001510549354,0.9999999999999986,0.2502212401511028,0.9999999999999986,False,True,False,True,False,False,1.2505223978927575,52.2198725062425
294,NOOO,3500,9000,9.6,141.11999999999998,2225.465974629735,0.42466586659046063,0.00033075647379197796,0.002246624558765609,0.24727399718108165,0.5082674619614908,0.9059791315004784,0.9999999999999972,0.24727399718108165,0.9999999999999972,False,True,False,True,False,False,1.2142465934619664,52.7374176474448
295,NOOO,3500,9100,9.576,140.7672,2223.181514444154,0.4260149353152324,0.00040358272242028287,0.002460658311048198,0.244305660927929,0.5006302044318183,0.8783292917553283,0.9999999951973667,0.244305660927929,0.9999999951973667,False,True,False,True,False,False,1.1789594913845132,53.24329630064714
296,NOOO,3500,9200,9.552,140.4144,2220.8185305760367,0.4273398432297281,0.0005235013850884681,0.002686350084517503,0.24139331854087356,0.49319931589268234,0.8522572137480697,0.9999999999999952,0.24139331854087356,0.9999999999999952,False,True,False,True,False,False,1.1454565296407473,53.74726958904104
297,NOOO,3500,9300,9.527999999999999,140.06159999999997,2218.378086420987,0.4286411496414729,0.0006493412250727407,0.002923909347676167,0.23853527810978356,0.48596611937693046,0.8276292253465899,0.999999999730376,0.23853527810978356,0.999999999730376,False,True,False,True,False,False,1.1135953444538962,54.249332149252595
298,NOOO,3500,9400,9.504,139.7088,2215.861779465651,0.42991928197614904,0.000776633350285238,0.0031735119636369874,0.23572997653889904,0.4789224139057679,0.8043306003674912,0.9999999999999999,0.23572997653889904,0.9999999999999999,False,True,False,True,False,False,1.0832530142732588,54.749478586339364
299,NOOO,3500,9500,9.48,139.356,2213.270757819404,0.43117475282505296,0.0009034392523996357,0.003435337200860353,0.2329758692441478,0.4720604446322301,0.7822554797446184,0.9999999974822948,0.2329758692441478,0.9999999974822948,False,True,False,True,False,False,1.0543159218591434,55.24770347351634
300,NOOO,3500,9600,9.456,139.0032,2210.606255321765,0.43240803186243265,0.0014118692830034371,0.0037095443056044536,0.2302714849293505,0.4653728720077421,0.7613102431491665,0.9999999995054164,0.2302714849293505,0.9999999995054164,False,True,False,True,False,False,1.026683114662325,55.74400135187871
301,NOOO,3500,9700,9.431999999999999,138.65039999999996,2207.869480538207,0.43361957514264565,0.0011290779228434861,0.003996279531803112,0.2276154103647636,0.4588527467305325,0.7414104365330432,0.999999999923563,0.2276154103647636,0.999999999923563,False,True,False,True,False,False,1.0002631831871387,56.238366730121435
302,NOOO,3500,9800,9.408,138.2976,2205.061617386877,0.4348098255739093,0.0012241284316432174,0.004295676321410547,0.22500628748845683,0.45249348469163464,0.7224794576592422,0.9999999999074723,0.22500628748845683,0.9999999999074723,False,True,False,True,False,False,0.9749729422583491,56.730794084255656
303,NOOO,3500,9900,9.384,137.9448,2202.183825747174,0.43597921337229506,0.0013046840436801836,0.004607854386567817,0.22244281068153274,0.44628884360080173,0.7044479573387008,0.9999999999269689,0.22244281068153274,0.9999999999269689,False,True,False,True,False,False,0.9507368008664714,57.22127785732177
304,NOOO,3500,10000,9.36,137.59199999999998,2199.2372420508627,0.4371281564968942,0.0013597046612829084,0.0049329123322689565,0.21992372420508627,0.4402329012848733,0.6872537401680036,0.9999999973811995,0.21992372420508627,0.9999999973811995,False,True,False,True,False,False,0.9274866388340763,57.70981245909931
305,NOOO,3500,10100,9.331999999999999,137.1804,2195.25183190777,0.438285328402152,0.0013959945163616212,0.005285813144301653,0.21735166652552176,0.4340992902558671,0.6702371843764076,0.9999999946162766,0.21735166652552176,0.9999999946162766,False,True,False,True,False,False,0.9043364692485512,58.18128972506818
306,NOOO,3500,10200,9.304,136.7688,2191.1940038466596,0.43942195073931656,0.0013954535372521452,0.005653192295968224,0.21482294155359408,0.42810983011381726,0.6539908977628899,0.9999999968814502,0.21482294155359408,0.9999999968814502,False,True,False,True,False,False,0.8821007247581574,58.65044663931253
307,NOOO,3500,10300,9.276,136.35719999999998,2187.0648870952377,0.44053840826908436,0.0013518063531628892,0.0060351603943326615,0.2123363968053629,0.4222585306327962,0.638462477691401,0.999999999255063,0.2123363968053629,0.999999999255063,False,True,False,True,False,False,0.8607210075792602,59.117275277450254
308,NOOO,3500,10400,9.248,135.94559999999998,2182.865589560939,0.4416350750598883,0.0012809223897492566,0.006431782570647887,0.2098909220731672,0.41654034646906357,0.6236061361033212,0.9999999999207703,0.2098909220731672,0.9999999999207703,False,True,False,True,False,False,0.8401464824931549,59.581767658865054
309,NOOO,3500,10500,9.219999999999999,135.53399999999996,2178.5971983194886,0.4427123148315856,0.0011761165604617801,0.006843121200935986,0.2074854474589989,0.41095046310250727,0.6093780420520173,0.999999999985984,0.2074854474589989,0.999999999985984,False,True,False,True,False,False,0.8203285051405085,60.04391574611878
310,NOOO,3500,10600,9.192,135.1224,2174.260780090957,0.4437704812856748,0.0010387169891473583,0.007269206983252791,0.2051189415180148,0.4054842892557471,0.5957390574980486,0.999999999993525,0.2051189415180148,0.999999999993525,False,True,False,True,False,False,0.8012233467473205,60.5037114443558
311,NOOO,3500,10700,9.164,134.71079999999998,2169.8573817031306,0.4448099184226372,0.0008773374746549564,0.007710049831854753,0.2027904095049655,0.40013744734029105,0.5826530565020707,0.9999999999999996,0.2027904095049655,0.9999999999999996,False,True,False,True,False,False,0.7827905038423613,60.96114660069927
312,NOOO,3500,10800,9.136,134.29919999999998,2165.3880305432226,0.44583096084699386,0.0006894677632959291,0.008165636942449437,0.20049889171696506,0.39490576311014636,0.5700867555920611,0.9999999991144995,0.20049889171696506,0.9999999991144995,False,True,False,True,False,False,0.7700867547065606,61.416213003639086
313,NOOO,3500,10900,9.108,133.8876,2160.8537349981652,0.4468339340605865,0.0005591228531233866,0.008635935109558686,0.1982434619264372,0.38978525512160966,0.5580092004204293,0.9999999831450753,0.1982434619264372,0.9999999831450753,False,True,False,True,False,False,0.7597657216390674,61.868902382411186
314,NOOO,3500,11000,9.08,133.476,2156.255484883344,0.44781915474464856,0.0004913981582694987,0.009120875813900756,0.1960232258984858,0.38477212438628,0.5463927737944527,0.999999923888846,0.1960232258984858,0.999999923888846,False,True,False,True,False,False,0.7503694717848128,62.31920640636851
315,NOOO,3500,11100,9.049,133.0203,2150.8441764996805,0.44880466621040743,0.0001790114190787992,0.009637560187595016,0.19376974563060184,0.37971677875963106,0.5348837289557279,0.9999999831775879,0.19376974563060184,0.9999999831775879,False,True,False,True,False,False,0.7411139665027139,62.75439100722609
316,NOOO,3500,11200,9.018,132.5646,2145.36636624246,0.449772341836768,0.01778849804476279,0.010170014636105727,0.19155056841450538,0.37476498944472336,0.5238030532114941,0.9999934094593129,0.19155056841450538,0.9999934094593129,False,True,False,True,False,False,0.7322458942563016,63.186884160477085
317,NOOO,3500,11300,8.987,132.1089,2139.8237577441614,0.45072244004062134,76.56870074832803,0.010757611369324791,0.1893649343136426,0.36991334631802064,0.5131269693577879,0.9727521995614578,0.1893649343136426,0.9727521995614578,False,True,False,True,False,False,0.696514234605603,63.616675235383546
318,NOOO,3500,11400,8.956,131.6532,2134.216591264012,0.45165527640231146,196.59544471610178,0.011381443712525988,0.1872119816898256,0.36515852100386204,0.5028332542399584,0.9327760636023213,0.1872119816898256,0.9327760636023213,False,True,False,True,False,False,0.6483973361524541,64.04375351450166
319,NOOO,3500,11500,8.925,131.1975,2128.546054644575,0.45257111552671553,316.7717435744571,0.012018569480977277,0.18509096127344132,0.36049737709411417,0.49290135026229476,0.8957671349001669,0.18509096127344132,0.8957671349001669,False,True,False,True,False,False,0.6035775238890203,64.46810819264249
320,NOOO,3500,11600,8.894,130.74179999999998,2122.813078372834,0.45347022544486837,437.08608852511713,0.012668773611948509,0.18300112744593394,0.35592690312208325,0.4833117900647588,0.8614125745196552,0.18300112744593394,0.8614125745196552,False,True,False,True,False,False,0.56172323713848,64.88972837581649
321,NOOO,3500,11700,8.863,130.28609999999998,2117.0185769876675,0.4543528669879878,557.5273865375971,0.013331820535972866,0.18094175871689466,0.35144421712842394,0.47404759395385715,0.8294421248404711,0.18094175871689466,0.8294421248404711,False,True,False,True,False,False,0.5225479600774335,65.30860308016139
322,NOOO,3500,11800,8.831999999999999,129.83039999999997,2111.1634494201376,0.4552192939903933,678.1148252874968,0.014007513449981463,0.17891215673052013,0.34704655983088184,0.46509145886237824,0.7996128526338041,0.17891215673052013,0.7996128526338041,False,True,False,True,False,False,0.4857921547656622,65.72472123085316
323,NOOO,3500,11900,8.801,129.3747,2105.2485793258497,0.45606975348502354,798.8475051360925,0.014695636462403064,0.17691164532149997,0.3427311355448947,0.4564278522845311,0.7717187672343586,0.17691164532149997,0.7717187672343586,False,True,False,True,False,False,0.45123497419738967,66.13807166099961
324,NOOO,3500,12000,8.77,128.91899999999998,2099.2748354097416,0.4569044858918804,919.7287478041485,0.015395957443834377,0.17493956961747847,0.3384957795999128,0.44804253119845583,0.7455780818157005,0.17493956961747847,0.7455780818157005,False,True,False,True,False,False,0.41868104339667783,66.54864311051642
325,NOOO,3500,12100,8.733,128.3751,2091.701049135395,0.45775197732679307,1047.876538536077,0.016159653266991588,0.17286785530044585,0.3340750639201649,0.4394175087066526,0.7195308873738174,0.17286785530044585,0.7195308873738174,False,True,False,True,False,False,0.38608054078002413,66.92797013595455
326,NOOO,3500,12200,8.696,127.8312,2084.0618015759765,0.45858269925978384,1176.204010978067,0.01693789239786283,0.17082473783409644,0.3297344691407527,0.43106766501217914,0.6950918834128003,0.17082473783409644,0.6950918834128003,False,True,False,True,False,False,0.3553348105908829,67.30386501290583
327,NOOO,3500,12300,8.658999999999999,127.28729999999997,2076.358005567586,0.45939686574611555,1304.7153310061476,0.01773045043218715,0.16880959394858425,0.32547157542886285,0.42297956637001366,0.6721171630921429,0.16880959394858425,0.6721171630921429,False,True,False,True,False,False,0.32628713551357225,67.6763106281945
328,NOOO,3500,12400,8.622,126.7434,2068.5905602579855,0.46019468464487245,1433.4133329094402,0.018537099267390746,0.166821819375644,0.3212840590471759,0.4151406254510594,0.65047973459484,0.166821819375644,0.65047973459484,False,True,False,True,False,False,0.29879854067025535,68.0452896941884
329,NOOO,3500,12500,8.585,126.1995,2060.7603513800104,0.46097635776324764,1562.3079338664993,0.019357624013686528,0.16486082811040084,0.3171696884805877,0.4075385109299503,0.6300654849980645,0.16486082811040084,0.6300654849980645,False,True,False,True,False,False,0.2727431678176139,68.41078474619304
330,NOOO,3500,12600,8.548,125.65559999999999,2052.8682515196974,0.4617420809954243,1691.3956296415683,0.020191761640978342,0.1629260517079125,0.31312632043837335,0.40016349646892696,0.6107746959809373,0.1629260517079125,0.6107746959809373,False,True,False,True,False,False,0.2480121407419517,68.77277813979522
331,NOOO,3500,12700,8.511,125.11169999999998,2044.9151203799147,0.46249204445621817,1820.6821631012708,0.021039299091630465,0.1610169386125917,0.3091518959794556,0.39300416996714704,0.5925175148321388,0.1610169386125917,0.5925175148321388,False,True,False,True,False,False,0.23150057621954706,69.13125204815385
332,NOOO,3500,12800,8.474,124.56779999999999,2036.9018050388408,0.46322643260972274,1950.1764225974398,0.021900003332759693,0.15913295351865944,0.30524443665286877,0.3860508340870875,0.575212085546404,0.15913295351865944,0.575212085546404,False,True,False,True,False,False,0.21607913202774456,69.48618845923801
333,NOOO,3500,12900,8.437000000000001,124.02390000000001,2028.8291402040488,0.46394542439303127,2079.8810045226255,0.02277363619324683,0.15727357676000378,0.30140204063835213,0.37929431551571396,0.5587861552595814,0.15727357676000378,0.5587861552595814,False,True,False,True,False,False,0.20151257849957763,69.83756917300983
334,NOOO,3500,13000,8.4,123.48,2020.6979484619217,0.4646491933353254,2209.8046086650916,0.023659964499096423,0.15543830372784012,0.2976228792963875,0.3727259507070459,0.5431733152468817,0.15543830372784012,0.5431733152468817,False,True,False,True,False,False,0.1877350115190416,70.18537579855156
335,NOOO,3500,13100,8.355,122.8185,2010.3973656742571,0.46536486909811187,2349.607271540264,0.024646773777823837,0.15346544776139368,0.2935850092909868,0.3657970701722179,0.5270762309343534,0.15346544776139368,0.5270762309343534,False,True,False,True,False,False,0.17361078317295972,70.48720068411039
336,NOOO,3500,13200,8.31,122.157,2000.028780700956,0.46606335087526884,2489.679745955448,0.025649871831017298,0.15151733187128455,0.28961218314794057,0.3590617085457505,0.5117807979445496,0.15151733187128455,0.5117807979445496,False,True,False,True,False,False,0.160263466073265,70.78446639071659
337,NOOO,3500,13300,8.265,121.4955,1989.5931017178618,0.4667447709713219,2630.024985933762,0.026669001197591025,0.14959346629457607,0.2857025832452932,0.35251131726854135,0.49722880976949285,0.14959346629457607,0.49722880976949285,False,True,False,True,False,False,0.14763534347491677,71.07714323856307
338,NOOO,3500,13400,8.22,120.834,1979.0912263811874,0.46740925590217636,2770.64822432745,0.027703903015593157,0.14769337510307368,0.28185446112219326,0.34613783383626173,0.48336711031966817,0.14769337510307368,0.48336711031966817,False,True,False,True,False,False,0.13567373521659448,71.3652011579547
339,NOOO,3500,13500,8.175,120.1725,1968.5240420454065,0.4680569264614851,2911.555027124313,0.02875431539313713,0.14581659570706715,0.27806613429117444,0.3399336486809199,0.4701473683238766,0.14581659570706715,0.4701473683238766,False,True,False,True,False,False,0.12433077261680944,71.64860968183098
340,NOOO,3500,13600,8.13,119.51100000000001,1957.8924259819105,0.4686878977825254,3052.752374507614,0.029819974680700183,0.14396267838102283,0.2743359832219253,0.3338915744115916,0.45752534245158705,0.14396267838102283,0.45752534245158705,False,True,False,True,False,False,0.1135626640705642,71.9273379381014
341,NOOO,3500,13700,8.085,118.8495,1947.1972455966975,0.46930227939540414,3194.243563949402,0.03090063002198553,0.1421311858099779,0.2706622507398274,0.3280047599447769,0.4454615113313889,0.1421311858099779,0.4454615113313889,False,True,False,True,False,False,0.10333032552141097,72.20135464178762
342,NOOO,3500,13800,8.040000000000001,118.188,1936.4393586479684,0.46990017528080497,3336.0343774355597,0.03199597023414057,0.1403216926556499,0.2670439054931225,0.322266751905478,0.43391882505427826,0.1403216926556499,0.43391882505427826,False,True,False,True,False,False,0.09359713239862835,72.4706280869663
343,NOOO,3500,13900,7.995,117.5265,1925.6196137341365,0.470481683911582,3478.128641553619,0.033105737480394935,0.13853378516072926,0.2634792037912917,0.3166717998840344,0.42286390864553736,0.13853378516072926,0.42286390864553736,False,True,False,True,False,False,0.08433012348480809,72.73512613850652
344,NOOO,3500,14000,7.95,116.865,1914.7388500275167,0.4710468983099893,3620.5338505808654,0.03422966558073651,0.1367670607162512,0.25996675692019794,0.3112138420834069,0.4122658396672491,0.1367670607162512,0.4122658396672491,False,True,False,True,False,False,0.07549877895099791,72.99481622359524
345,NOOO,3500,14100,7.8950000000000005,116.0565,1901.087763200673,0.47161363024460057,3775.6724908260267,0.035504671767921034,0.13482891937593425,0.25613459115787907,0.3053268955072896,0.40103925429657805,0.13482891937593425,0.40103925429657805,False,True,False,True,False,False,0.06621033492064379,73.19028655867801
346,NOOO,3500,14200,7.84,115.24799999999999,1887.3631975761107,0.47216066910844984,3931.2111207006787,0.036798959293316155,0.13291290123775426,0.2523572209774301,0.29958528648177635,0.3902863819234091,0.13291290123775426,0.3902863819234091,False,True,False,True,False,False,0.06708709876224575,73.37949651543087
347,NOOO,3500,14300,7.785,114.4395,1873.5661367209439,0.4726880223381014,4087.158571493183,0.03811221244213706,0.13101861095950657,0.24863322710925653,0.29398305631282584,0.37997690687794683,0.13101861095950657,0.37997690687794683,False,True,False,True,False,False,0.06898138904049345,73.56239162094806
348,NOOO,3500,14400,7.73,113.631,1859.697558243205,0.47319568958555436,4243.519138773576,0.03944410245003715,0.12914566376688924,0.24496123525856953,0.2885145543440634,0.370083644871142,0.12914566376688924,0.370083644871142,False,True,False,True,False,False,0.07085433623311077,73.73891646135996
349,NOOO,3500,14500,7.675000000000001,112.8225,1845.75843414304,0.47368366263436135,4400.303114718961,0.04079430416489626,0.1272936851133131,0.24133991850316494,0.28317442179681696,0.3605806921586851,0.1272936851133131,0.3605806921586851,False,True,False,True,False,False,0.07270631488668691,73.90901465820131
350,NOOO,3500,14600,7.62,112.014,1831.7497320002701,0.47415192527159683,4557.5174620700855,0.04216248152852765,0.1254623104109774,0.2377679955154233,0.2779575746997173,0.35144463170589285,0.1254623104109774,0.35144463170589285,False,True,False,True,False,False,0.0745376895890226,74.07262884400437
351,NOOO,3500,14700,7.565,111.2055,1817.6724141078705,0.4746004532359339,4715.169341177913,0.043548293137094955,0.12365118463318847,0.23424423192979246,0.27285918818257354,0.34265379732063167,0.12365118463318847,0.34265379732063167,False,True,False,True,False,False,0.07634881536681154,74.22970063708549
352,NOOO,3500,14800,7.510000000000001,110.397,1803.5274380010214,0.47502921412039856,4873.265882964639,0.04495139227197302,0.12185996202709605,0.23076743693416746,0.2678746804776762,0.33418814181306705,0.12185996202709605,0.33418814181306705,False,True,False,True,False,False,0.07814003797290396,74.38017061549243
353,NOOO,3500,14900,7.455,109.5885,1789.3157569392426,0.4754381672387629,5031.814110659226,0.0463714270799551,0.1200883058348485,0.22733646139421876,0.2629996983663002,0.3260290982826761,0.1200883058348485,0.3260290982826761,False,True,False,True,False,False,0.07991169416515151,74.52397829007809
354,NOOO,3500,15000,7.4,108.78,1775.0383201433224,0.475827263509123,5190.822902886297,0.04780806499913234,0.11833588800955483,0.22395019666868882,0.2582298911930872,0.318159380714703,0.11833588800955483,0.318159380714703,False,True,False,True,False,False,0.08166411199044518,74.66106207666365
355,NOOO,3500,15100,7.329000000000001,107.7363,1756.2441988057817,0.47619158437674064,5370.924399066678,0.04952929659879828,0.11630756283481998,0.22005176298918325,0.25279791294735937,0.30933555743175944,0.11630756283481998,0.30933555743175944,False,True,False,True,False,False,0.08369243716518003,74.68409779899093
356,NOOO,3500,15200,7.258,106.6926,1737.362765473674,0.47652799858723677,5551.681198754628,0.05127682898158113,0.1143001819390575,0.21620241929359663,0.2474858679693095,0.300841249320844,0.1143001819390575,0.300841249320844,False,True,False,False,False,False,0.08569981806094251,74.69752794966875
357,NOOO,3500,15300,7.187,105.6489,1718.3953293445622,0.47683617831078207,5733.1083020321375,0.05305018921777801,0.11231342021859884,0.21240094491991013,0.24228900815911128,0.29265662846451806,0.11231342021859884,0.29265662846451806,False,True,False,False,False,False,0.08768657978140117,74.70123083270946
358,NOOO,3500,15400,7.1160000000000005,104.6052,1699.3432084682872,0.47711577519859877,5915.217704136551,0.054848882452454145,0.11034696158884982,0.2086461577928389,0.23720280463404228,0.2847637056040351,0.11034696158884982,0.2847637056040351,False,True,False,False,False,False,0.08965303841115019,74.69508176021283
359,NOOO,3500,15500,7.045,103.5615,1680.2077302392472,0.4773664196098544,6098.02147656962,0.05667239840308128,0.10840049872511272,0.2049369368385263,0.2322229400882524,0.27714576936021307,0.10840049872511272,0.27714576936021307,False,True,True,False,False,False,0.0915995012748873,74.6789529459432
360,NOOO,3500,15600,6.974,102.5178,1660.9902318731165,0.47758771978546033,6281.531656470014,0.0585202114380959,0.10647373281237926,0.2012721931772594,0.22734531191398008,0.2697872946713292,0.10647373281237926,0.2697872946713292,False,True,True,False,False,False,0.09352626718762075,74.65271339396531
361,NOOO,3500,15700,6.9030000000000005,101.4741,1641.6920608305586,0.477779260990589,6465.7602479778025,0.06039178082928938,0.10456637330130947,0.19765086340254626,0.22256601807221207,0.26267384597223314,0.10456637330130947,0.26267384597223314,False,True,True,False,False,False,0.0977827632961443,74.61622878205513
362,NOOO,3500,15800,6.832000000000001,100.4304,1622.3145750578192,0.47794060459990967,6650.718559171548,0.06228654794482671,0.10267813766188728,0.19407195480177325,0.2178813562987257,0.2557920039832748,0.10267813766188728,0.2557920039832748,False,True,True,False,False,False,0.10324990753633949,74.56936133958284
363,NOOO,3500,15900,6.761,99.38669999999999,1602.8591432645655,0.4780712871377093,6836.418964531219,0.06420395356386403,0.10080875114871482,0.19053449681128187,0.21328780539910305,0.24912913349467491,0.10080875114871482,0.24912913349467491,False,True,True,False,False,False,0.10865675204000333,74.51196971954441
364,NOOO,3500,16000,6.69,98.343,1583.3271449779525,0.4781708192622679,7022.869178567073,0.06614337171662502,0.09895794656112203,0.1870375412488431,0.20878202547894534,0.24267392982904717,0.09895794656112203,0.24267392982904717,False,True,True,False,False,False,0.1140045121900349,74.44390886439483
365,NOOO,3500,16100,6.596,96.96119999999999,1557.1459809793635,0.4781596087057668,7241.372210799531,0.06857288426868154,0.09671714167573686,0.18282235837793673,0.2034045631446994,0.23507836377101993,0.09671714167573686,0.23507836377101993,False,True,True,False,False,False,0.12046049994632643,74.18786101808105
366,NOOO,3500,16200,6.502000000000001,95.5794,1530.8544973666064,0.47809764336845184,7461.052393787295,0.07104090286021547,0.09449719119546954,0.17865296597675126,0.1981323709259406,0.22773580800497586,0.09449719119546954,0.22773580800497586,False,True,True,False,False,False,0.12871747190183863,73.91542638922141
367,NOOO,3500,16300,6.408,94.1976,1504.4581385222282,0.4779832745751278,7681.927373834372,0.07354640590632086,0.09229804530811216,0.17452828874206178,0.1929614377365644,0.2206315149109741,0.09229804530811216,0.2206315149109741,False,True,True,False,False,False,0.1402122282132617,73.62628129674428
368,NOOO,3500,16400,6.314,92.8158,1477.958023832584,0.47781492636542605,7904.023858227722,0.07608837952718618,0.09011939169710878,0.17044728931415262,0.1878874469458482,0.21375159947564287,0.09011939169710878,0.21375159947564287,False,True,True,False,False,False,0.15154587204289044,73.32008999378901
369,NOOO,3500,16500,6.220000000000001,91.43400000000001,1451.3567366582918,0.4775908713678652,8127.360912354661,0.0786657155803781,0.08796101434292677,0.1664089897431052,0.1829067518679842,0.2070833161203569,0.08796101434292677,0.2070833161203569,False,True,True,False,False,False,0.16272324404598387,72.99650401973338
370,NOOO,3500,16600,6.126,90.0522,1424.6569512747083,0.4773092765157443,8351.961978092599,0.08127729721892836,0.08582270790811496,0.16241245791745101,0.1780155443096687,0.20061466432316402,0.08582270790811496,0.20061466432316402,False,True,True,False,False,False,0.17374928986476534,72.65516150674276
371,NOOO,3500,16700,6.032,88.6704,1397.8614392092338,0.47696819605561397,8577.846443344588,0.08392187887531846,0.0837042777969601,0.158456806513868,0.17321054904140074,0.19433444210351947,0.0837042777969601,0.19433444210351947,False,True,True,False,False,False,0.19029392454425173,72.295686436885
372,NOOO,3500,16800,5.938,87.28859999999999,1370.9730760864975,0.4765655640205549,8805.027227641418,0.08659819630225672,0.0816055402432439,0.15454119204875846,0.1684884758937452,0.1882329093511062,0.0816055402432439,0.1882329093511062,False,True,True,False,False,False,0.2071318824631463,71.91768784544195
373,NOOO,3500,16900,5.844,85.9068,1343.9948490338788,0.4760991861255776,9033.528868288951,0.08930493005769718,0.07952632242804017,0.15066481401796444,0.16384625536734676,0.18229979979561778,0.07952632242804017,0.18229979979561778,False,True,True,False,False,False,0.2236628083910309,71.52075896558718
374,NOOO,3500,17000,5.75,84.52499999999999,1316.9298646951981,0.47556673103785463,9263.36599927382,0.09204072505937509,0.0774664626291293,0.1468269141135781,0.15928098465309976,0.17652632181021508,0.0774664626291293,0.17652632181021508,False,True,True,False,False,False,0.23989931679397783,71.10447630907773
375,ONOO,3500,8000,9.81,144.207,3947.3679603075675,0.31816732584370855,7.547566068418751e-10,0.001100521073767311,0.49342099503844594,0.42485543743287085,0.9999999999999998,0.9999999999986872,0.42485543743287085,0.9999999999999998,True,False,False,True,False,False,1.3182764324700036,47.48850180531256
376,ONOO,3500,8100,9.789,143.89829999999998,3946.246949931763,0.32006607788485775,6.729709943810552e-10,0.0011575771441228295,0.48719098147305717,0.4149668587677172,0.9999999999974754,0.9999999999999444,0.4149668587677172,0.9999999999999444,True,False,False,True,False,False,1.302157840238194,48.02069288314937
377,ONOO,3500,8200,9.768,143.5896,3945.006672734652,0.3219386922246179,6.253738832019349e-10,0.0012161110518014225,0.48109837472373806,0.40552427804676555,0.9999999999999181,0.9999999999999999,0.40552427804676555,0.9999999999999999,True,False,False,True,False,False,1.2866226527704214,48.5512721929813
378,ONOO,3500,8300,9.747,143.2809,3943.6485050129954,0.32378562758675156,4.85972048004252e-10,0.0012761108671587047,0.47513837409795123,0.3964974255714287,0.9999999995661388,0.9999999999999998,0.3964974255714287,0.9999999999999998,True,False,False,True,False,False,1.2751383736640898,49.08023589068598
379,ONOO,3500,8400,9.726,142.97220000000002,3942.1738038259814,0.3256073317561632,4.011945947157046e-10,0.0013375639266888398,0.46930640521737876,0.3878583822310482,0.9999999627840278,0.9999999999999999,0.3878583822310482,0.9999999999999999,True,False,False,True,False,False,1.2693063680014065,49.60758011287864
380,ONOO,3500,8500,9.705,142.6635,3940.583907408241,0.32740424189747075,2.0940521509784966e-10,0.0014004538441010973,0.4635981067539107,0.3795828159895487,0.9999999986342462,0.9999999999999999,0.3795828159895487,0.9999999999999999,True,False,False,True,False,False,1.2635981053881566,50.133300976769526
381,ONOO,3500,8600,9.684,142.35479999999998,3938.87829192092,0.3291768601207014,9.319800022381465e-11,0.0014647679276358241,0.4580091037117349,0.37164685873957987,0.9999999924127441,0.9999999999999999,0.37164685873957987,0.9999999999999999,True,False,False,True,False,False,1.2580090961244788,50.6573945800199
382,ONOO,3500,8700,9.663,142.0461,3937.0627202015676,0.33092542108082085,1.378856624835377e-05,0.0015504952366869062,0.4525359448507549,0.36402977197210157,0.9928882816035794,0.9999999834394483,0.36402977197210157,0.9999999834394483,True,False,False,True,False,False,1.2454242098937827,51.179857000596655
383,ONOO,3500,8800,9.642,141.73739999999998,3935.135540604407,0.3326504518565206,8.358939849113247e-05,0.001717116160734421,0.4471744932505008,0.35671194311721055,0.9606827285514928,0.9999999956195021,0.35671194311721055,0.9999999956195021,True,False,False,True,False,False,1.2078572174214957,51.70068429662546
384,ONOO,3500,8900,9.621,141.4287,3933.098146727905,0.3343523448875228,0.0001625596034557043,0.0018940006808206582,0.44192114008178707,0.3496755189146,0.9304446613356921,0.9999999999999993,0.3496755189146,0.9999999999999993,True,False,False,True,False,False,1.1723658014174785,52.2198725062425
385,ONOO,3500,9000,9.6,141.11999999999998,3930.951865329417,0.33603148547221795,0.00030490160835014446,0.0020813505266469917,0.43677242948104633,0.34290403227788074,0.9020012125990615,0.999999999999616,0.34290403227788074,0.999999999999616,True,False,False,True,False,False,1.1387736420797236,52.7374176474448
386,ONOO,3500,9100,9.576,140.7672,3927.4924003860788,0.33772614472734847,0.00035003265127167115,0.0022855230819349417,0.43159257147099767,0.3362153567115753,0.8745202949386902,0.9999999999999996,0.3362153567115753,0.9999999999999996,True,False,False,True,False,False,1.1061128664096875,53.24329630064714
387,ONOO,3500,9200,9.552,140.4144,3923.9200707660398,0.33939841048621133,0.00045518515445899755,0.002501344323624723,0.4265130511702217,0.32977072870719243,0.8486050044375616,0.99999999999747,0.32977072870719243,0.99999999999747,True,False,False,True,False,False,1.0751180556052533,53.74726958904104
388,ONOO,3500,9300,9.527999999999999,140.06159999999997,3920.2360979174596,0.34104863586143197,0.0005665041960135724,0.0027290397240775843,0.4215307632169311,0.32355650722541024,0.8241230482049166,0.9999999999999474,0.32355650722541024,0.9999999999999474,True,False,False,True,False,False,1.045653811421795,54.249332149252595
389,ONOO,3500,9400,9.504,139.7088,3916.4416810759285,0.3426771664462609,0.000697479410768231,0.0029688009393816373,0.4166427320293541,0.31756005149268496,0.8009609703005983,0.9999999725732868,0.31756005149268496,0.9999999725732868,True,False,False,True,False,False,1.017603674903239,54.749478586339364
390,ONOO,3500,9500,9.48,139.356,3912.5380005879115,0.3442843403936629,0.001302018441905304,0.003220827637843976,0.4118461053250433,0.3117693723989739,0.7790135066218239,0.9999999999989684,0.3117693723989739,0.9999999999989684,True,False,False,True,False,False,0.9908596119458355,55.24770347351634
391,ONOO,3500,9600,9.456,139.0032,3908.526219960616,0.3458704885435567,0.0013006584222269638,0.0034852847987637135,0.40713814791256414,0.30617421925992505,0.758188632385123,0.999999999999981,0.30617421925992505,0.999999999999981,True,False,False,True,False,False,0.9653267802976682,55.74400135187871
392,ONOO,3500,9700,9.431999999999999,138.65039999999996,3904.4074871495145,0.3474359345733274,0.0009891951891508664,0.003762338049326136,0.40251623578860973,0.3007639948082766,0.7384021911276214,0.9999999998265623,0.3007639948082766,0.9999999998265623,True,False,False,True,False,False,0.9409184267427934,56.238366730121435
393,ONOO,3500,9800,9.408,138.2976,3900.1829353753415,0.34898099516058445,0.0010749184169369065,0.00405213460636429,0.3979778505485042,0.29552928338327444,0.7195782405196436,0.9999999995434252,0.29552928338327444,0.9999999995434252,True,False,False,True,False,False,0.9195782400630688,56.730794084255656
394,ONOO,3500,9900,9.384,137.9448,3895.8536836935014,0.350505980151877,0.0011528610332739338,0.004354807504194286,0.39352057411045466,0.29046128929803494,0.7016479534113539,0.9999999967850458,0.29046128929803494,0.9999999967850458,True,False,False,True,False,False,0.9016479501963997,57.22127785732177
395,ONOO,3500,10000,9.36,137.59199999999998,3891.4208373768633,0.3520111927305935,0.0012165415602549013,0.0046704667728397434,0.38914208373768633,0.2855517910023296,0.6845498757370271,0.9999999896517415,0.2855517910023296,0.9999999896517415,True,False,False,True,False,False,0.8845498653887686,57.70981245909931
396,ONOO,3500,10100,9.331999999999999,137.1804,3885.2340496716174,0.35354470539826455,0.001242822727119737,0.005013674703884672,0.38467663858134826,0.2806163600203211,0.6676286349448166,0.9999999865324667,0.2806163600203211,0.9999999865324667,True,False,False,True,False,False,0.8676286214772833,58.18128972506818
397,ONOO,3500,10200,9.304,136.7688,3878.9369234942737,0.35505844351459775,0.001234049738383305,0.005371508172985187,0.3802879336759092,0.2758316737072184,0.651472367997057,0.9999999933403169,0.2758316737072184,0.9999999933403169,True,False,False,True,False,False,0.8514723613373738,58.65044663931253
398,ONOO,3500,10300,9.276,136.35719999999998,3872.5305356647086,0.35655268070794405,0.0011951251408091165,0.005744079430544196,0.37597383841404936,0.27119054201013715,0.6360296836824836,0.9999999992881958,0.27119054201013715,0.9999999992881958,True,False,False,True,False,False,0.8360296829706794,59.117275277450254
399,ONOO,3500,10400,9.248,135.94559999999998,3866.015951777686,0.3580276849183476,0.0011328661676763337,0.006131464925171704,0.3717323030555467,0.2666862272383744,0.6212553695941853,0.9999999999496261,0.2666862272383744,0.9999999999496261,True,False,False,True,False,False,0.8212553695438113,59.581767658865054
400,ONOO,3500,10500,9.219999999999999,135.53399999999996,3859.3942263484983,0.3594837185307735,0.0010423174026405722,0.006533741436213299,0.36756135489033315,0.2623124095382233,0.6071056034448632,0.999999999999999,0.2623124095382233,0.999999999999999,True,False,False,True,False,False,0.8071056034448622,60.04391574611878
401,ONOO,3500,10600,9.192,135.1224,3852.666402951643,0.36092103850460827,0.0009182978273553236,0.006950951229380218,0.3634590946180795,0.25806315506720456,0.5935415525781793,0.9999999999999997,0.25806315506720456,0.9999999999999997,True,False,False,True,False,False,0.7935415525781789,60.5037114443558
402,ONOO,3500,10700,9.164,134.71079999999998,3845.8321842798487,0.3623399425431529,0.0007842933515351458,0.007383119425207801,0.35942356862428493,0.25393284332452326,0.5805271950911383,0.9999999995764542,0.25393284332452326,0.9999999995764542,True,False,False,True,False,False,0.7805271946675925,60.96114660069927
403,ONOO,3500,10800,9.136,134.29919999999998,3838.8957239301726,0.3637405687424814,0.0007281700111496162,0.007830234459888119,0.3554533077713123,0.249916332039384,0.5680297750445631,0.9999999437861448,0.249916332039384,0.9999999437861448,True,False,False,True,False,False,0.7680297188307078,61.416213003639086
404,ONOO,3500,10900,9.108,133.8876,3831.856071171447,0.36512322642297795,0.0005054047920969723,0.008292280487293451,0.3515464285478392,0.24600861558844336,0.5560182720478873,0.9999999676503447,0.24600861558844336,0.9999999676503447,True,False,False,True,False,False,0.756018239698232,61.868902382411186
405,ONOO,3500,11000,9.08,133.476,3824.714279789394,0.3664881502453549,0.0006253432566778738,0.008769196619277338,0.3477012981626722,0.24220504111497024,0.5444653804256054,0.9999998520959019,0.24220504111497024,0.9999998520959019,True,False,False,True,False,False,0.7444652325215073,62.31920640636851
406,ONOO,3500,11100,9.049,133.0203,3816.1986705611357,0.36786906301150535,0.00021551203718049583,0.009277830686554099,0.34380168203253475,0.238391298811779,0.5330193375852733,0.9999999602755891,0.238391298811779,0.9999999602755891,True,False,False,True,False,False,0.7330192978608624,62.75439100722609
407,ONOO,3500,11200,9.018,132.5646,3807.576077555798,0.369232199061663,0.0007976972579672587,0.009802486188729777,0.33996214978176764,0.23467681450131547,0.5219992710352122,0.9999997097466505,0.23467681450131547,0.9999997097466505,True,False,False,True,False,False,0.7219989807818626,63.186884160477085
408,ONOO,3500,11300,8.987,132.1089,3798.8475006366984,0.3705777720019438,87.81832201158724,0.010386701474293897,0.33618119474661046,0.23105720133139634,0.5113813203550118,0.9688403165607157,0.23105720133139634,0.9688403165607157,True,False,False,True,False,False,0.6802216369157275,63.616675235383546
409,ONOO,3500,11400,8.956,131.6532,3790.0139247442175,0.3719059912797532,207.71614684265103,0.011001032579594953,0.33245736181966823,0.22752938640111564,0.5011439073976706,0.9291680585751876,0.22752938640111564,0.9291680585751876,True,False,False,True,False,False,0.6303119659728581,64.04375351450166
410,ONOO,3500,11500,8.925,131.1975,3781.0763219922633,0.3732170622079451,327.74958346157587,0.01162918321623076,0.3287892453906316,0.22408890280222485,0.49126614607991226,0.8924320729374355,0.22408890280222485,0.8924320729374355,True,False,False,True,False,False,0.5836982190173478,64.46810819264249
411,ONOO,3500,11600,8.894,130.74179999999998,3772.0356531330185,0.37451118600162725,447.91700238896493,0.012270920890015264,0.3251754873390533,0.22073251602013366,0.4817291059754912,0.8583210484281537,0.22073251602013366,0.8583210484281537,True,False,False,True,False,False,0.5400501544036449,64.88972837581649
412,ONOO,3500,11700,8.863,130.28609999999998,3762.8928685709375,0.37578855982914094,568.2157652732595,0.012926023256043227,0.32161477509153313,0.21745694290916714,0.47251494023222157,0.8265666428314326,0.21745694290916714,0.8265666428314326,True,False,False,True,False,False,0.4990815830636541,65.30860308016139
413,ONOO,3500,11800,8.831999999999999,129.83039999999997,3753.648909091753,0.37704937687450896,688.6562912961671,0.013594265880042256,0.3181058397535384,0.21425906200434425,0.46360743571855567,0.7969320375915689,0.21425906200434425,0.7969320375915689,True,False,False,True,False,False,0.46053947331012457,65.72472123085316
414,ONOO,3500,11900,8.801,129.3747,3744.304706371062,0.3782938264005645,809.2399435181632,0.01427542580048685,0.31464745431689595,0.21113591289830644,0.45499088567596024,0.7692135169738428,0.21113591289830644,0.7692135169738428,True,False,False,True,False,False,0.42420440264980297,66.13807166099961
415,ONOO,3500,12000,8.77,128.91899999999998,3734.8611833117275,0.37952209381740964,929.9730275809534,0.014969276931299473,0.31123843194264394,0.20808468601441554,0.4466508915840256,0.7432312040159573,0.20808468601441554,0.7432312040159573,True,False,False,True,False,False,0.3898820955999829,66.54864311051642
416,ONOO,3500,12100,8.733,128.3751,3722.703961210243,0.3807960531398985,1057.9554463479008,0.015726565170690078,0.30766148439754076,0.20491436608249017,0.4380726657877011,0.7173366829996108,0.20491436608249017,0.7173366829996108,True,False,False,True,False,False,0.3554093487873119,66.92797013595455
417,ONOO,3500,12200,8.696,127.8312,3710.4349600084515,0.38205305069349466,1186.1166586416111,0.016498920452831457,0.30413401311544686,0.20181601563306686,0.4297680286820049,0.6930360371555683,0.20181601563306686,0.6930360371555683,True,False,False,True,False,False,0.32280406583757315,67.30386501290583
418,ONOO,3500,12300,8.658999999999999,127.28729999999997,3698.0551041307863,0.3832932413130317,1314.4610990411138,0.01728610867548224,0.30065488651469807,0.19878697091753025,0.42172361000319414,0.6701871157547519,0.19878697091753025,0.6701871157547519,True,False,False,True,False,False,0.29312375484041575,67.6763106281945
419,ONOO,3500,12400,8.622,126.7434,3685.5653123268385,0.3845167763468051,1442.9918977672546,0.018087891517378246,0.297223009058616,0.1958247003818686,0.4139268832359947,0.6486644121652613,0.1958247003818686,0.6486644121652613,True,False,False,True,False,False,0.2667665950193873,68.0452896941884
420,ONOO,3500,12500,8.585,126.1995,3672.9664977435705,0.385723803703164,1571.7154028514874,0.018904030319323452,0.29383731981948563,0.19292679659949472,0.4063661012385473,0.6283556681772083,0.19292679659949472,0.6283556681772083,True,False,False,True,False,False,0.24179497281626086,68.41078474619304
421,ONOO,3500,12600,8.548,125.65559999999999,3660.2595679891006,0.38691446789643297,1700.6393217651105,0.0197342894643683,0.29049679111024607,0.19009096878605,0.3990299992757163,0.6091606592009257,0.19009096878605,0.6091606592009257,True,False,False,True,False,False,0.21906969041487565,68.77277813979522
422,ONOO,3500,12700,8.511,125.11169999999998,3647.445425186127,0.3880889100912424,1829.758455457319,0.020578405365931217,0.28720042718001,0.18731503584431933,0.3919088333820004,0.5909921046959441,0.18731503584431933,0.5909921046959441,True,False,False,True,False,False,0.20367706885162476,69.13125204815385
423,ONOO,3500,12800,8.474,124.56779999999999,3634.5249660229156,0.38924726814537114,1959.0855684729786,0.021436146172522007,0.2839472629705403,0.18459691990315216,0.3849924010197107,0.5737684463611045,0.18459691990315216,0.5737684463611045,True,False,False,True,False,False,0.1891715264579523,69.48618845923801
424,ONOO,3500,12900,8.437000000000001,124.02390000000001,3621.499081802531,0.39038967665122026,2088.6222254273316,0.022307249349331194,0.28073636293042875,0.18193479289410497,0.3782716278331181,0.5574182794133717,0.18193479289410497,0.5574182794133717,True,False,False,True,False,False,0.17548348651926676,69.83756917300983
425,ONOO,3500,13000,8.4,123.48,3608.367579638305,0.3915163337836385,2218.38121187805,0.02319150938779864,0.27756673689525424,0.1793263407025803,0.37173772544724726,0.5418753959884717,0.1793263407025803,0.5418753959884717,True,False,False,True,False,False,0.16254905528589136,70.18537579855156
426,ONOO,3500,13100,8.355,122.8185,3591.548173772003,0.3927012225969696,2357.9965950226006,0.0241765026199812,0.27416398273068726,0.17654984820383537,0.3648453397439494,0.5258491195332157,0.17654984820383537,0.5258491195332157,True,False,False,True,False,False,0.14929927132938028,70.48720068411039
427,ONOO,3500,13200,8.31,122.157,3574.605494323888,0.3938687369921982,2497.8824933770393,0.02517826753862513,0.27080344653968846,0.17382907223237892,0.35814524267853287,0.5106193499261484,0.17382907223237892,0.5106193499261484,True,False,False,True,False,False,0.1367902776937695,70.78446639071659
428,ONOO,3500,13300,8.265,121.4955,3557.54048556518,0.3950189590697342,2638.0423317157765,0.026196536064046216,0.2674842470349759,0.17116209541652685,0.3516289192541539,0.4961283647263858,0.17116209541652685,0.4961283647263858,True,False,False,True,False,False,0.12496626930985891,71.07714323856307
429,ONOO,3500,13400,8.22,120.834,3540.3540938099504,0.3961519671324368,2778.4814585659938,0.027231034434297707,0.26420552938880226,0.1685471291389747,0.3452883499472755,0.48232346618897126,0.1685471291389747,0.48232346618897126,True,False,False,True,False,False,0.11377633704999654,71.3652011579547
430,ONOO,3500,13500,8.175,120.1725,3523.0472474771636,0.39726783664571996,2919.2055567988245,0.028281485736157675,0.2609664627760862,0.1659824654404123,0.3391159654519905,0.46915672511270307,0.1659824654404123,0.46915672511270307,True,False,False,True,False,False,0.10317425967229074,71.64860968183098
431,ONOO,3500,13600,8.13,119.51100000000001,3505.620856651034,0.3983666403969155,3060.2217291424395,0.029347611251449482,0.25776623945963484,0.16346647224574148,0.33310461608737635,0.4565842537163366,0.16346647224574148,0.4565842537163366,True,False,False,True,False,False,0.0931177814705951,71.9273379381014
432,ONOO,3500,13700,8.085,118.8495,3488.0758359148776,0.3994484471078184,3201.5315346060515,0.030429123905461937,0.25460407561422466,0.16099758981227522,0.3272475444164691,0.44456696939023477,0.16099758981227522,0.44456696939023477,True,False,False,True,False,False,0.08356937957795954,72.20135464178762
433,ONOO,3500,13800,8.040000000000001,118.188,3470.4130978738385,0.4005133220828075,3343.14531265386,0.03152574656250334,0.2514792099908579,0.15857432664301618,0.32153819021632296,0.43306778626210396,0.15857432664301618,0.43306778626210396,True,True,False,True,False,False,0.07449345961908777,72.4706280869663
434,ONOO,3500,13900,7.995,117.5265,3452.633543999278,0.40156132783695564,3485.0641479532155,0.03263717585647851,0.24839090244599124,0.15619525572657963,0.3159709325530348,0.42205377977242414,0.15619525572657963,0.42205377977242414,True,True,False,True,False,False,0.0658585240458445,72.73512613850652
435,ONOO,3500,14000,7.95,116.865,3434.73807656948,0.4025925232475691,3627.2957369428996,0.033763130820997286,0.24533843404067715,0.15385901123216883,0.31053973339842694,0.4114942361318794,0.15385901123216883,0.4114942361318794,True,True,False,True,False,False,0.05763522489971057,72.99481622359524
436,ONOO,3500,14100,7.8950000000000005,116.0565,3412.1118837306262,0.4036867323740645,3782.2373960610603,0.035040793856537876,0.24199375061919334,0.15131827368643055,0.3046815769159791,0.40030794135674247,0.15131827368643055,0.40030794135674247,True,True,False,True,False,False,0.048989667670311904,73.19028655867801
437,ONOO,3500,14200,7.84,115.24799999999999,3389.3438280811984,0.40476133662016445,3937.581623160207,0.03633816009657799,0.23868618507614073,0.14882286279896786,0.29896771439172704,0.38959294428006747,0.14882286279896786,0.38959294428006747,False,True,False,True,False,False,0.05117713720103215,73.37949651543087
438,ONOO,3500,14300,7.785,114.4395,3366.4348546707674,0.40581630350931913,4093.337470042481,0.037654895879007035,0.23541502480215157,0.1463713710378204,0.2933922173681541,0.37931912242621973,0.1463713710378204,0.37931912242621973,False,True,False,True,False,False,0.0536286289621796,73.56239162094806
439,ONOO,3500,14400,7.73,113.631,3343.3859158728624,0.4068515951235306,4249.509399158434,0.0389906539837811,0.232179577491171,0.14396245136321925,0.28794946646569186,0.3694594636102544,0.14396245136321925,0.3694594636102544,False,True,False,True,False,False,0.05603754863678076,73.73891646135996
440,ONOO,3500,14500,7.675000000000001,112.8225,3320.1979717930535,0.4078671679906771,4406.10780144132,0.04034509048464891,0.22897917046848645,0.14159481408672664,0.28263413385500885,0.35998822450015683,0.14159481408672664,0.35998822450015683,False,True,False,True,False,False,0.05840518591327337,73.90901465820131
441,ONOO,3500,14600,7.62,112.014,3296.871990817993,0.40886297292935475,4563.139724317326,0.04171785048595089,0.2258131500560269,0.1392672239207296,0.2774411660463146,0.35088213020622633,0.1392672239207296,0.35088213020622633,False,True,False,True,False,False,0.06073277607927041,74.07262884400437
442,ONOO,3500,14700,7.565,111.2055,3273.4089563387656,0.40983895462070574,4720.612410854025,0.04310857388603086,0.2226808813835895,0.1369784972717932,0.2723657674142718,0.3421196419910686,0.1369784972717932,0.3421196419910686,False,True,False,True,False,False,0.06302150272820681,74.22970063708549
443,ONOO,3500,14800,7.510000000000001,110.397,3249.80984075993,0.4107950524964922,4878.533081901426,0.04451689546693814,0.21958174599729258,0.13472749937605424,0.2674033840766369,0.33368082678142325,0.13472749937605424,0.33368082678142325,False,True,False,True,False,False,0.06527250062394577,74.38017061549243
444,ONOO,3500,14900,7.455,109.5885,3226.075625206477,0.4117311997853194,5036.908840960657,0.04594244493905288,0.2165151426313072,0.13251314205273376,0.26254968982712446,0.3255472207313964,0.13251314205273376,0.3255472207313964,False,True,False,True,False,False,0.06748685794726625,74.52397829007809
445,ONOO,3500,15000,7.4,108.78,3202.207318691928,0.41264732272513477,5195.748632519155,0.04738487129407532,0.2134804879127952,0.13033438147130583,0.25780035988824185,0.3177016313794872,0.13033438147130583,0.3177016313794872,False,True,False,True,False,False,0.06966561852869418,74.66106207666365
446,ONOO,3500,15100,7.329000000000001,107.7363,3170.585000935183,0.41364370175709686,5375.649873671369,0.04911323558350924,0.20997251661822403,0.1278331045272967,0.2523915049381993,0.3089046000639186,0.1278331045272967,0.3089046000639186,False,True,False,True,False,False,0.0721668954727033,74.68409779899093
447,ONOO,3500,15200,7.258,106.6926,3138.780543919077,0.414613294946012,5556.211524255068,0.05086824753578451,0.20649871999467612,0.12537185198884346,0.24710158196484006,0.3004355739079905,0.12537185198884346,0.3004355739079905,False,True,False,False,False,False,0.07462814801115655,74.69752794966875
448,ONOO,3500,15300,7.187,105.6489,3106.7951388287183,0.4155557482674298,5737.448548339942,0.05264940700917441,0.2030585058057986,0.12294945373408259,0.24192588037179308,0.2922748325980098,0.12294945373408259,0.2922748325980098,False,True,False,False,False,False,0.07705054626591742,74.70123083270946
449,ONOO,3500,15400,7.1160000000000005,104.6052,3074.6299571735535,0.4164706929892725,5919.372946946594,0.054456192508395694,0.19965129592036063,0.12056478981788177,0.23685990193713183,0.28440447941652364,0.12056478981788177,0.28440447941652364,False,True,False,False,False,False,0.07978391426175763,74.69508176021283
450,ONOO,3500,15500,7.045,103.5615,3042.2861937541406,0.41735774315012797,6101.996975458867,0.0562880684096275,0.1962765286292994,0.11821678900399825,0.23189935791469402,0.27680788114989424,0.11821678900399825,0.27680788114989424,False,True,True,False,False,False,0.08550668236670238,74.6789529459432
451,ONOO,3500,15600,6.974,102.5178,3009.765040749091,0.4182164957263319,6285.332803809637,0.0581444838958454,0.19293365645827507,0.11590442152404114,0.22704017420146042,0.26946958542074917,0.11590442152404114,0.26946958542074917,False,True,True,False,False,False,0.09116192201768382,74.65271339396531
452,ONOO,3500,15700,6.9030000000000005,101.4741,2977.067672072002,0.4190465302920223,6469.3923982082915,0.06002487265530455,0.1896221447179619,0.11362670130005774,0.22227847983660667,0.26237522759228804,0.11362670130005774,0.26237522759228804,False,True,True,False,False,False,0.09675115398198038,74.61622878205513
453,ONOO,3500,15800,6.832000000000001,100.4304,2944.195630642513,0.4198473898849913,6654.187142066002,0.061928650719129216,0.18634149561028565,0.11138268516001523,0.21761060000895086,0.25551144941190435,0.11138268516001523,0.25551144941190435,False,True,True,False,False,False,0.10227581922969914,74.56936133958284
454,ONOO,3500,15900,6.761,99.38669999999999,2911.150857190685,0.4206186018180811,6839.728713390684,0.06385523325553699,0.18309124887991732,0.10917147463033605,0.21303305528294614,0.2488656932243313,0.10917147463033605,0.2488656932243313,False,True,True,False,False,False,0.10773727648974665,74.51196971954441
455,ONOO,3500,16000,6.69,98.343,2877.933786476326,0.42135969224889247,7026.025884095129,0.0658039712895261,0.17987086165477037,0.10699219449382498,0.20854251280519845,0.2424266752910942,0.10699219449382498,0.2424266752910942,False,True,True,False,False,False,0.11313694385140467,74.44390886439483
456,ONOO,3500,16100,6.596,96.96119999999999,2833.1994213658977,0.42215391443789835,7244.3426807845835,0.06824510505625901,0.17597511933949675,0.10437249428029935,0.20318281930431925,0.2348498405292761,0.10437249428029935,0.2348498405292761,False,True,True,False,False,False,0.11965238638020392,74.18786101808105
457,ONOO,3500,16200,6.502000000000001,95.5794,2788.21216882465,0.42290112860797147,7463.843214069772,0.07072490283843758,0.17211186227312653,0.10179050134445926,0.1979273924004686,0.2275248677648583,0.10179050134445926,0.2275248677648583,False,True,True,False,False,False,0.12817024398194563,73.91542638922141
458,ONOO,3500,16300,6.408,94.1976,2742.974152453455,0.4235998467837198,7684.547554958614,0.0732423269117571,0.16828062284990522,0.09924519118853449,0.19277223654858758,0.22043702688833808,0.09924519118853449,0.22043702688833808,False,True,True,False,False,False,0.13970194941297273,73.62628129674428
459,ONOO,3500,16400,6.314,92.8158,2697.487648170235,0.4242484971740095,7906.481104319627,0.07579630817558757,0.16448095415672165,0.09673558773156672,0.1877130781385036,0.21357251763940258,0.09673558773156672,0.21357251763940258,False,True,True,False,False,False,0.15107037997320807,73.32008999378901
460,ONOO,3500,16500,6.220000000000001,91.43400000000001,2651.7550931579785,0.4248454184583752,8129.664683438771,0.07838572446242499,0.16071242988836235,0.09426062091649777,0.1827462952459686,0.20691862492867794,0.09426062091649777,0.20691862492867794,False,True,True,False,False,False,0.16228065394917132,72.99650401973338
461,ONOO,3500,16600,6.126,90.0522,2605.779095464694,0.42538885362711837,8354.118673596817,0.08100938074134573,0.15697464430510205,0.0918196243090218,0.177868144670896,0.20046344320666565,0.0918196243090218,0.20046344320666565,False,True,True,False,False,False,0.17333758671498017,72.65516150674276
462,ONOO,3500,16700,6.032,88.6704,2559.562444258067,0.4258769433382556,8579.863525216992,0.08366601047669436,0.15326721223102197,0.08941166758298094,0.1730753769227081,0.19419580211662787,0.08941166758298094,0.19419580211662787,False,True,True,False,False,False,0.19004994114666116,72.295686436885
463,ONOO,3500,16800,5.938,87.28859999999999,2513.1081207064303,0.42630771875203755,8806.911878561668,0.08635431362871586,0.14958976908966848,0.08703595235666234,0.1683647375774765,0.18810601921139147,0.08703595235666234,0.18810601921139147,False,True,True,False,False,False,0.20690352176480126,71.91768784544195
464,ONOO,3500,16900,5.844,85.9068,2466.4193094317325,0.4266790938007804,9035.28824510236,0.08907293663736987,0.14594197097229186,0.08469172101613082,0.1637331924957469,0.18218385788309605,0.08469172101613082,0.18218385788309605,False,True,True,False,False,False,0.22344925763273443,71.52075896558718
465,ONOO,3500,17000,5.75,84.52499999999999,2419.499423692177,0.42698885631820926,9265.006994782261,0.09182049169304671,0.14232349551130452,0.08237825543306368,0.1591778736560951,0.17642057360385796,0.08237825543306368,0.17642057360385796,False,True,True,False,False,False,0.2396998017956788,71.10447630907773
466,OONO,3500,8000,9.81,144.207,3947.3679603075675,0.31816732584370855,7.990577048156691e-11,0.0006090572031329156,0.49342099503844594,0.7988829326314393,0.9999999999076985,0.9999999999999352,0.49342099503844594,0.9999999999999352,True,False,False,True,False,False,1.6923039275775187,47.48850180531256
467,OONO,3500,8100,9.789,143.89829999999998,3946.246949931763,0.32006607788485775,9.18679959553996e-11,0.0006626205636518192,0.48719098147305717,0.7796368378772733,0.9999999560380926,0.9999999999999999,0.48719098147305717,0.9999999999999999,True,False,False,True,False,False,1.6668277753884229,48.02069288314937
468,OONO,3500,8200,9.768,143.5896,3945.006672734652,0.3219386922246179,8.780631391638584e-11,0.0007183729647155605,0.48109837472373806,0.7612758453642695,0.9999999997269837,0.9999999999999998,0.48109837472373806,0.9999999999999998,True,False,False,True,False,False,1.6423742198149909,48.5512721929813
469,OONO,3500,8300,9.747,143.2809,3943.6485050129954,0.32378562758675156,8.291833614817728e-11,0.0007762863436017217,0.47513837409795123,0.7437399932581272,0.9999999817367512,0.9999999999999998,0.47513837409795123,0.9999999999999998,True,False,False,True,False,False,1.6188783490928293,49.08023589068598
470,OONO,3500,8400,9.726,142.97220000000002,3942.1738038259814,0.3256073317561632,7.611693792483765e-11,0.0008363278267980351,0.46930640521737876,0.7269741586461305,0.9999999381323692,0.999999999997422,0.46930640521737876,0.999999999997422,True,False,False,True,False,False,1.5962805019933004,49.60758011287864
471,OONO,3500,8500,9.705,142.6635,3940.583907408241,0.32740424189747075,3.73712721731155e-11,0.0008984574945676722,0.4635981067539107,0.7109284254477694,0.999999999956218,0.9999999999999999,0.4635981067539107,0.9999999999999999,True,False,False,True,False,False,1.5745265321578978,50.133300976769526
472,OONO,3500,8600,9.684,142.35479999999998,3938.87829192092,0.3291768601207014,1.054593765403283e-10,0.0009626291034334857,0.4580091037117349,0.6955562243347685,0.9999997302220661,0.9999999999999999,0.4580091037117349,0.9999999999999999,True,False,False,True,False,False,1.5535650582685694,50.6573945800199
473,OONO,3500,8700,9.663,142.0461,3937.0627202015676,0.33092542108082085,7.890044640440193e-06,0.001048559538335009,0.4525359448507549,0.6808160935960049,0.9814785925012581,0.999999999999985,0.4525359448507549,0.999999999999985,True,False,False,True,False,False,1.5148306309480029,51.179857000596655
474,OONO,3500,8800,9.642,141.73739999999998,3935.135540604407,0.3326504518565206,4.164031668388766e-05,0.0011932041588660507,0.4471744932505008,0.6666685687697842,0.9202659858747863,0.9999999999999996,0.4471744932505008,0.9999999999999996,True,False,False,True,False,False,1.4341090478950709,51.70068429662546
475,OONO,3500,8900,9.621,141.4287,3933.098146727905,0.3343523448875228,8.946672166684788e-05,0.0013486860224186093,0.44192114008178707,0.653078923441914,0.8661947800840936,0.9999999999995443,0.44192114008178707,0.9999999999995443,True,False,False,True,False,False,1.361194843607339,52.2198725062425
476,OONO,3500,9000,9.6,141.11999999999998,3930.951865329417,0.33603148547221795,0.00013407155235378287,0.0015152269398755074,0.43677242948104633,0.6400135217204155,0.8180825598919755,0.9999999970575636,0.43677242948104633,0.9999999970575636,True,False,False,True,False,False,1.294868508151001,52.7374176474448
477,OONO,3500,9100,9.576,140.7672,3927.4924003860788,0.33772614472734847,0.00019182932268201603,0.0016984792093060752,0.43159257147099767,0.6271213895780938,0.773935963984057,0.9999999999999878,0.43159257147099767,0.9999999999999878,True,False,False,True,False,False,1.2326499250331362,53.24329630064714
478,OONO,3500,9200,9.552,140.4144,3923.9200707660398,0.33939841048621133,0.00026548834432188473,0.0018940144664755213,0.4265130511702217,0.6147121982765573,0.7342552795350386,0.9999999986072542,0.4265130511702217,0.9999999986072542,True,False,False,True,False,False,1.1754805275890716,53.74726958904104
479,OONO,3500,9300,9.527999999999999,140.06159999999997,3920.2360979174596,0.34104863586143197,0.0003307755775756807,0.002102056358636723,0.4215307632169311,0.6027587479835218,0.698395108014791,0.9999999999909488,0.4215307632169311,0.9999999999909488,True,False,False,True,False,False,1.1226846192061926,54.249332149252595
480,OONO,3500,9400,9.504,139.7088,3916.4416810759285,0.3426771664462609,0.0006920953244495885,0.002322813495579792,0.4166427320293541,0.591235427288839,0.6658292637253886,0.9999999999979956,0.4166427320293541,0.9999999999979956,True,False,False,True,False,False,1.0737074230415773,54.749478586339364
481,OONO,3500,9500,9.48,139.356,3912.5380005879115,0.3442843403936629,0.0004908401454146961,0.0025564720023323337,0.4118461053250433,0.5801199405954184,0.6361248014916041,0.9999999981129651,0.4118461053250433,0.9999999981129651,True,False,False,True,False,False,1.0280908455250308,55.24770347351634
482,OONO,3500,9600,9.456,139.0032,3908.526219960616,0.3458704885435567,0.0005710802407393857,0.002803216623496071,0.40713814791256414,0.569389657583344,0.6089200920964853,0.999999995930474,0.40713814791256414,0.999999995930474,True,False,False,True,False,False,0.9854478935228674,55.74400135187871
483,OONO,3500,9700,9.431999999999999,138.65039999999996,3904.4074871495145,0.3474359345733274,0.0006988419042521007,0.003063212621439585,0.40251623578860973,0.5590245014102188,0.5839118002661624,0.9999999481101567,0.40251623578860973,0.9999999481101567,True,False,False,True,False,False,0.9454524855751475,56.238366730121435
484,OONO,3500,9800,9.408,138.2976,3900.1829353753415,0.34898099516058445,0.0007144900277152832,0.0033366098344848587,0.3979778505485042,0.5490056813239377,0.5608442093918364,0.9999999999957284,0.3979778505485042,0.9999999999957284,True,False,False,True,False,False,0.9098498907115025,56.730794084255656
485,OONO,3500,9900,9.384,137.9448,3895.8536836935014,0.350505980151877,0.0008064179654535125,0.003623537588544764,0.39352057411045466,0.5393156435441253,0.5394999696933378,0.9999999770106435,0.39352057411045466,0.9999999770106435,True,False,False,True,False,False,0.8788155902481065,57.22127785732177
486,OONO,3500,10000,9.36,137.59199999999998,3891.4208373768633,0.3520111927305935,0.0008455868461110655,0.003924117218342803,0.38914208373768633,0.529937988938322,0.5196923676525089,0.9999999883060819,0.38914208373768633,0.9999999883060819,True,False,False,True,False,False,0.8496303448969128,57.70981245909931
487,OONO,3500,10100,9.331999999999999,137.1804,3885.2340496716174,0.35354470539826455,0.0008846063152657853,0.004252168516456527,0.38467663858134826,0.5205217592646157,0.5005941908947109,0.9999999880339836,0.38467663858134826,0.9999999880339836,True,False,False,True,False,False,0.8211159381933102,58.18128972506818
488,OONO,3500,10200,9.304,136.7688,3878.9369234942737,0.35505844351459775,0.000904015450411199,0.004595550705356147,0.3802879336759092,0.5114025760542823,0.48281100342337085,0.9999999811519504,0.3802879336759092,0.9999999811519504,True,False,False,True,False,False,0.7942135606296035,58.65044663931253
489,OONO,3500,10300,9.276,136.35719999999998,3872.5305356647086,0.35655268070794405,0.0008665390776631029,0.0049543823529149215,0.37597383841404936,0.5025659221379232,0.4662098958546701,0.9999999992379539,0.37597383841404936,0.9999999992379539,True,False,False,True,False,False,0.7687758172305471,59.117275277450254
490,OONO,3500,10400,9.248,135.94559999999998,3866.015951777686,0.3580276849183476,0.0008316413840917631,0.005328743036515892,0.3717323030555467,0.4939988265706619,0.45067702670186005,0.9999999999494007,0.3717323030555467,0.9999999999494007,True,False,False,True,False,False,0.7446758532219226,59.581767658865054
491,OONO,3500,10500,9.219999999999999,135.53399999999996,3859.3942263484983,0.3594837185307735,0.0007726942206664974,0.005718704575742033,0.36756135489033315,0.4856883320392866,0.43611181736722165,0.9999999999999989,0.36756135489033315,0.9999999999999989,True,False,False,True,False,False,0.721800149406507,60.04391574611878
492,OONO,3500,10600,9.192,135.1224,3852.666402951643,0.36092103850460827,0.0006887548915242379,0.006124311717206324,0.3634590946180795,0.4776226508761121,0.4224259477092225,0.9999999999999994,0.3634590946180795,0.9999999999999994,True,False,False,True,False,False,0.700048598585334,60.5037114443558
493,OONO,3500,10700,9.164,134.71079999999998,3845.8321842798487,0.3623399425431529,0.0005831933015545913,0.006545583877037543,0.35942356862428493,0.46979060203696166,0.40954211453016565,0.9999999987970797,0.35942356862428493,0.9999999987970797,True,False,False,True,False,False,0.6793327153642069,60.96114660069927
494,OONO,3500,10800,9.136,134.29919999999998,3838.8957239301726,0.3637405687424814,0.0005882440821584137,0.006982511541895474,0.3554533077713123,0.46218193090184284,0.39739118637723536,0.9999999416851993,0.3554533077713123,0.9999999416851993,True,False,False,True,False,False,0.6621818725870421,61.416213003639086
495,OONO,3500,10900,9.108,133.8876,3831.856071171447,0.36512322642297795,0.0007112819061170089,0.00743507179290762,0.3515464285478392,0.4547866733598645,0.38591182187395134,0.9999998363111271,0.3515464285478392,0.9999998363111271,True,False,False,True,False,False,0.6547865096709915,61.868902382411186
496,OONO,3500,11000,9.08,133.476,3824.714279789394,0.3664881502453549,0.0012663244759071879,0.007903210645444208,0.3477012981626722,0.44759556002923206,0.37504940756752375,0.9999995670187071,0.3477012981626722,0.9999995670187071,True,False,False,True,False,False,0.6475951270479391,62.31920640636851
497,OONO,3500,11100,9.049,133.0203,3816.1986705611357,0.36786906301150535,0.0008765085582866927,0.008403418944563989,0.34380168203253475,0.4403936006507837,0.36445667630321676,0.999999692271275,0.34380168203253475,0.999999692271275,True,False,False,True,False,False,0.6403932929220587,62.75439100722609
498,OONO,3500,11200,9.018,132.5646,3807.576077555798,0.369232199061663,0.007076060979151699,0.008920393088865868,0.33996214978176764,0.4333861066907372,0.35441304357888154,0.9999973911956034,0.33996214978176764,0.9999973911956034,True,False,False,True,False,False,0.6333834978863405,63.186884160477085
499,OONO,3500,11300,8.987,132.1089,3798.8475006366984,0.3705777720019438,94.67540086445031,0.009497270682253594,0.33618119474661046,0.42656488129551995,0.34487706027218795,0.9664028789496323,0.33618119474661046,0.9664028789496323,True,False,False,True,False,False,0.5929677602451522,63.616675235383546
500,OONO,3500,11400,8.956,131.6532,3790.0139247442175,0.3719059912797532,214.47526795042936,0.010101079845007816,0.33245736181966823,0.41992193600295274,0.33581004203185105,0.9268499530890888,0.33245736181966823,0.9268499530890888,True,False,False,True,False,False,0.5467718890920414,64.04375351450166
501,OONO,3500,11500,8.925,131.1975,3781.0763219922633,0.3732170622079451,334.40068968613684,0.010719983814972849,0.3287892453906316,0.41345056586661005,0.3271781413616128,0.8902244289324722,0.3271781413616128,0.8902244289324722,True,False,False,True,False,False,0.5036749947990822,64.46810819264249
502,OONO,3500,11600,8.894,130.74179999999998,3772.0356531330185,0.37451118600162725,454.4576904462706,0.01135371758329869,0.3251754873390533,0.4071434042411794,0.3189501027194574,0.856214189320485,0.3189501027194574,0.856214189320485,True,False,False,True,False,False,0.46335759356166434,64.88972837581649
503,OONO,3500,11700,8.863,130.28609999999998,3762.8928685709375,0.37578855982914094,574.6428584118804,0.012001998795559814,0.32161477509153313,0.4009939246765684,0.31109778264164073,0.8245525899110263,0.31109778264164073,0.8245525899110263,True,False,False,True,False,False,0.4255465145875947,65.30860308016139
504,OONO,3500,11800,8.831999999999999,129.83039999999997,3753.648909091753,0.37704937687450896,694.9691635215993,0.012664553579135195,0.3181058397535384,0.39499592854370297,0.30359556879401645,0.7950033644870423,0.30359556879401645,0.7950033644870423,True,False,False,True,False,False,0.3950033644870423,65.72472123085316
505,OONO,3500,11900,8.801,129.3747,3744.304706371062,0.3782938264005645,815.4363639549969,0.013341100784037375,0.31464745431689595,0.38914353073647334,0.2964201085778201,0.7673642330918861,0.2964201085778201,0.7673642330918861,True,False,False,True,False,False,0.36736423309188604,66.13807166099961
506,OONO,3500,12000,8.77,128.91899999999998,3734.8611833117275,0.37952209381740964,936.053040423528,0.014031369147670593,0.31123843194264394,0.38343114344411355,0.28954980341089276,0.7414556312833197,0.28954980341089276,0.7414556312833197,True,False,False,True,False,False,0.3414556312833197,66.54864311051642
507,OONO,3500,12100,8.733,128.3751,3722.703961210243,0.3807960531398985,1063.9037225952488,0.014785742211263385,0.30766148439754076,0.3775040097608136,0.2825594933108043,0.7156350837311196,0.2825594933108043,0.7156350837311196,True,False,False,True,False,False,0.3156350837311196,66.92797013595455
508,OONO,3500,12200,8.696,127.8312,3710.4349600084515,0.38205305069349466,1191.932844442942,0.015556239919296992,0.30413401311544686,0.3717170185717744,0.2758638650294772,0.6914036168479754,0.2758638650294772,0.6914036168479754,True,False,False,True,False,False,0.29140361684797533,67.30386501290583
509,OONO,3500,12300,8.658999999999999,127.28729999999997,3698.0551041307863,0.3832932413130317,1320.144702558175,0.01634257446715502,0.30065488651469807,0.36606485824589036,0.26944421093759857,0.668619714783907,0.26944421093759857,0.668619714783907,True,False,False,True,False,False,0.268619714783907,67.6763106281945
510,OONO,3500,12400,8.622,126.7434,3685.5653123268385,0.3845167763468051,1448.5422728546991,0.017144455991088027,0.297223009058616,0.3605424816444221,0.2632833342268498,0.6471584168091633,0.2632833342268498,0.6471584168091633,True,False,False,True,False,False,0.24715841680916328,68.0452896941884
511,OONO,3500,12500,8.585,126.1995,3672.9664977435705,0.385723803703164,1577.132418753188,0.017961596448396643,0.29383731981948563,0.3551450901356969,0.25736541764591164,0.6269077704752434,0.25736541764591164,0.6269077704752434,True,False,False,True,False,False,0.22690777047524335,68.41078474619304
512,OONO,3500,12600,8.548,125.65559999999999,3660.2595679891006,0.38691446789643297,1705.9216109061047,0.01879370677643063,0.29049679111024607,0.3498681186860207,0.2516758907890657,0.6077680555984054,0.2516758907890657,0.6077680555984054,True,False,False,True,False,False,0.2077680555984054,68.77277813979522
513,OONO,3500,12700,8.511,125.11169999999998,3647.445425186127,0.3880889100912424,1834.9083729356876,0.019640491658832075,0.28720042718001,0.3447072219781319,0.24620131647990212,0.5896518550659512,0.24620131647990212,0.5896518550659512,True,False,False,True,False,False,0.18965185506595117,69.13125204815385
514,OONO,3500,12800,8.474,124.56779999999999,3634.5249660229156,0.38924726814537114,1964.1032432812608,0.02050166398198644,0.2839472629705403,0.33965826149171263,0.2409292837359102,0.5724781183985588,0.2409292837359102,0.5724781183985588,True,False,False,True,False,False,0.17247811839855876,69.48618845923801
515,OONO,3500,12900,8.437000000000001,124.02390000000001,3621.499081802531,0.39038967665122026,2093.510461721977,0.02137693674883547,0.28073636293042875,0.334717159147218,0.2358482687144006,0.5561753728781292,0.2358482687144006,0.5561753728781292,True,False,False,True,False,False,0.15617537287812921,69.83756917300983
516,OONO,3500,13000,8.4,123.48,3608.367579638305,0.3915163337836385,2223.1322644092875,0.022266012435628178,0.27756673689525424,0.3298804637665961,0.23094771993259441,0.5406792412329947,0.23094771993259441,0.5406792412329947,True,False,False,True,False,False,0.1406792412329947,70.18537579855156
517,OONO,3500,13100,8.355,122.8185,3591.548173772003,0.3927012225969696,2362.6115889844705,0.02325690714075371,0.27416398273068726,0.3247399577693621,0.22581851000988332,0.5246990462632496,0.22581851000988332,0.5246990462632496,True,False,False,True,False,False,0.12469904626324957,70.48720068411039
518,OONO,3500,13200,8.31,122.157,3574.605494323888,0.3938687369921982,2502.348971793285,0.024265208884938477,0.27080344653968846,0.3197070665853898,0.22087378993808834,0.5095151885212332,0.22087378993808834,0.5095151885212332,True,False,False,True,False,False,0.10951518852123321,70.78446639071659
519,OONO,3500,13300,8.265,121.4955,3557.54048556518,0.3950189590697342,2642.365482866907,0.025290730417586227,0.2674842470349759,0.3147780528447176,0.21610125786774287,0.49506782428502766,0.21610125786774287,0.49506782428502766,True,False,False,True,False,False,0.09506782428502764,71.07714323856307
520,OONO,3500,13400,8.22,120.834,3540.3540938099504,0.3961519671324368,2782.6639305681815,0.026333136988112144,0.26420552938880226,0.30994934766776694,0.21149194203870317,0.4813046745765172,0.21149194203870317,0.4813046745765172,True,False,False,True,False,False,0.08130467457651719,71.3652011579547
521,OONO,3500,13500,8.175,120.1725,3523.0472474771636,0.39726783664571996,2923.249309824735,0.027392096825842704,0.2609664627760862,0.30521754204892787,0.20703723580253638,0.4681779969810173,0.20703723580253638,0.4681779969810173,True,False,False,True,False,False,0.06817799698101729,71.64860968183098
522,OONO,3500,13600,8.13,119.51100000000001,3505.620856651034,0.3983666403969155,3064.1289781321757,0.02846729037914913,0.25776623945963484,0.3005793788422206,0.20272899881253414,0.45564398157598907,0.20272899881253414,0.45564398157598907,True,False,False,True,False,False,0.05564398157598904,71.9273379381014
523,OONO,3500,13700,8.085,118.8495,3488.0758359148776,0.3994484471078184,3205.3043034398106,0.029558390863636656,0.25460407561422466,0.2960317454358318,0.1985596469450648,0.4436636909321348,0.1985596469450648,0.4436636909321348,True,False,False,True,False,False,0.04510404398706999,72.20135464178762
524,OONO,3500,13800,8.040000000000001,118.188,3470.4130978738385,0.4005133220828075,3346.7845951342542,0.03066507772233509,0.2514792099908579,0.29157166606907925,0.1945221059058752,0.4322001688974074,0.1945221059058752,0.4322001688974074,True,True,False,True,False,False,0.0376780629915322,72.4706280869663
525,OONO,3500,13900,7.995,117.5265,3452.633543999278,0.40156132783695564,3488.5746102008325,0.0317870251287667,0.24839090244599124,0.28719629450668877,0.19060976931755444,0.42122031335219334,0.19060976931755444,0.42122031335219334,True,True,False,True,False,False,0.030610544034638892,72.73512613850652
526,OONO,3500,14000,7.95,116.865,3434.73807656948,0.4025925232475691,3630.6795447519125,0.03292390680594927,0.24533843404067715,0.2829029074414286,0.18681646119868436,0.4106936647702573,0.18681646119868436,0.4106936647702573,True,True,False,True,False,False,0.02387720357157294,72.99481622359524
527,OONO,3500,14100,7.8950000000000005,116.0565,3412.1118837306262,0.4036867323740645,3785.4801346566533,0.0342140540239037,0.24199375061919334,0.2782412493036613,0.1827503133974011,0.399542530254793,0.1827503133974011,0.399542530254793,True,True,False,True,False,False,0.0172496866025989,73.19028655867801
528,OONO,3500,14200,7.84,115.24799999999999,3389.3438280811984,0.40476133662016445,3940.686552171396,0.03552435892678584,0.23868618507614073,0.2736663976140402,0.17880948183029674,0.3888613166073456,0.17880948183029674,0.3888613166073456,False,True,False,True,False,False,0.02119051816970327,73.37949651543087
529,OONO,3500,14300,7.785,114.4395,3366.4348546707674,0.40581630350931913,4096.306653296217,0.036854432985143036,0.23541502480215157,0.26917552677646356,0.17498788517646346,0.37862002136956957,0.17498788517646346,0.37862002136956957,False,True,False,True,False,False,0.025012114823536546,73.56239162094806
530,OONO,3500,14400,7.73,113.631,3343.3859158728624,0.4068515951235306,4252.350695561306,0.038203950168818133,0.232179577491171,0.2647657629829018,0.1712790719718205,0.3687914166580812,0.1712790719718205,0.3687914166580812,False,True,False,True,False,False,0.02872092802817952,73.73891646135996
531,OONO,3500,14500,7.675000000000001,112.8225,3320.1979717930535,0.4078671679906771,4408.821095044468,0.03957243897512296,0.22897917046848645,0.2604349411432098,0.16767817844634467,0.3593501947159912,0.16767817844634467,0.3593501947159912,False,True,False,True,False,False,0.032321821553655344,73.90901465820131
532,OONO,3500,14600,7.62,112.014,3296.871990817993,0.40886297292935475,4565.729008138473,0.040959552711998304,0.2258131500560269,0.25618029900193345,0.1641798304237824,0.3502729300488227,0.1641798304237824,0.3502729300488227,False,True,False,True,False,False,0.035820169576217614,74.07262884400437
533,OONO,3500,14700,7.565,111.2055,3273.4089563387656,0.40983895462070574,4723.081689539863,0.042364895519117145,0.2226808813835895,0.2519994677664625,0.16077920427171946,0.3415381329111761,0.16077920427171946,0.3415381329111761,False,True,False,True,False,False,0.03922079572828055,74.22970063708549
534,OONO,3500,14800,7.510000000000001,110.397,3249.80984075993,0.4107950524964922,4880.886260758897,0.04378806694059412,0.21958174599729258,0.24789018634623544,0.15747177325330172,0.3331259195314586,0.15747177325330172,0.3331259195314586,False,True,False,True,False,False,0.04252822674669829,74.38017061549243
535,OONO,3500,14900,7.455,109.5885,3226.075625206477,0.4117311997853194,5039.149701898943,0.045228662819954454,0.2165151426313072,0.2438502869858106,0.15425328517591438,0.3250178722100162,0.15425328517591438,0.3250178722100162,False,True,False,True,False,False,0.04574671482408563,74.52397829007809
536,OONO,3500,15000,7.4,108.78,3202.207318691928,0.41264732272513477,5197.878990177208,0.046686276540774514,0.2134804879127952,0.23987768020476752,0.1511197337431681,0.3171969040985216,0.1511197337431681,0.3171969040985216,False,True,False,True,False,False,0.04888026625683192,74.66106207666365
537,OONO,3500,15100,7.329000000000001,107.7363,3170.585000935183,0.41364370175709686,5377.652145039897,0.048432557355528,0.20997251661822403,0.2353252248288069,0.1475692378424815,0.30842755320493465,0.1475692378424815,0.30842755320493465,False,True,False,True,False,False,0.05243076215751852,74.68409779899093
538,OONO,3500,15200,7.258,106.6926,3138.780543919077,0.414613294946012,5558.097985273779,0.05020575709984949,0.20649871999467612,0.2308484261345402,0.1441147337121866,0.2999847586692886,0.1441147337121866,0.2999847586692886,False,True,False,False,False,False,0.0558852662878134,74.69752794966875
539,OONO,3500,15300,7.187,105.6489,3106.7951388287183,0.4155557482674298,5739.220332290734,0.05200521395001953,0.2030585058057986,0.2264449040504105,0.14075298398976857,0.2918492109177041,0.14075298398976857,0.2918492109177041,False,True,False,False,False,False,0.05924701601023144,74.70123083270946
540,OONO,3500,15400,7.1160000000000005,104.6052,3074.6299571735535,0.4164706929892725,5921.03523675389,0.05383040702954917,0.19965129592036063,0.22211237900922476,0.13747922146519231,0.2840029180848482,0.13747922146519231,0.2840029180848482,False,True,False,False,False,False,0.06286948261444708,74.69508176021283
541,OONO,3500,15500,7.045,103.5615,3042.2861937541406,0.41735774315012797,6103.554920277091,0.055680760835008704,0.1962765286292994,0.2178486693009203,0.13428939388622982,0.27642928652646936,0.13428939388622982,0.27642928652646936,False,True,True,False,False,False,0.06943407748447081,74.6789529459432
542,OONO,3500,15600,6.974,102.5178,3009.765040749091,0.4182164957263319,6286.791405786819,0.05755568551407969,0.19293365645827507,0.2136516899939845,0.13117969241146246,0.26911290457184894,0.13117969241146246,0.26911290457184894,False,True,True,False,False,False,0.0758866511302625,74.65271339396531
543,OONO,3500,15700,6.9030000000000005,101.4741,2977.067672072002,0.4190465302920223,6470.7566600933915,0.05945457846183701,0.1896221447179619,0.20951943097471107,0.12814653184233224,0.262039442224239,0.12814653184233224,0.262039442224239,False,True,True,False,False,False,0.08223132343970588,74.61622878205513
544,OONO,3500,15800,6.832000000000001,100.4304,2944.195630642513,0.4198473898849913,6655.462176003293,0.06137682111500945,0.18634149561028565,0.20544996008181848,0.12518653913936176,0.25519557162940687,0.12518653913936176,0.25519557162940687,False,True,True,False,False,False,0.08847196525035261,74.56936133958284
545,OONO,3500,15900,6.761,99.38669999999999,2911.150857190685,0.4206186018180811,6840.919245760008,0.06332179348341066,0.18309124887991732,0.20144147749456714,0.12229654897538682,0.24856877738952662,0.12229654897538682,0.24856877738952662,False,True,True,False,False,False,0.09461220214469589,74.51196971954441
546,OONO,3500,16000,6.69,98.343,2877.933786476326,0.42135969224889247,7027.136840668039,0.0652888174445283,0.17987086165477037,0.19749219492802297,0.11947354874352065,0.24214780265719993,0.11947354874352065,0.24214780265719993,False,True,True,False,False,False,0.10316339467368604,74.44390886439483
547,OONO,3500,16100,6.596,96.96119999999999,2833.1994213658977,0.42215391443789835,7245.360507580018,0.06775217975797258,0.17597511933949675,0.19275234319020915,0.11611865403048635,0.2345919296901062,0.11611865403048635,0.2345919296901062,False,True,True,False,False,False,0.11515388343980779,74.18786101808105
548,OONO,3500,16200,6.502000000000001,95.5794,2788.21216882465,0.42290112860797147,7464.77358522854,0.07025401915097775,0.17211186227312653,0.18808208406551152,0.11284507268274765,0.2272867271896086,0.11284507268274765,0.2272867271896086,False,True,True,False,False,False,0.12696098097861433,73.91542638922141
549,OONO,3500,16300,6.408,94.1976,2742.974152453455,0.4235998467837198,7685.399008039696,0.07279325983809358,0.16828062284990522,0.18347922597622193,0.10964901588729452,0.22021744522890907,0.10964901588729452,0.22021744522890907,False,True,True,False,False,False,0.13859113528657835,73.62628129674428
550,OONO,3500,16400,6.314,92.8158,2697.487648170235,0.4242484971740095,7907.259972027628,0.07536879300046452,0.16448095415672165,0.17894161115391272,0.10652690663677564,0.21337038196813554,0.10652690663677564,0.21337038196813554,False,True,True,False,False,False,0.15005052805259003,73.32008999378901
551,OONO,3500,16500,6.220000000000001,91.43400000000001,2651.7550931579785,0.4248454184583752,8130.375831082814,0.0779794071887998,0.16071242988836235,0.1744674169255824,0.10347540216700293,0.20673287353873618,0.10347540216700293,0.20673287353873618,False,True,True,False,False,False,0.16134475101905235,72.99650401973338
552,OONO,3500,16600,6.126,90.0522,2605.779095464694,0.42538885362711837,8354.767868243158,0.08062387991240036,0.15697464430510205,0.17005471965266558,0.10049138665774988,0.20029303720140415,0.10049138665774988,0.20029303720140415,False,True,True,False,False,False,0.1724792493844825,72.65516150674276
553,OONO,3500,16700,6.032,88.6704,2559.562444258067,0.4258769433382556,8580.454047961026,0.08330091831088704,0.15326721223102197,0.16570173854818146,0.09757194266488474,0.1940399853538254,0.09757194266488474,0.1940399853538254,False,True,True,False,False,False,0.18941912120208645,72.295686436885
554,OONO,3500,16800,5.938,87.28859999999999,2513.1081207064303,0.42630771875203755,8807.454871687165,0.08600921024295169,0.14958976908966848,0.16140677939326062,0.09471421254183587,0.1879633718827771,0.09471421254183587,0.1879633718827771,False,True,True,False,False,False,0.20632586709245798,71.91768784544195
555,OONO,3500,16900,5.844,85.9068,2466.4193094317325,0.4266790938007804,9035.785769682594,0.08874732550491549,0.14594197097229186,0.1571682315390967,0.09191571735530037,0.18205371114479046,0.09191571735530037,0.18205371114479046,False,True,True,False,False,False,0.22292036898852063,71.52075896558718
556,OONO,3500,17000,5.75,84.52499999999999,2419.499423692177,0.42698885631820926,9265.463718304467,0.0915138610753655,0.14232349551130452,0.15298456521415352,0.0891739893833743,0.17630206600431142,0.0891739893833743,0.17630206600431142,False,True,True,False,False,False,0.23921588388685627,71.10447630907773
557,OOON,3500,8000,9.81,144.207,3947.3679603075675,0.31816732584370855,1.025594265374924e-10,0.0004934503260290538,0.49342099503844594,0.7988829326314393,0.9999999999998901,0.9999999999999998,0.49342099503844594,0.9999999999999998,True,False,False,True,False,False,1.692303927669775,47.48850180531256
558,OOON,3500,8100,9.789,143.89829999999998,3946.246949931763,0.32006607788485775,1.3294326946425016e-10,0.0005289643685364026,0.48719098147305717,0.7796368378772733,0.9999999894154398,0.9999999999999998,0.48719098147305717,0.9999999999999998,True,False,False,True,False,False,1.66682780876577,48.02069288314937
559,OOON,3500,8200,9.768,143.5896,3945.006672734652,0.3219386922246179,1.671210088707071e-10,0.0005658950559270366,0.48109837472373806,0.7612758453642695,0.999999999794598,0.9999999999999997,0.48109837472373806,0.9999999999999997,True,False,False,True,False,False,1.6423742198826052,48.5512721929813
560,OOON,3500,8300,9.747,143.2809,3943.6485050129954,0.32378562758675156,2.0637792870731892e-10,0.0006042534977727251,0.47513837409795123,0.7437399932581272,0.9999999999774496,0.9999999999999999,0.47513837409795123,0.9999999999999999,True,False,False,True,False,False,1.6188783673335279,49.08023589068598
561,OOON,3500,8400,9.726,142.97220000000002,3942.1738038259814,0.3256073317561632,2.497914350875542e-10,0.0006440501763285687,0.46930640521737876,0.7269741586461305,0.9999999999959971,0.9999999999999972,0.46930640521737876,0.9999999999999972,True,False,False,True,False,False,1.5962805638595035,49.60758011287864
562,OOON,3500,8500,9.705,142.6635,3940.583907408241,0.32740424189747075,2.965179548637227e-10,0.0006852938052470814,0.4635981067539107,0.7109284254477694,0.9999999999963293,0.9999999999971001,0.4635981067539107,0.9999999999971001,True,False,False,True,False,False,1.5745265321951094,50.133300976769526
563,OOON,3500,8600,9.684,142.35479999999998,3938.87829192092,0.3291768601207014,3.453198121990452e-10,0.000727993092783957,0.4580091037117349,0.6955562243347685,0.9999999999999999,0.9999999999999993,0.4580091037117349,0.9999999999999999,True,False,False,True,False,False,1.5535653280465027,50.6573945800199
564,OOON,3500,8700,9.663,142.0461,3937.0627202015676,0.33092542108082085,3.9454617353387367e-10,0.0007721529021120857,0.4525359448507549,0.6808160935960049,0.9999999999928301,0.9999999999999928,0.4525359448507549,0.9999999999999928,True,False,False,True,False,False,1.5333520384395825,51.179857000596655
565,OOON,3500,8800,9.642,141.73739999999998,3935.135540604407,0.3326504518565206,5.008497857411104e-10,0.0008177795855910308,0.4471744932505008,0.6666685687697842,0.999999999988309,0.9999999999998974,0.4471744932505008,0.9999999999998974,True,False,False,True,False,False,1.5138430620084913,51.70068429662546
566,OOON,3500,8900,9.621,141.4287,3933.098146727905,0.3343523448875228,4.853136883585357e-10,0.0008648755686406812,0.44192114008178707,0.653078923441914,0.9999999999802943,0.9999999999999988,0.44192114008178707,0.9999999999999988,True,False,False,True,False,False,1.4950000635039942,52.2198725062425
567,OOON,3500,9000,9.6,141.11999999999998,3930.951865329417,0.33603148547221795,5.212410995335006e-10,0.00091344393342208,0.43677242948104633,0.6400135217204155,0.9999999999760406,0.9999999999999999,0.43677242948104633,0.9999999999999999,True,False,False,True,False,False,1.476785951177502,52.7374176474448
568,OOON,3500,9100,9.576,140.7672,3927.4924003860788,0.33772614472734847,5.475327756063294e-10,0.0009652657006995921,0.43159257147099767,0.6271213895780938,0.9999999999845507,0.9999999999999999,0.43159257147099767,0.9999999999999999,True,False,False,True,False,False,1.458713961033642,53.24329630064714
569,OOON,3500,9200,9.552,140.4144,3923.9200707660398,0.33939841048621133,5.58962433012071e-10,0.0010187085899898169,0.4265130511702217,0.6147121982765573,0.9999999999919995,0.9999999999999999,0.4265130511702217,0.9999999999999999,True,False,False,True,False,False,1.4412252494387783,53.74726958904104
570,OOON,3500,9300,9.527999999999999,140.06159999999997,3920.2360979174596,0.34104863586143197,5.520214739595916e-10,0.0010737739379910244,0.4215307632169311,0.6027587479835218,0.9999999999999998,0.9999999999999998,0.4215307632169311,0.9999999999999998,True,False,False,True,False,False,1.4242895112004526,54.249332149252595
571,OOON,3500,9400,9.504,139.7088,3916.4416810759285,0.3426771664462609,5.23734508666871e-10,0.0011304619731282684,0.4166427320293541,0.591235427288839,0.9999999999999998,0.9999999999999998,0.4166427320293541,0.9999999999999998,True,False,False,True,False,False,1.4078781593181926,54.749478586339364
572,OOON,3500,9500,9.48,139.356,3912.5380005879115,0.3442843403936629,4.722730939660208e-10,0.001188768555833546,0.4118461053250433,0.5801199405954184,0.9999999999999998,0.9999999999999999,0.4118461053250433,0.9999999999999999,True,False,False,True,False,False,1.3919660459204612,55.24770347351634
573,OOON,3500,9600,9.456,139.0032,3908.526219960616,0.3458704885435567,3.979089559074972e-10,0.0012486910144851402,0.40713814791256414,0.569389657583344,0.999999999545419,0.9999999999999998,0.40713814791256414,0.9999999999999998,True,False,False,True,False,False,1.3765278050413268,55.74400135187871
574,OOON,3500,9700,9.431999999999999,138.65039999999996,3904.4074871495145,0.3474359345733274,3.11283630372511e-10,0.001310223085097974,0.40251623578860973,0.5590245014102188,0.9999999984686737,0.9999999999999999,0.40251623578860973,0.9999999999999999,True,False,False,True,False,False,1.361540735667502,56.238366730121435
575,OOON,3500,9800,9.408,138.2976,3900.1829353753415,0.34898099516058445,4.944310433491058e-10,0.0013733575640214174,0.3979778505485042,0.5490056813239377,0.9999996968801343,0.9999999999999999,0.3979778505485042,0.9999999999999999,True,False,False,True,False,False,1.3490053782040718,56.730794084255656
576,OOON,3500,9900,9.384,137.9448,3895.8536836935014,0.350505980151877,1.9092770608389875e-10,0.0014380819448648525,0.39352057411045466,0.5393156435441253,0.9999999126054991,0.9999999999999999,0.39352057411045466,0.9999999999999999,True,False,False,True,False,False,1.3393155561496242,57.22127785732177
577,OOON,3500,10000,9.36,137.59199999999998,3891.4208373768633,0.3520111927305935,2.5644685387058044e-09,0.0015043951492392752,0.38914208373768633,0.529937988938322,0.9999979832113586,0.9999999999999999,0.38914208373768633,0.9999999999999999,True,False,False,True,False,False,1.3299359721496804,57.70981245909931
578,OOON,3500,10100,9.331999999999999,137.1804,3885.2340496716174,0.35354470539826455,4.2023294546660636e-05,0.001721708906460058,0.38467663858134826,0.5205217592646157,0.9698368131389951,0.9999999984776337,0.38467663858134826,0.9999999984776337,True,False,False,True,False,False,1.2903585708812444,58.18128972506818
579,OOON,3500,10200,9.304,136.7688,3878.9369234942737,0.35505844351459775,0.00014727683456804488,0.0019938948774611154,0.3802879336759092,0.5114025760542823,0.9345561011071181,0.9999999100177803,0.3802879336759092,0.9999999100177803,True,False,False,True,False,False,1.2459585871791807,58.65044663931253
580,OOON,3500,10300,9.276,136.35719999999998,3872.5305356647086,0.35655268070794405,0.00015140650594105227,0.002287081604224342,0.37597383841404936,0.5025659221379232,0.9016342663761173,0.9999999918110122,0.37597383841404936,0.9999999918110122,True,False,False,True,False,False,1.2042001803250526,59.117275277450254
581,OOON,3500,10400,9.248,135.94559999999998,3866.015951777686,0.3580276849183476,0.00019326455828681983,0.0026016010660213046,0.3717323030555467,0.4939988265706619,0.8708437874878266,0.9999999983144394,0.3717323030555467,0.9999999983144394,True,False,False,True,False,False,1.164842612372928,59.581767658865054
582,OOON,3500,10500,9.219999999999999,135.53399999999996,3859.3942263484983,0.3594837185307735,0.0003180430938991008,0.002937713775740288,0.36756135489033315,0.4856883320392866,0.8419859846437708,0.9999998234995898,0.36756135489033315,0.9999998234995898,True,False,False,True,False,False,1.1276741401826471,60.04391574611878
583,OOON,3500,10600,9.192,135.1224,3852.666402951643,0.36092103850460827,0.00023715457170093534,0.0032956276954637215,0.3634590946180795,0.4776226508761121,0.8148827345447844,0.9999999997088254,0.3634590946180795,0.9999999997088254,True,False,False,True,False,False,1.092505385129722,60.5037114443558
584,OOON,3500,10700,9.164,134.71079999999998,3845.8321842798487,0.3623399425431529,0.0002441853312020372,0.00367544438415614,0.35942356862428493,0.46979060203696166,0.7893799296557524,0.9999999826529262,0.35942356862428493,0.9999999826529262,True,False,False,True,False,False,1.0591705143456402,60.96114660069927
585,OOON,3500,10800,9.136,134.29919999999998,3838.8957239301726,0.3637405687424814,0.00020931681700090896,0.004077189319805638,0.3554533077713123,0.46218193090184284,0.7653396727274169,0.9999999937529659,0.3554533077713123,0.9999999937529659,True,False,False,True,False,False,1.0275215973822256,61.416213003639086
586,OOON,3500,10900,9.108,133.8876,3831.856071171447,0.36512322642297795,0.0003753908806360534,0.00450078990505777,0.3515464285478392,0.4547866733598645,0.742640753062794,0.99999978291525,0.3515464285478392,0.99999978291525,True,False,False,True,False,False,0.9974272093379084,61.868902382411186
587,OOON,3500,11000,9.08,133.476,3824.714279789394,0.3664881502453549,0.00014953597064637503,0.004946105837622225,0.3477012981626722,0.44759556002923206,0.7211729088167357,0.9999999544917235,0.3477012981626722,0.9999999544917235,True,False,False,True,False,False,0.9687684233376912,62.31920640636851
588,OOON,3500,11100,9.049,133.0203,3816.1986705611357,0.36786906301150535,4.276170717796429e-05,0.00542850739203887,0.34380168203253475,0.4403936006507837,0.7002485479775766,0.99999999990155,0.34380168203253475,0.99999999990155,True,False,False,True,False,False,0.9406421485299102,62.75439100722609
589,OOON,3500,11200,9.018,132.5646,3807.576077555798,0.369232199061663,0.0017832141830385895,0.0059337311713148115,0.33996214978176764,0.4333861066907372,0.6804218973403751,0.9999986714741018,0.33996214978176764,0.9999986714741018,True,False,False,True,False,False,0.913806675505214,63.186884160477085
590,OOON,3500,11300,8.987,132.1089,3798.8475006366984,0.3705777720019438,97.92305860125403,0.0065426277487148875,0.33618119474661046,0.42656488129551995,0.6616074413853559,0.9327252822542252,0.33618119474661046,0.9327252822542252,True,False,False,True,False,False,0.820897604935101,63.616675235383546
591,OOON,3500,11400,8.956,131.6532,3790.0139247442175,0.3719059912797532,217.4805052999816,0.007186239378594218,0.33245736181966823,0.41992193600295274,0.6437295027067432,0.8617165620044974,0.33245736181966823,0.8617165620044974,True,False,False,True,False,False,0.7253680007141934,64.04375351450166
592,OOON,3500,11500,8.925,131.1975,3781.0763219922633,0.3732170622079451,337.16759788944,0.007845780449952607,0.3287892453906316,0.41345056586661005,0.6267199629234479,0.8004968761974688,0.3287892453906316,0.8004968761974688,True,False,False,True,False,False,0.6406674049875267,64.46810819264249
593,OOON,3500,11600,8.894,130.74179999999998,3772.0356531330185,0.37451118600162725,456.9873085323348,0.008520854040905433,0.3251754873390533,0.4071434042411794,0.6105173081723322,0.7471764755930174,0.3251754873390533,0.7471764755930174,True,False,False,True,False,False,0.5648371880065288,64.88972837581649
594,OOON,3500,11700,8.863,130.28609999999998,3762.8928685709375,0.37578855982914094,576.9509094529407,0.009211088528284816,0.32161477509153313,0.4009939246765684,0.595064437107575,0.7003188179368551,0.32161477509153313,0.7003188179368551,True,False,False,True,False,False,0.49637717972099843,65.30860308016139
595,OOON,3500,11800,8.831999999999999,129.83039999999997,3753.648909091753,0.37704937687450896,697.052166624024,0.009916088090117426,0.3181058397535384,0.39499592854370297,0.5803103970547043,0.6588229614341675,0.3181058397535384,0.6588229614341675,True,False,False,True,False,False,0.4391333584888718,65.72472123085316
596,OOON,3500,11900,8.801,129.3747,3744.304706371062,0.3782938264005645,817.3064129452089,0.010635492044179387,0.31464745431689595,0.38914353073647334,0.5662085615017106,0.6218154688383729,0.31464745431689595,0.6218154688383729,True,False,False,True,False,False,0.3880240303400835,66.13807166099961
597,OOON,3500,12000,8.77,128.91899999999998,3734.8611833117275,0.37952209381740964,937.7135360346041,0.011368934587478693,0.31123843194264394,0.38343114344411355,0.5527158537947416,0.5886088511117304,0.31123843194264394,0.5886088511117304,True,False,False,True,False,False,0.34132470490647204,66.54864311051642
598,OOON,3500,12100,8.733,128.3751,3722.703961210243,0.3807960531398985,1065.351479538489,0.012168793623463455,0.30766148439754076,0.3775040097608136,0.5389970787787971,0.5568519784229725,0.30766148439754076,0.5568519784229725,True,False,False,True,False,False,0.29584905720176957,66.92797013595455
599,OOON,3500,12200,8.696,127.8312,3710.4349600084515,0.38205305069349466,1193.1707058047546,0.012985074393890683,0.30413401311544686,0.3717170185717744,0.5258666853355595,0.5281962650564245,0.30413401311544686,0.5281962650564245,True,False,False,True,False,False,0.2540629503919839,67.30386501290583
600,OOON,3500,12300,8.658999999999999,127.28729999999997,3698.0551041307863,0.3832932413130317,1321.1816131414969,0.013817409460522298,0.30065488651469807,0.36606485824589036,0.5132873770104185,0.5022074098069408,0.30065488651469807,0.5132873770104185,True,False,False,True,False,False,0.21549478681735923,67.6763106281945
601,OOON,3500,12400,8.622,126.7434,3685.5653123268385,0.3845167763468051,1449.3879411549804,0.014665429318547203,0.297223009058616,0.3605424816444221,0.5012247635538519,0.4785305828200623,0.297223009058616,0.5012247635538519,True,False,False,True,False,False,0.17975534637391416,68.0452896941884
602,OOON,3500,12500,8.585,126.1995,3672.9664977435705,0.385723803703164,1577.792014160944,0.015528767648899846,0.29383731981948563,0.3551450901356969,0.4896471970195489,0.45687166134214396,0.29383731981948563,0.4896471970195489,True,False,False,True,False,False,0.14651885836169282,68.41078474619304
603,OOON,3500,12600,8.548,125.65559999999999,3660.2595679891006,0.38691446789643297,1706.4012082720835,0.016407070293094725,0.29049679111024607,0.3498681186860207,0.47852553003969295,0.4369827179522457,0.29049679111024607,0.47852553003969295,True,False,False,True,False,False,0.1155082479919386,68.77277813979522
604,OOON,3500,12700,8.511,125.11169999999998,3647.445425186127,0.3880889100912424,1835.220435924819,0.017299986073556074,0.28720042718001,0.3447072219781319,0.46783272594949254,0.4186555382650298,0.28720042718001,0.46783272594949254,True,False,False,True,False,False,0.08648826421452233,69.13125204815385
605,OOON,3500,12800,8.474,124.56779999999999,3634.5249660229156,0.38924726814537114,1964.2522898595628,0.01820715872255286,0.2839472629705403,0.33965826149171263,0.45754437023237865,0.4017133396355098,0.2839472629705403,0.45754437023237865,True,False,False,True,False,False,0.05925770986788842,69.48618845923801
606,OOON,3500,12900,8.437000000000001,124.02390000000001,3621.499081802531,0.39038967665122026,2093.503260893733,0.01912825465045814,0.28073636293042875,0.334717159147218,0.44763705831823136,0.386004807576345,0.28073636293042875,0.44763705831823136,True,False,False,True,False,False,0.04763705831823134,69.83756917300983
607,OOON,3500,13000,8.4,123.48,3608.367579638305,0.3915163337836385,2222.97649942223,0.02006292756030493,0.27756673689525424,0.3298804637665961,0.43808972001620844,0.37139977800486246,0.27756673689525424,0.43808972001620844,True,False,False,True,False,False,0.03808972001620842,70.18537579855156
608,OOON,3500,13100,8.355,122.8185,3591.548173772003,0.3927012225969696,2362.295907552356,0.021102515974016564,0.27416398273068726,0.3247399577693621,0.4281081284686745,0.35666154349007567,0.27416398273068726,0.4281081284686745,True,False,False,True,False,False,0.028108128468674498,70.48720068411039
609,OOON,3500,13200,8.31,122.157,3574.605494323888,0.3938687369921982,2501.8939667394266,0.022159371649145516,0.27080344653968846,0.3197070665853898,0.4184917586522988,0.34294983570168375,0.27080344653968846,0.4184917586522988,True,False,False,True,False,False,0.018491758652298795,70.78446639071659
610,OOON,3500,13300,8.265,121.4955,3557.54048556518,0.3950189590697342,2641.772550382527,0.023233118776564487,0.2674842470349759,0.3147780528447176,0.40922029536706833,0.3301616907219879,0.2674842470349759,0.40922029536706833,True,False,False,True,False,False,0.00922029536706831,71.07714323856307
611,OOON,3500,13400,8.22,120.834,3540.3540938099504,0.3961519671324368,2781.944770651493,0.02432341164498271,0.26420552938880226,0.30994934766776694,0.40027433450133454,0.3182053644302495,0.26420552938880226,0.40027433450133454,True,False,False,True,False,False,0.00027433450133451664,71.3652011579547
612,OOON,3500,13500,8.175,120.1725,3523.0472474771636,0.39726783664571996,2922.4059302727874,0.02542984963326089,0.2609664627760862,0.30521754204892787,0.3916377755716875,0.30700270234546156,0.2609664627760862,0.3916377755716875,True,False,False,True,False,True,0.0,71.64860968183098
613,OOON,3500,13600,8.13,119.51100000000001,3505.620856651034,0.3983666403969155,3063.168941915216,0.026552097713016122,0.25776623945963484,0.3005793788422206,0.38329318393181866,0.29648371283605973,0.25776623945963484,0.38329318393181866,True,False,False,True,False,True,0.0,71.9273379381014
614,OOON,3500,13700,8.085,118.8495,3488.0758359148776,0.3994484471078184,3204.2384190414477,0.02768979268747559,0.25460407561422466,0.2960317454358318,0.3752254885677672,0.28658725491366266,0.25460407561422466,0.3752254885677672,True,False,False,True,False,True,0.0,72.20135464178762
615,OOON,3500,13800,8.040000000000001,118.188,3470.4130978738385,0.4005133220828075,3345.620429739465,0.02884257922291405,0.2514792099908579,0.29157166606907925,0.3674205537221203,0.27725896331466776,0.2514792099908579,0.3674205537221203,True,True,False,True,False,True,0.0,72.4706280869663
616,OOON,3500,13900,7.995,117.5265,3452.633543999278,0.40156132783695564,3487.3173566679693,0.030010090531320723,0.24839090244599124,0.28719629450668877,0.3598651455367129,0.26845133929185994,0.24839090244599124,0.3598651455367129,True,True,False,True,False,True,0.0,72.73512613850652
617,OOON,3500,14000,7.95,116.865,3434.73807656948,0.4025925232475691,3629.3366476704355,0.03119198115117538,0.24533843404067715,0.2829029074414286,0.35254687826829584,0.26012100992201986,0.24533843404067715,0.35254687826829584,True,True,False,True,False,True,0.0,72.99481622359524
618,OOON,3500,14100,7.8950000000000005,116.0565,3412.1118837306262,0.4036867323740645,3784.050489761411,0.03253104486725736,0.24199375061919334,0.2782412493036613,0.34471205809424577,0.25141557132466663,0.24199375061919334,0.34471205809424577,True,True,False,True,False,True,0.0,73.19028655867801
619,OOON,3500,14200,7.84,115.24799999999999,3389.3438280811984,0.40476133662016445,3939.178217401967,0.03388964889779878,0.23868618507614073,0.2736663976140402,0.33712726091923534,0.2431892724028627,0.23868618507614073,0.33712726091923534,False,True,False,True,False,True,0.0,73.37949651543087
620,OOON,3500,14300,7.785,114.4395,3366.4348546707674,0.40581630350931913,4094.7275662673446,0.035267382265536655,0.23541502480215157,0.26917552677646356,0.3297798794757926,0.23540285589696952,0.23540285589696952,0.3297798794757926,False,True,False,True,False,True,0.0,73.56239162094806
621,OOON,3500,14400,7.73,113.631,3343.3859158728624,0.4068515951235306,4250.707736997288,0.03666385204570711,0.232179577491171,0.2647657629829018,0.32265806839328576,0.22802113261043627,0.22802113261043627,0.32265806839328576,False,True,False,True,False,True,0.0,73.73891646135996
622,OOON,3500,14500,7.675000000000001,112.8225,3320.1979717930535,0.4078671679906771,4407.1273263160265,0.03807866022078514,0.22897917046848645,0.2604349411432098,0.31575078080906016,0.22101195749434896,0.22101195749434896,0.31575078080906016,False,True,False,True,False,True,0.0,73.90901465820131
623,OOON,3500,14600,7.62,112.014,3296.871990817993,0.40886297292935475,4563.9804165395335,0.03951122742153768,0.2258131500560269,0.25618029900193345,0.3090479181666062,0.21434926585945518,0.21434926585945518,0.3090479181666062,False,True,False,True,False,True,0.0,74.07262884400437
624,OOON,3500,14700,7.565,111.2055,3273.4089563387656,0.40983895462070574,4721.291489985051,0.04096133672580351,0.2226808813835895,0.2519994677664625,0.3025395044454431,0.20800469077487685,0.20800469077487685,0.3025395044454431,False,True,False,True,False,True,0.0,74.22970063708549
625,OOON,3500,14800,7.510000000000001,110.397,3249.80984075993,0.4107950524964922,4879.060003550499,0.04242849543675156,0.21958174599729258,0.24789018634623544,0.29621645166033767,0.2019563268816302,0.2019563268816302,0.29621645166033767,False,True,False,True,False,True,0.0,74.38017061549243
626,OOON,3500,14900,7.455,109.5885,3226.075625206477,0.4117311997853194,5037.293655578666,0.043912286503629036,0.2165151426313072,0.2438502869858106,0.29007020071411516,0.19618298302985682,0.19618298302985682,0.29007020071411516,False,True,False,True,False,False,0.0038170169701431944,74.52397829007809
627,OOON,3500,15000,7.4,108.78,3202.207318691928,0.41264732272513477,5195.999088227411,0.04541228866504112,0.2134804879127952,0.23987768020476752,0.2840926890070711,0.19066555662966242,0.19066555662966242,0.2840926890070711,False,True,False,True,False,False,0.009334443370337592,74.66106207666365
628,OOON,3500,15100,7.329000000000001,107.7363,3170.585000935183,0.41364370175709686,5375.755381115184,0.04720695411110774,0.20997251661822403,0.2353252248288069,0.277330087687615,0.1845382148930152,0.1845382148930152,0.277330087687615,False,True,False,True,False,False,0.015461785106984816,74.68409779899093
629,OOON,3500,15200,7.258,106.6926,3138.780543919077,0.414613294946012,5556.186024005532,0.04902748159221551,0.20649871999467612,0.2308484261345402,0.2707604710828024,0.1786969734005754,0.1786969734005754,0.2707604710828024,False,True,False,True,False,False,0.021303026599424624,74.69752794966875
630,OOON,3500,15300,7.187,105.6489,3106.7951388287183,0.4155557482674298,5737.303639713897,0.05087329947928414,0.2030585058057986,0.2264449040504105,0.2643745290153129,0.17312101471793206,0.17312101471793206,0.2643745290153129,False,True,False,False,False,False,0.026878985282067946,74.70123083270946
631,OOON,3500,15400,7.1160000000000005,104.6052,3074.6299571735535,0.4164706929892725,5919.122364907509,0.052743857046600534,0.19965129592036063,0.22211237900922476,0.2581632388289018,0.16779151029608483,0.16779151029608483,0.2581632388289018,False,True,False,False,False,False,0.03255719378355457,74.69508176021283
632,OOON,3500,15500,7.045,103.5615,3042.2861937541406,0.41735774315012797,6101.648208049303,0.05463848205936105,0.1962765286292994,0.2178486693009203,0.252119105115777,0.16269132982137952,0.16269132982137952,0.252119105115777,False,True,True,False,False,False,0.04103214154932111,74.6789529459432
633,OOON,3500,15600,6.974,102.5178,3009.765040749091,0.4182164957263319,6284.897527218719,0.05655662543740187,0.19293365645827507,0.2136516899939845,0.24623385895522892,0.15780475944932743,0.15780475944932743,0.24623385895522892,False,True,True,False,False,False,0.04926158409239753,74.65271339396531
634,OOON,3500,15700,6.9030000000000005,101.4741,2977.067672072002,0.4190465302920223,6468.881472207904,0.05849766860438625,0.1896221447179619,0.20951943097471107,0.2405002687558152,0.1531175146900448,0.1531175146900448,0.2405002687558152,False,True,True,False,False,False,0.05726034059199331,74.61622878205513
635,OOON,3500,15800,6.832000000000001,100.4304,2944.195630642513,0.4198473898849913,6653.610729328714,0.060460979234204466,0.18634149561028565,0.20544996008181848,0.23491151271505095,0.14861653888695925,0.14861653888695925,0.23491151271505095,False,True,True,False,False,False,0.06504196550275512,74.56936133958284
636,OOON,3500,15900,6.761,99.38669999999999,2911.150857190685,0.4206186018180811,6839.095149808923,0.06244591607839076,0.18309124887991732,0.20144147749456714,0.22946115824142949,0.14428984023473995,0.14428984023473995,0.22946115824142949,False,True,True,False,False,False,0.07261891088534275,74.51196971954441
637,OOON,3500,16000,6.69,98.343,2877.933786476326,0.42135969224889247,7025.346455612398,0.06445183265418399,0.17987086165477037,0.19749219492802297,0.22414308247471773,0.14012639074040767,0.14012639074040767,0.22414308247471773,False,True,True,False,False,False,0.08251055267679902,74.44390886439483
638,OOON,3500,16100,6.596,96.96119999999999,2833.1994213658977,0.42215391443789835,7243.617736863979,0.06696123398817225,0.17597511933949675,0.19275234319020915,0.21783507405277194,0.13526270044176142,0.13526270044176142,0.21783507405277194,False,True,True,False,False,False,0.09600983702853272,74.18786101808105
639,OOON,3500,16200,6.502000000000001,95.5794,2788.21216882465,0.42290112860797147,7463.083600327244,0.06950762096419404,0.17211186227312653,0.18808208406551152,0.21168800122293724,0.1305965261167927,0.1305965261167927,0.21168800122293724,False,True,True,False,False,False,0.10920952754456928,73.91542638922141
640,OOON,3500,16300,6.408,94.1976,2742.974152453455,0.4235998467837198,7683.766272946914,0.07208990283160428,0.16828062284990522,0.18347922597622193,0.2056940663559527,0.12611421084777116,0.12611421084777116,0.2056940663559527,False,True,True,False,False,False,0.12212594032610172,73.62628129674428
641,OOON,3500,16400,6.314,92.8158,2697.487648170235,0.4242484971740095,7905.689279923343,0.07470696398598965,0.16448095415672165,0.17894161115391272,0.19984582632391662,0.1218032591348512,0.1218032591348512,0.19984582632391662,False,True,True,False,False,False,0.13492834923059788,73.32008999378901
642,OOON,3500,16500,6.220000000000001,91.43400000000001,2651.7550931579785,0.4248454184583752,8128.869987252993,0.07735758090760061,0.16071242988836235,0.1744674169255824,0.19413655201840546,0.11765228572568376,0.11765228572568376,0.19413655201840546,False,True,True,False,False,False,0.15303131544196608,72.99650401973338
643,OOON,3500,16600,6.126,90.0522,2605.779095464694,0.42538885362711837,8353.329404022677,0.0800405318654645,0.15697464430510205,0.17005471965266558,0.18855970710828132,0.11365080715854976,0.11365080715854976,0.18855970710828132,False,True,True,False,False,False,0.17076012177540134,72.65516150674276
644,OOON,3500,16700,6.032,88.6704,2559.562444258067,0.4258769433382556,8579.086038146701,0.08275452863656572,0.15326721223102197,0.16570173854818146,0.1831091924323323,0.10978926220454117,0.10978926220454117,0.1831091924323323,False,True,True,False,False,False,0.18813259458392312,72.295686436885
645,OOON,3500,16800,5.938,87.28859999999999,2513.1081207064303,0.42630771875203755,8806.156885223365,0.0854982385628728,0.14958976908966848,0.16140677939326062,0.17777933203092244,0.10605885876362336,0.10605885876362336,0.17777933203092244,False,True,True,False,False,False,0.20516526072252514,71.91768784544195
646,OOON,3500,16900,5.844,85.9068,2466.4193094317325,0.4266790938007804,9034.562558515105,0.08827033142180266,0.14594197097229186,0.1571682315390967,0.17256444996501363,0.1024514037493801,0.1024514037493801,0.17256444996501363,False,True,True,False,False,False,0.22187394377421776,71.52075896558718
647,OOON,3500,17000,5.75,84.52499999999999,2419.499423692177,0.42698885631820926,9264.31411589504,0.09106929910902477,0.14232349551130452,0.15298456521415352,0.16745985985988274,0.09895945904081516,0.09895945904081516,0.16745985985988274,False,True,True,False,False,False,0.2382726203738441,71.10447630907773
648,NOOO,4500,8000,11.85,174.195,2686.70431682292,0.3902598003526002,2.3263896099876383e-10,0.0004451333581638898,0.335838039602865,0.765375111002252,0.9999999897205372,0.9999999999999999,0.335838039602865,0.9999999999999999,False,False,False,True,False,False,1.565375100722789,52.984708540824066
649,NOOO,4500,8100,11.831,173.9157,2687.927738999925,0.39202049581521325,2.769014889297791e-10,0.00047052091519881857,0.3318429307407315,0.7518934692861521,0.9999999998052055,0.9999999999999999,0.3318429307407315,0.9999999999999999,False,False,False,True,False,False,1.5518934690913575,53.59847513608215
650,NOOO,4500,8200,11.812,173.63639999999998,2689.057673835318,0.3937519678788264,3.2772341316998903e-10,0.0004966872812528112,0.32793386266284363,0.7388769488472188,0.9999999999823754,0.9999999999999998,0.32793386266284363,0.9999999999999998,False,False,False,True,False,False,1.538876948829594,54.21098675396727
651,NOOO,4500,8300,11.793,173.35709999999997,2690.0956183468957,0.3954548721571144,3.831911157287586e-10,0.0005236368108703948,0.3241079058249272,0.7263002094545865,0.9999999999949248,0.9999999999999998,0.3241079058249272,0.9999999999999998,False,False,False,True,False,False,1.526300209449511,54.822241173436716
652,NOOO,4500,8400,11.774,173.07779999999997,2691.0430429630746,0.3971298447085642,4.741161066382314e-10,0.0005513718666515085,0.32036226701941367,0.7141412290949475,0.9999999999832708,0.999999999999998,0.32036226701941367,0.999999999999998,False,False,False,True,False,False,1.5141412290782164,55.43223616515884
653,NOOO,4500,8500,11.754999999999999,172.7985,2691.901380371651,0.3987775032334194,5.055763805846887e-10,0.0005798945406257532,0.3166942800437237,0.702379207038282,0.9999999999565522,0.9999999999994978,0.3166942800437237,0.9999999999994978,False,False,False,True,False,False,1.502379206994332,56.040969491467635
654,NOOO,4500,8600,11.736,172.5192,2692.672034948921,0.4003984473240007,5.700911151570192e-10,0.000609206463966598,0.31310139941266524,0.6909946518243493,0.9999999998244374,0.9999999999999968,0.31310139941266524,0.9999999999999968,False,True,False,True,False,False,1.4909946516487835,56.648438906316414
655,NOOO,4500,8700,11.717,172.2399,2693.356381334219,0.40199325924954177,6.355717027060256e-10,0.0006393090771579272,0.3095811932568068,0.6799690055075115,0.9999999995543106,0.9999999999999998,0.3095811932568068,0.9999999999999998,False,True,False,True,False,False,1.4799690050618217,57.25464215523147
656,NOOO,4500,8800,11.698,171.9606,2693.9557667033505,0.4035625044750404,6.999699417777989e-10,0.0006702021236961913,0.30613133712538076,0.6692860139211306,0.9999999994176163,0.9999999999999998,0.30613133712538076,0.9999999999999998,False,True,False,True,False,False,1.4692860133387466,57.85957697526543
657,NOOO,4500,8900,11.679,171.6813,2694.4715115294266,0.4051067322516632,7.611520761474877e-10,0.0007018864486916249,0.30274960803701423,0.6589289370828967,0.9999999994613131,0.9999999999999625,0.30274960803701423,0.9999999999999625,False,True,False,True,False,False,1.4589289365441722,58.46324109494992
658,NOOO,4500,9000,11.66,171.402,2694.904910275754,0.4066264761845948,8.170456037587478e-10,0.0007343614918434848,0.2994338789195282,0.6488828415359147,0.9999999995740003,0.9999999999999998,0.2994338789195282,0.9999999999999998,False,True,False,True,False,False,1.4488828411099148,59.06563223424833
659,NOOO,4500,9100,11.638,171.0786,2694.5899939337305,0.40814908476923933,8.662026797766503e-10,0.000768666015633844,0.2961087905421682,0.6389216136061006,0.999999999677388,0.9999999999968785,0.2961087905421682,0.9999999999968785,False,True,False,True,False,False,1.438921613280367,59.658031342194334
660,NOOO,4500,9200,11.616,170.75519999999997,2694.1911366526015,0.4096477812595671,9.048668302355687e-10,0.0008038329763417476,0.2928468626796306,0.6292516771924138,0.999999999999973,0.9999999999999998,0.2928468626796306,0.9999999999999998,False,True,False,True,False,False,1.4292516771923864,60.248939099951556
661,NOOO,4500,9300,11.594,170.43179999999998,2693.7095878271916,0.41112305569164687,9.277774303492355e-10,0.0008398621133987233,0.28964619223948296,0.6198600843685379,0.9999999999999989,0.9999999999999998,0.28964619223948296,0.9999999999999998,False,True,False,True,False,False,1.4198600843685365,60.83835237517732
662,NOOO,4500,9400,11.572,170.1084,2693.1465736104,0.4125753846610223,9.33220628771376e-10,0.0008767523822397744,0.2865049546394043,0.6107346379946988,0.999999999997305,0.9999999999999999,0.2865049546394043,0.9999999999999999,False,True,False,True,False,False,1.4107346379920038,61.42626802170834
663,NOOO,4500,9500,11.55,169.785,2692.5032974049273,0.4140052317836605,9.187258490620455e-10,0.0009145025698232269,0.28342139972683444,0.601863565605479,0.9999999999993426,0.9999999999999999,0.28342139972683444,0.9999999999999999,False,True,False,True,False,False,1.4018635656048215,62.01268287947063
664,NOOO,4500,9600,11.528,169.4616,2691.7809404232576,0.4154130481209314,8.97914676300487e-10,0.0009531092434616619,0.280393847960756,0.5932367418826301,0.999999982142473,0.9999999999999878,0.280393847960756,0.9999999999999878,False,True,False,True,False,False,1.393236724025091,62.597593774388706
665,NOOO,4500,9700,11.506,169.13819999999998,2690.9806621802554,0.4167992725954672,8.448817078994223e-10,0.0009925705027915505,0.27742068682270676,0.5848433615321723,0.9999999757681199,0.9999999999999999,0.27742068682270676,0.9999999999999999,False,True,False,True,False,False,1.3848433373002922,63.18099751829387
666,NOOO,4500,9800,11.484,168.8148,2690.1036009702625,0.4181643323903701,7.482121136625787e-10,0.0010328827482926032,0.27450036744594514,0.5766738145069401,0.9999999999958741,0.9999999999993412,0.27450036744594514,0.9999999999993412,False,True,False,True,False,False,1.3766738145021553,63.76289090883192
667,NOOO,4500,9900,11.462,168.4914,2689.15087433231,0.4195086433327915,6.249695865848471e-10,0.0010740414840156355,0.2716314014477081,0.5687189724554259,0.9999999999563527,0.9999999999999999,0.2716314014477081,0.9999999999999999,False,True,False,True,False,False,1.3687189724117785,64.34327072936979
668,NOOO,4500,10000,11.44,168.16799999999998,2688.1235795115986,0.4208326102618525,5.01022054189009e-10,0.0011160419785528966,0.2688123579511599,0.5609701805424425,0.9999999972865682,0.9999999999999912,0.2688123579511599,0.9999999999999912,False,True,False,True,False,False,1.3609701778290018,64.92213374890163
669,NOOO,4500,10100,11.416,167.8152,2686.5643672835536,0.42215300759183616,5.825582908464293e-10,0.0011598422188349518,0.26599647200827264,0.5532999930051681,0.999999840440194,0.9999999999999999,0.26599647200827264,0.9999999999999999,False,True,False,True,False,False,1.3532998334453619,65.4929374213846
670,NOOO,4500,10200,11.392,167.46239999999997,2684.930056323676,0.4234535378413594,2.1982562904146975e-10,0.0012045312004198513,0.26322843689447806,0.5458235203454673,0.9999999928947807,0.9999999999999968,0.26322843689447806,0.9999999999999968,False,True,False,True,False,False,1.3458235132402447,66.06206925743406
671,NOOO,4500,10300,11.367999999999999,167.10959999999997,2683.2217053602567,0.4247345753038547,1.339164610811802e-10,0.0012501011095296562,0.26050696168546184,0.5385332107158833,0.9999999684931656,0.9999999999999682,0.26050696168546184,0.9999999999999682,False,True,False,True,False,False,1.3385331792090172,66.62952532235752
672,NOOO,4500,10400,11.344,166.75679999999997,2681.440354634841,0.42599648468024603,1.0591190836824906e-05,0.0013108291573259432,0.25783080333027314,0.5314218982114642,0.9948418942328341,0.9999999999999998,0.25783080333027314,0.9999999999999998,False,True,False,True,False,False,1.3262637924442982,67.19530166207926
673,NOOO,4500,10500,11.32,166.404,2679.58638768324,0.42723973606319166,7.313655839160564e-05,0.0014413979024854012,0.25519870358887997,0.5244827734562579,0.9670066877477743,0.9999999939720123,0.25519870358887997,0.9999999939720123,False,True,False,True,False,False,1.2914894551760445,67.75939430299914
674,NOOO,4500,10600,11.296,166.0512,2677.662348072956,0.4284643943865729,0.00014347235924276538,0.0015791733439569856,0.2526096554785807,0.5177091714869246,0.9406208935819368,0.9999999999885979,0.2526096554785807,0.9999999999885979,False,True,False,True,False,False,1.2583300650574594,68.32179925185056
675,NOOO,4500,10700,11.271999999999998,165.69839999999996,2675.6682495857126,0.4296709774271708,0.00021967616688914319,0.001724256338046872,0.2500624532323096,0.5110954739135206,0.9155861482063528,0.9999999999999998,0.2500624532323096,0.9999999999999998,False,True,False,True,False,False,1.226681622119873,68.88251249555701
676,NOOO,4500,10800,11.248,165.3456,2673.605073082997,0.43085981257034156,0.00030771193942582056,0.0018767815852310044,0.2475560252854627,0.5046354561123215,0.8918022557992507,0.999999996182151,0.2475560252854627,0.999999996182151,False,True,False,True,False,False,1.1964377080937232,69.44153000108679
677,NOOO,4500,10900,11.224,164.9928,2671.4737809068083,0.43203121914051207,0.0003959600842582695,0.002036885988475125,0.24508933769787233,0.4983235820386722,0.869176773765059,0.9999999999999998,0.24508933769787233,0.9999999999999998,False,True,False,True,False,False,1.167500355803731,69.99884771530695
678,NOOO,4500,11000,11.2,164.64,2669.2752746218375,0.43318553856052006,0.0004934974210346673,0.002204693007966542,0.24266138860198522,0.4921545763178773,0.847628046729407,0.9999999999999913,0.24266138860198522,0.9999999999999913,False,True,False,True,False,False,1.1397826230472754,70.55446156483534
679,NOOO,4500,11100,11.173,164.2431,2666.303167421631,0.4343453240706613,0.0006049642612394254,0.002385620752199109,0.24020749256050727,0.48596837759916384,0.826560449174134,0.9999999942343559,0.24020749256050727,0.9999999942343559,False,True,False,True,False,False,1.1125288210076536,71.0974207337669
680,NOOO,4500,11200,11.145999999999999,163.84619999999998,2663.2618710059933,0.4354881336547458,0.000696471935119363,0.0025750609757895938,0.23779123848267797,0.4799192158449211,0.8064651618587851,0.9999999999656556,0.23779123848267797,0.9999999999656556,False,True,False,True,False,False,1.0863843776693618,71.63843451332151
681,NOOO,4500,11300,11.119,163.4493,2660.152305174717,0.436614258270253,0.0008228933165147952,0.002773147954728329,0.23541170842254133,0.4740023254702829,0.7872758131458325,0.9999999804633715,0.23541170842254133,0.9999999804633715,False,True,False,True,False,False,1.0612781190794869,72.17749758732724
682,NOOO,4500,11400,11.091999999999999,163.05239999999998,2656.975374789293,0.4377239818567983,0.0009013798695471579,0.0029800114270206596,0.2330680153323941,0.4682131583123142,0.76893253389593,0.9999999992549599,0.2330680153323941,0.9999999992549599,False,True,False,True,False,False,1.037145691463204,72.71460460935016
683,NOOO,4500,11500,11.065,162.6555,2653.731970061461,0.4388175815371873,0.0009975735413431646,0.0031957666407173694,0.2307593017444749,0.4625473718741446,0.7513813593154507,0.9999999990804534,0.2307593017444749,0.9999999990804534,False,True,False,True,False,False,1.0139287302700486,73.24975020244078
684,NOOO,4500,11600,11.038,162.2586,2650.4229668351213,0.43989532781155116,0.0011158207239480768,0.0034205311849804052,0.22848473852026907,0.45700081811516036,0.7345714395782685,0.9999999758392292,0.22848473852026907,0.9999999758392292,False,True,False,True,False,False,0.991572233532658,73.78292895887735
685,NOOO,4500,11700,11.011,161.86169999999998,2647.0492268623957,0.4409574847447974,0.0011628584922315748,0.003654411989622443,0.22624352366345263,0.45156953286393003,0.718456967822572,0.9999999999993044,0.22624352366345263,0.9999999999993044,False,True,False,True,False,False,0.9700265006858064,74.31413543990651
686,NOOO,4500,11800,10.984,161.4648,2643.611598073558,0.44200431014765934,0.0012387241368422737,0.003897508183613658,0.22403488119267442,0.44624972586288114,0.702995365140427,0.9999999999254082,0.22403488119267442,0.9999999999254082,False,True,False,True,False,False,0.9492450909287163,74.84336417548116
687,NOOO,4500,11900,10.956999999999999,161.06789999999998,2640.110914841228,0.44303605575159666,0.0012785370827354736,0.00414990646836798,0.22185806007069142,0.4410377714281468,0.6881485048621869,0.9999999998830643,0.22185806007069142,0.9999999998830643,False,True,False,True,False,False,0.929186276173398,75.37060966399504
688,NOOO,4500,12000,10.93,160.671,2636.5479982387383,0.44405296737779487,0.0013138403948949023,0.004411694264535389,0.21971233318656153,0.43593019969131014,0.6738796810196129,0.9999999999999817,0.21971233318656153,0.9999999999999817,False,True,False,True,False,False,0.9098098807109047,75.89586637201498
689,NOOO,4500,12100,10.9,160.23,2632.19690766493,0.44507530291371267,0.0013229350248619588,0.0046915108917983525,0.21753693451776282,0.4307863233738356,0.6597850056498135,0.9999999999141114,0.21753693451776282,0.9999999999141114,False,True,False,True,False,False,0.8905713289377604,76.40698312688257
690,NOOO,4500,12200,10.87,159.789,2627.7813827549926,0.4460828177909079,0.0013125688678461995,0.004981593602420959,0.2153919166192617,0.42574372877683225,0.6462268667384691,0.9999999996034603,0.2153919166192617,0.9999999996034603,False,True,False,True,False,False,0.8719705951187615,76.91585334538236
691,NOOO,4500,12300,10.84,159.34799999999998,2623.3022355243625,0.4470757409398716,0.001288188287906139,0.005282027983147378,0.21327660451417582,0.42079887105733266,0.6331744064126011,0.9999999962313513,0.21327660451417582,0.9999999962313513,False,True,False,True,False,False,0.8539732737012851,77.42246995729461
692,NOOO,4500,12400,10.81,158.907,2618.7602657195184,0.44805429600905977,0.0012209612648016854,0.005592873558156515,0.21119034400963857,0.41594872874976085,0.6206005614822777,0.9999999982909197,0.21119034400963857,0.9999999982909197,False,True,False,True,False,False,0.8365492885229582,77.92682584629911
693,NOOO,4500,12500,10.780000000000001,158.466,2614.1562610390915,0.44901870150389595,0.001130539707938377,0.0059141909508209104,0.20913250088312732,0.41119039869513574,0.6084786701675919,0.9999999999955148,0.20913250088312732,0.9999999999955148,False,True,False,True,False,False,0.8196690688582424,78.42891384953282
694,NOOO,4500,12600,10.75,158.025,2609.490997350642,0.44996917092126987,0.0010190862575642757,0.006246022824078498,0.2071024601071938,0.4065210922770564,0.5967847814348154,0.9999999999913588,0.2071024601071938,0.9999999999913588,False,True,False,True,False,False,0.8033058737032306,78.92872675714267
695,NOOO,4500,12700,10.72,157.584,2604.7652389029276,0.450905912879704,0.0008908257836083625,0.006588401372057632,0.20509962511046675,0.40193813110953586,0.5854964944361668,0.9999999999999997,0.20509962511046675,0.9999999999999997,False,True,False,True,False,False,0.7874346255457023,79.42625731183199
696,NOOO,4500,12800,10.690000000000001,157.143,2599.9797385345005,0.4518291312453451,0.0007924405494698361,0.006941346838856493,0.20312341707300785,0.39743894247940054,0.5745929070430055,0.9999999999998569,0.20312341707300785,0.9999999999998569,False,True,False,True,False,False,0.7745929070428623,79.92149820840172
697,NOOO,4500,12900,10.66,156.702,2595.135237877153,0.45273902525393767,0.00060345390991947,0.007304874868508075,0.20117327425404288,0.3930210547010812,0.5640538372435648,0.9999999911246452,0.20117327425404288,0.9999999911246452,False,True,False,True,False,False,0.76405382836821,80.41444209328564
698,NOOO,4500,13000,10.63,156.261,2590.2324675561385,0.45363578962892476,0.000450370918288711,0.007678961355842229,0.1992486513504722,0.38868209254506897,0.5538628715339523,0.9999999881623219,0.1992486513504722,0.9999999881623219,False,True,False,True,False,False,0.7546142083458021,80.90508156407982
699,NOOO,4500,13100,10.595,155.7465,2584.029333049103,0.45454906852863086,0.0014443182231403673,0.008084701382340001,0.19725414756100024,0.38421414173198903,0.5435326002199006,0.9999995976477921,0.19725414756100024,0.9999995976477921,False,True,False,True,False,False,0.7462780503066924,81.3710463082956
700,NOOO,4500,13200,10.56,155.232,2577.7630896714954,0.45544879440933217,0.000531456702055913,0.008502470616126374,0.19528508255087088,0.3798246348806069,0.5335392461673674,0.9999998651163932,0.19528508255087088,0.9999998651163932,False,True,False,True,False,False,0.7382540287328896,81.83425128415412
701,NOOO,4500,13300,10.525,154.7175,2571.4344843404515,0.4563351471302701,0.019391186560083873,0.008932248134887757,0.19334093867221439,0.3755113154412643,0.5238664283362459,0.9999939283644377,0.19334093867221439,0.9999939283644377,False,True,False,True,False,False,0.7305194180284691,82.29468589763523
702,NOOO,4500,13400,10.49,154.203,2565.0442538273273,0.4572083024329939,68.13535705676703,0.009395396912153832,0.19142121297218861,0.37127201308475677,0.5144987532090768,0.979398812640557,0.19142121297218861,0.979398812640557,False,True,False,True,False,False,0.7024763528774451,82.75233947112244
703,NOOO,4500,13500,10.455,153.6885,2558.5931249250843,0.45806843203666703,192.71364151825966,0.009887106702335436,0.18952541666111736,0.36710463969361723,0.5054217717385863,0.943730587187384,0.18952541666111736,0.943730587187384,False,True,False,True,False,False,0.6596269422648529,83.20720124243509
704,NOOO,4500,13600,10.42,153.17399999999998,2552.081814612863,0.45891570373040314,317.3937277630964,0.010389256477286024,0.187653074603887,0.3630071855621232,0.4966219179809339,0.9104039103488408,0.187653074603887,0.9104039103488408,False,True,False,True,False,False,0.6193727537258877,83.65926036384596
705,NOOO,4500,13700,10.385,152.65949999999998,2545.511030218233,0.4597502814627333,442.1717792052998,0.010901754833209303,0.18580372483344765,0.3589777157993941,0.4880864457645074,0.879198705954076,0.18580372483344765,0.879198705954076,False,True,False,True,False,False,0.5814814268851357,84.1085059010841
706,NOOO,4500,13800,10.35,152.14499999999998,2538.8814695755095,0.46057232542835386,567.0733614059634,0.011424521914208159,0.18397691808518185,0.35501436692319555,0.47980307176671094,0.8499141004633753,0.18397691808518185,0.8499141004633753,False,True,False,True,False,False,0.5457402541449043,84.55492683232224
707,NOOO,4500,13900,10.315,151.63049999999998,2532.1938211828488,0.4613819921521461,692.0857120239236,0.01195744728606422,0.18217221735128408,0.351115343635776,0.47176129053252075,0.8223826055091329,0.18217221735128408,0.8223826055091329,False,True,False,True,False,False,0.5119716786903695,84.99851204714874
708,NOOO,4500,14000,10.28,151.11599999999999,2525.4487643559187,0.4621794345706365,817.2185283219328,0.012500445384280443,0.1803891974539942,0.34727891577033343,0.4639498839876744,0.796450772163943,0.1803891974539942,0.796450772163943,False,True,False,True,False,False,0.4800114586976232,85.4392503455239
709,NOOO,4500,14100,10.238999999999999,150.5133,2517.1176791814028,0.4629951605725996,949.5565186254739,0.013090426819629025,0.17851898433910657,0.34327816932960753,0.4559129936017581,0.770567800961904,0.17851898433910657,0.770567800961904,False,True,False,True,False,False,0.4479618102245555,85.8475338806565
710,NOOO,4500,14200,10.197999999999999,149.91059999999996,2508.722956660836,0.4637979193191167,1082.0369765692467,0.013692263835236718,0.1766706307507631,0.33934078703516113,0.44810601896938235,0.7461676345463034,0.1766706307507631,0.7461676345463034,False,True,False,True,False,False,0.4176030227649226,86.2523695262281
711,NOOO,4500,14300,10.157,149.3079,2500.2653069195294,0.46458784712338563,1214.658121432406,0.01430587050092612,0.17484372775661045,0.33546483304084057,0.4405187842982135,0.7231284467414182,0.17484372775661045,0.7231284467414182,False,True,False,True,False,False,0.3888035032830212,86.65374092191031
712,NOOO,4500,14400,10.116,148.7052,2491.7454317269453,0.46536507686509954,1347.4314796562617,0.01493115491474729,0.17303787720326008,0.33164869349301807,0.43314184089299174,0.7013384079491295,0.17303787720326008,0.7013384079491295,False,True,False,True,False,False,0.3614423716388611,87.05163154933679
713,NOOO,4500,14500,10.075,148.1025,2483.1640246255733,0.4661297380523283,1480.3614506380986,0.015568019285763348,0.1712526913534878,0.32789080936537546,0.42596626136581855,0.6806989245914449,0.1712526913534878,0.6806989245914449,False,True,False,True,False,False,0.3354124946037756,87.44602472987022
714,NOOO,4500,14600,10.033999999999999,147.49979999999996,2474.52177105821,0.4668819568813058,1613.4433895312236,0.016216358874216442,0.16948779253823357,0.32418967550479155,0.41898360673856494,0.6611233482348268,0.16948779253823357,0.6611233482348268,False,True,False,True,False,False,0.3106191624351581,87.83690362232781
715,NOOO,4500,14700,9.992999999999999,146.89709999999997,2465.8193484936282,0.46762185629420266,1746.6891332708033,0.01687607360670424,0.1677428128226958,0.3205438366651604,0.41218589335050704,0.6425302615432698,0.1677428128226958,0.6425302615432698,False,True,False,True,False,False,0.28697334207108094,88.22425122066467
716,NOOO,4500,14800,9.952,146.2944,2457.057426553621,0.46834955603484996,1880.1002892605052,0.01754705623251872,0.16601739368605548,0.3169518871866061,0.40556556396863525,0.6248481852982587,0.16601739368605548,0.6248481852982587,False,True,False,True,False,False,0.2643963555808384,88.60805035161421
717,NOOO,4500,14900,9.911,145.6917,2448.2366671290874,0.4690651727027466,2013.6852507185974,0.018229205054625677,0.16431118571336156,0.3134124690901714,0.39911520081682994,0.6080112511072447,0.16431118571336156,0.6080112511072447,False,True,False,True,False,False,0.24370006539388317,88.98828367228414
718,NOOO,4500,15000,9.87,145.08899999999997,2439.3577245063298,0.4697688198049672,2147.4348423048214,0.01892239023420542,0.16262384830042198,0.30992427022040014,0.3928286754701597,0.5919624397329716,0.16262384830042198,0.5919624397329716,False,True,False,True,False,False,0.2293385914325496,89.36493366770753
719,NOOO,4500,15100,9.821,144.3687,2428.3310305899067,0.47049373001193845,2290.9418716191485,0.019690048285469088,0.16081662454237794,0.30620901195232947,0.3862127926057202,0.5754451915763164,0.16081662454237794,0.5754451915763164,False,True,False,True,False,False,0.2146285670339384,89.69444828535691
720,NOOO,4500,15200,9.772,143.6484,2417.237149599094,0.47120531452784437,2434.662775385504,0.020471545507867592,0.15902875984204567,0.30254656509775635,0.3797656111812224,0.5597057393200137,0.15902875984204567,0.5597057393200137,False,True,False,True,False,False,0.20067697947796798,90.01947953307136
721,NOOO,4500,15300,9.722999999999999,142.92809999999997,2406.0767923006265,0.47190366035076475,2578.6022440379415,0.021266773886431722,0.15725992106540043,0.298935610550213,0.3734803935886509,0.5446905095756954,0.15725992106540043,0.5446905095756954,False,True,False,True,False,False,0.18743058851029498,90.34000023131178
722,NOOO,4500,15400,9.674,142.2078,2394.8506629862713,0.472588851118056,2722.7671032372104,0.022075622940021144,0.15550978331079685,0.2953748734472349,0.3673507381305724,0.5303503319284134,0.15550978331079685,0.5303503319284134,False,True,False,True,False,False,0.17484054861761655,90.6559828692943
723,NOOO,4500,15500,9.625,141.48749999999998,2383.559459578726,0.4732609671310966,2867.157211487745,0.022897973976534827,0.1537780296502404,0.29186312146048116,0.36137056346855556,0.5166414925199955,0.1537780296502404,0.5166414925199955,False,True,False,True,False,False,0.16286346286975506,90.96739959910536
724,NOOO,4500,15600,9.576,140.7672,2372.20387373763,0.473920085378152,3011.782149148093,0.02373371075749831,0.15206435088061732,0.28839916309479097,0.3555340914464821,0.503522394858823,0.15206435088061732,0.503522394858823,False,True,False,True,False,False,0.15145804397820567,91.27422222968083
725,NOOO,4500,15700,9.527000000000001,140.04690000000002,2360.7845909650987,0.47456627955525393,3156.645911566935,0.024582709917206732,0.1503684452844012,0.284981846060552,0.3498358297788105,0.4909558133250698,0.1503684452844012,0.4909558133250698,False,True,False,True,False,False,0.14058736804066863,91.57642222064402
726,NOOO,4500,15800,9.478,139.32659999999998,2349.3022907123777,0.47519962008510575,3301.753256451025,0.025444845052010206,0.14869001839951757,0.28161005572470993,0.34427055532339446,0.4789074403282349,0.14869001839951757,0.4789074403282349,False,True,False,True,False,False,0.13021742192871733,91.87397067599996
727,NOOO,4500,15900,9.429,138.6063,2337.7576464880863,0.4758201741340806,3447.1090655181993,0.026319986446341703,0.14702878279799284,0.2782827136264405,0.3388332982322157,0.46734569296349165,0.14702878279799284,0.46734569296349165,False,True,False,True,False,False,0.12031691016549881,92.16683833768045
728,NOOO,4500,16000,9.38,137.886,2326.151325949878,0.4764280056279209,3592.720472838392,0.0272080028057525,0.14538445787186738,0.2749987760635936,0.33351932708575976,0.45624112332432487,0.14538445787186738,0.45624112332432487,False,True,False,True,False,False,0.11085666545245748,92.4549955789365
729,NOOO,4500,16100,9.321000000000002,137.01870000000002,2311.805228962531,0.4770537692520779,3750.8071439710548,0.02820858485027424,0.14359038689208267,0.27143419346858744,0.3278142722695069,0.4445317334786638,0.14359038689208267,0.4445317334786638,False,True,False,True,False,False,0.10094134658658113,92.67818965383533
730,NOOO,4500,16200,9.262,136.1514,2297.3854201997583,0.4776645384770296,3909.2203721319643,0.029226132094499202,0.1418139148271456,0.26791513819242196,0.3222399083423457,0.4332960354708011,0.1418139148271456,0.4332960354708011,False,True,False,True,False,False,0.09148212064365549,92.89536104543355
731,NOOO,4500,16300,9.203,135.2841,2282.8926579863914,0.47826032429431314,4067.9620252653826,0.030260510837867367,0.14005476429364364,0.2644403574273539,0.3167918740236392,0.4225058650931745,0.14005476429364364,0.4225058650931745,False,True,False,True,False,False,0.08245110079953086,93.10646199872428
732,NOOO,4500,16400,9.144,134.4168,2268.3276969785625,0.47884113313244825,4227.038710706919,0.03131154379086404,0.13831266444991236,0.26100922608216837,0.3114651351655619,0.4121348481166797,0.13831266444991236,0.4121348481166797,False,True,False,True,False,False,0.07382218366676735,93.31144400916124
733,NOOO,4500,16500,9.085,133.5495,2253.6912882870865,0.47940696680627215,4386.460075035327,0.032379115829334996,0.13658735080527798,0.2576204556149024,0.30625517605881886,0.4021584732885594,0.13658735080527798,0.4021584732885594,False,True,False,True,False,False,0.06557112248328142,93.51025780557795
734,NOOO,4500,16600,9.026,132.6822,2238.9841796058695,0.4799578224621235,4546.2328849562455,0.033463074070429276,0.13487856503649817,0.25427307094096196,0.3011577479375731,0.39255419338078595,0.13487856503649817,0.39255419338078595,False,True,False,True,False,False,0.06512143496350184,93.70285333259908
735,NOOO,4500,16700,8.966999999999999,131.81489999999997,2224.2071153412376,0.48049369251903373,4706.3669673943305,0.034563262490748405,0.13318605481085255,0.2509661401153074,0.29616879579724714,0.38330069472455053,0.13318605481085255,0.38330069472455053,False,True,False,True,False,False,0.06681394518914746,93.88917973252556
736,NOOO,4500,16800,8.908,130.9476,2209.360837043539,0.4810145646009476,4866.860606678322,0.035679508204743166,0.13150957363354399,0.24769874925374147,0.29128444363122674,0.37437968723145487,0.13150957363354399,0.37437968723145487,False,True,False,True,False,False,0.06849042636645603,94.06918532667338
737,NOOO,4500,16900,8.849,130.0803,2194.4460836879903,0.48152042146690427,5027.727295128403,0.03681164903455669,0.12984888069159706,0.24447001246991262,0.28650098961344084,0.3657722444495841,0.12984888069159706,0.3657722444495841,False,True,False,True,False,False,0.07015111930840295,94.2428175961468
738,NOOO,4500,17000,8.79,129.213,2179.4635902449786,0.48201124096638287,5188.972821998537,0.037959509501855324,0.1282037406026458,0.2412790710163349,0.28181489766031526,0.35746170414475303,0.1282037406026458,0.35746170414475303,False,True,False,True,False,False,0.0717962593973542,94.4100231620237
739,NOOO,4500,17100,8.713999999999999,128.09579999999997,2159.7425811687312,0.4825157360778643,5371.992794635053,0.03933314876235997,0.12630073574086148,0.2376075586581241,0.27648028711227546,0.3481489179258614,0.12630073574086148,0.3481489179258614,False,True,False,True,False,False,0.07369926425913853,94.45668788269187
740,NOOO,4500,17200,8.638,126.97859999999999,2139.9309627196108,0.4829996542777305,5555.555069146708,0.040731047796674885,0.12441459085579132,0.23397774901168622,0.27125768881912204,0.33917704064076665,0.12441459085579132,0.33917704064076665,False,True,False,True,False,False,0.07558540914420869,94.49420551320158
741,NOOO,4500,17300,8.562,125.86139999999999,2120.029692354573,0.4834627992532082,5739.671904390384,0.04215301872316646,0.12254506892222965,0.23038867253426498,0.2661429242720835,0.330526781255396,0.12254506892222965,0.330526781255396,False,True,False,True,False,False,0.07745493107777036,94.52247162076759
742,NOOO,4500,17400,8.485999999999999,124.74419999999998,2100.039732616982,0.4839049628582651,5924.355541883221,0.04359886059619046,0.12069193865614838,0.2268393902694993,0.26113200936931336,0.32218021867338187,0.12069193865614838,0.32218021867338187,False,True,False,True,False,False,0.07930806134385163,94.54137946448053
743,NOOO,4500,17500,8.41,123.627,2079.962051980311,0.48432592466804997,6109.62234108988,0.04506840710450561,0.11885497439887492,0.22332899425191902,0.2562207574025782,0.31412056762136864,0.11885497439887492,0.31412056762136864,False,True,True,True,False,False,0.08114502560112509,94.55081992160665
744,NOOO,4500,17600,8.334,122.50979999999998,2059.7976279800946,0.4847254514274871,6295.475261426163,0.0465613141514655,0.11703395613523265,0.2198566066155102,0.2514065245020646,0.30633244682311184,0.11703395613523265,0.30633244682311184,False,True,True,True,False,False,0.08296604386476736,94.55068141081853
745,NOOO,4500,17700,8.258,121.39259999999999,2039.5474439626169,0.4851032967079259,6481.93019510129,0.04807741582269363,0.11522866915043033,0.21642137854318824,0.24668511734099138,0.2988016002872094,0.11522866915043033,0.2988016002872094,False,True,True,True,False,False,0.08477133084956968,94.54084981220055
746,NOOO,4500,17800,8.181999999999999,120.27539999999998,2019.2124904788775,0.4854592003571618,6669.001020815245,0.049616455762015496,0.1134389039594875,0.2130224941095197,0.2420533367807558,0.291514204097924,0.1134389039594875,0.291514204097924,False,True,True,True,False,False,0.08656109604051251,94.52120838386114
747,NOOO,4500,17900,8.106,119.1582,1998.7937668130257,0.48579288794738035,6856.698862405773,0.05117816334301669,0.11166445624653776,0.20965915579103195,0.23750804545177617,0.2844576973304231,0.11166445624653776,0.2844576973304231,False,True,True,False,False,False,0.08833554375346225,94.49163767497393
748,NOOO,4500,18000,8.03,118.04099999999998,1978.2922806183183,0.4861040702646307,7045.0355594978155,0.05276225834014061,0.10990512670101768,0.20633058088880116,0.23304621220340632,0.2776202853719288,0.10990512670101768,0.2776202853719288,False,True,True,False,False,False,0.09009487329898233,94.45201543505951
749,NOOO,4500,18100,7.930999999999999,116.58569999999999,1951.214139606283,0.4863852792236598,7264.229162704902,0.05472111867591073,0.10780188616609299,0.20236919638352152,0.22778962083747417,0.26968182407907987,0.10780188616609299,0.26968182407907987,False,True,True,False,False,False,0.09219811383390702,94.22757229629546
750,NOOO,4500,18200,7.832,115.1304,1924.0191639687846,0.48663176416712584,7484.3993185736845,0.056716827528701816,0.10571533867960355,0.19844684352248404,0.2226328561600696,0.26200864717033057,0.10571533867960355,0.26200864717033057,False,True,True,False,False,False,0.09583781779791244,93.98810398789064
751,NOOO,4500,18300,7.733,113.67509999999999,1896.7089188371715,0.4868426516886805,7705.569671278627,0.05874900709118156,0.10364529611132085,0.19456259294146175,0.2175720671202498,0.2545858700851578,0.10364529611132085,0.2545858700851578,False,True,True,False,False,False,0.10179211094721742,93.73335161661855
752,NOOO,4500,18400,7.6339999999999995,112.21979999999999,1869.2850124348533,0.48701701951310145,7927.767004683054,0.060817280249151125,0.10159157676276377,0.19071554249183714,0.21260358340582006,0.2473993111404083,0.10159157676276377,0.2473993111404083,False,True,True,False,False,False,0.10769288074539911,93.46304787749662
753,NOOO,4500,18500,7.535,110.7645,1841.74909788085,0.48715389359735295,8151.004989149178,0.06292109580178566,0.09955400529085676,0.18690487957154453,0.20772393661870006,0.2404368678115247,0.09955400529085676,0.2404368678115247,False,True,True,False,False,False,0.11354111513759874,93.17691666068347
754,NOOO,4500,18600,7.436,109.30919999999999,1814.1028746034442,0.4872522450255976,8375.31236357909,0.06506003783815285,0.0975324126130884,0.1831298017543215,0.20292981653848505,0.23368584265608347,0.0975324126130884,0.23368584265608347,False,True,True,False,False,False,0.11933778563259012,92.87467263441124
755,NOOO,4500,18700,7.337,107.8539,1786.34808968765,0.4873109866892439,8600.712624271422,0.06723356637248513,0.0955266358121738,0.17938949847277452,0.19821794868836357,0.227134966781521,0.0955266358121738,0.227134966781521,False,True,True,False,False,False,0.12686591702668815,92.55602080214666
756,NOOO,4500,18800,7.2379999999999995,106.39859999999999,1758.486539212496,0.48732896973170337,8827.225936495737,0.06944110679918902,0.09353651804321787,0.17568323232785704,0.1935854202259969,0.22077372201232967,0.09353651804321787,0.22077372201232967,False,True,True,False,False,False,0.1371948294029282,92.22065603201054
757,NOOO,4500,18900,7.139,104.9433,1730.5170224639005,0.4873050858350661,9054.879617454992,0.07168209214127991,0.0915617472203122,0.17201026066671724,0.18902911988011914,0.21459213165212654,0.0915617472203122,0.21459213165212654,False,True,True,False,False,False,0.14739887223285145,91.86826255630471
758,NOOO,4500,19000,7.04,103.488,1702.4468117899319,0.48723786237786415,9283.684000520308,0.07395579836030303,0.08960246377841746,0.16836993103431325,0.18454673605725178,0.20858110276423064,0.08960246377841746,0.20858110276423064,False,True,True,False,False,False,0.15748086913001755,91.49851343879803
759,ONOO,4500,8000,11.85,174.195,4726.467576106507,0.2923579501965084,1.2884658980319017e-10,0.00035651058518840266,0.5908084470133134,0.6158910023550553,0.9999999997343271,0.9999999999635351,0.5908084470133134,0.9999999999635351,True,False,False,True,False,False,1.6066994490662307,52.984708540824066
760,ONOO,4500,8100,11.831,173.9157,4728.055125497775,0.2942979595464395,1.1360278543228587e-10,0.0003800385642782409,0.583710509320713,0.5987499475495754,0.9999999999999941,0.9999999999999986,0.583710509320713,0.9999999999999986,True,False,False,True,False,False,1.582460456870281,53.59847513608215
761,ONOO,4500,8200,11.812,173.63639999999998,4729.529972451539,0.29621460087864476,1.3861733271214235e-10,0.0004043949064163331,0.5767719478599438,0.5825530440675826,0.9999999999748705,0.9999999999999926,0.5767719478599438,0.9999999999999926,True,False,False,True,False,False,1.5593249919023893,54.21098675396727
762,ONOO,4500,8300,11.793,173.35709999999997,4730.893238037441,0.2981082519170145,1.668547908846094e-10,0.00042958247337339985,0.5699871371129447,0.5672237819617489,0.999999999996564,0.9999999999999973,0.5672237819617489,0.9999999999999973,True,False,False,True,False,False,1.5372109190712548,54.822241173436716
763,ONOO,4500,8400,11.774,173.07779999999997,4732.1460294795415,0.29997928223944526,1.9810438604364e-10,0.0004556037319009438,0.5633507177951835,0.5526935398264702,0.9999999999423835,0.9999999999999999,0.5526935398264702,0.9999999999999999,True,False,False,True,False,False,1.5160442575640372,55.43223616515884
764,ONOO,4500,8500,11.754999999999999,172.7985,4733.287556746508,0.3018281153849453,2.3218944380809523e-10,0.00048246118850603305,0.5568573596172363,0.5389002420339359,0.9999999993219324,0.9999999999999999,0.5389002420339359,0.9999999999999999,True,False,False,True,False,False,1.4957576009731044,56.040969491467635
765,ONOO,4500,8600,11.736,172.5192,4734.323561391459,0.3036549520772397,2.691105189005679e-10,0.0005101549123674634,0.5505027396966813,0.5257897258876412,0.9999999969115665,0.9999999999999999,0.5257897258876412,0.9999999999999999,True,False,False,True,False,False,1.4762924624958886,56.648438906316414
766,ONOO,4500,8700,11.717,172.2399,4735.251918206145,0.3054602437417177,3.061936396583649e-10,0.000538686935765932,0.5442818296788673,0.5133109685908622,0.9999999990592732,0.9999999999999999,0.5133109685908622,0.9999999999999999,True,False,False,True,False,False,1.4575927973290024,57.25464215523147
767,ONOO,4500,8800,11.698,171.9606,4736.0738713535,0.30724432320778,3.7060723767186515e-10,0.0005680575412522952,0.5381902126538068,0.5014188680556436,0.9999999997173225,0.999999999999965,0.5014188680556436,0.999999999999965,True,False,False,True,False,False,1.4396090804267379,57.85957697526543
768,ONOO,4500,8900,11.679,171.6813,4736.7905682925275,0.3090075189653762,3.824685690718867e-10,0.0005982666016254649,0.532223659358711,0.49007242713769256,0.9999999997681448,0.9999999999999865,0.49007242713769256,0.9999999999999865,True,False,False,True,False,False,1.4222960862645349,58.46324109494992
769,ONOO,4500,9000,11.66,171.402,4737.403096297105,0.31075015414580864,4.185700692754093e-10,0.0006293134583872311,0.5263781218107894,0.4792343562663584,0.9999999995933512,0.9999999999999999,0.4792343562663584,0.9999999999999999,True,False,False,True,False,False,1.4056124776704988,59.06563223424833
770,ONOO,4500,9100,11.638,171.0786,4736.759995122237,0.3125077398905113,4.521545573442139e-10,0.0006621718833708939,0.5205230763870591,0.46864714797692064,0.9999999992222323,0.9999999999999999,0.46864714797692064,0.9999999999999999,True,False,False,True,False,False,1.3891702235862118,59.658031342194334
771,ONOO,4500,9200,11.616,170.75519999999997,4736.009563580032,0.31424523019868145,5.087023027455964e-10,0.0006959411098483543,0.5147836482152208,0.4585174320571349,0.999999999763394,0.9999999999985119,0.4585174320571349,0.9999999999985119,True,False,False,True,False,False,1.3733010800342615,60.248939099951556
772,ONOO,4500,9300,11.594,170.43179999999998,4735.1527946028855,0.31596292171469037,5.005925419637724e-10,0.0007306202515845352,0.5091562144734285,0.4488160226193767,0.9999999999999973,0.9999999999999999,0.4488160226193767,0.9999999999999999,True,False,False,True,False,False,1.3579722370928025,60.83835237517732
773,ONOO,4500,9400,11.572,170.1084,4734.190666180589,0.3176611053053684,5.105499101870986e-10,0.0007662084669060129,0.5036373049128285,0.4395154669690118,0.9999999999958861,0.9999999999999999,0.4395154669690118,0.9999999999999999,True,False,False,True,False,False,1.343152771877726,61.42626802170834
774,ONOO,4500,9500,11.55,169.785,4733.124143658247,0.3193400661361709,5.300358907008638e-10,0.0008027039525183079,0.4982235940692891,0.430590947569167,0.999999999998933,0.9999999999987665,0.430590947569167,0.999999999998933,True,False,False,True,False,False,1.3288145416361554,62.01268287947063
775,ONOO,4500,9600,11.528,169.4616,4731.954180976045,0.3210000837757727,5.108880647933751e-10,0.0008401041499398362,0.49291189385167133,0.42201962364206025,0.9999999740935994,0.9999999999999998,0.42201962364206025,0.9999999999999998,True,False,False,True,False,False,1.3149314915873307,62.597593774388706
776,ONOO,4500,9700,11.506,169.13819999999998,4730.681721373697,0.32264143231479886,4.636745729218212e-10,0.0008784066364278755,0.4876991465333708,0.4137804565640775,0.9999999999999999,0.9999999999999445,0.4137804565640775,0.9999999999999999,True,False,False,True,False,False,1.3014796030973925,63.18099751829387
777,ONOO,4500,9800,11.484,168.8148,4729.307697804238,0.3242643804894209,4.177272555138317e-10,0.0009176065619292589,0.4825824181432896,0.405854041973437,0.9999999999999984,0.9999999999999999,0.405854041973437,0.9999999999999999,True,False,False,True,False,False,1.2884364601167249,63.76289090883192
778,ONOO,4500,9900,11.462,168.4914,4727.83303320454,0.32586919180599905,3.7324832201329996e-10,0.0009577003992058066,0.4775588922428828,0.3982224563153227,0.9999999996589977,0.9999999999986234,0.3982224563153227,0.9999999999986234,True,False,False,True,False,False,1.2775588919005039,64.34327072936979
779,ONOO,4500,10000,11.44,168.16799999999998,4726.25864068765,0.32745612466410473,2.9478761554380446e-10,0.0009986828386473261,0.472625864068765,0.39086911904798954,0.9999999864157724,0.9999999999999999,0.39086911904798954,0.9999999999999999,True,False,False,True,False,False,1.2726258504845371,64.92213374890163
780,ONOO,4500,10100,11.416,167.8152,4723.799294836359,0.32904828813842096,1.9792005626493608e-10,0.0010414742600829924,0.46770290047884744,0.383667137227766,0.9999999999999948,0.9999999999999998,0.383667137227766,0.9999999999999998,True,False,False,True,False,False,1.267702900478842,65.4929374213846
781,ONOO,4500,10200,11.392,167.46239999999997,4721.23584104573,0.3306230261004491,1.6743082225351566e-10,0.0010852022818179591,0.462866258926052,0.37671957804771866,0.9999999573405121,0.9999999999999999,0.37671957804771866,0.9999999999999999,True,False,False,True,False,False,1.2628662162665638,66.06206925743406
782,ONOO,4500,10300,11.367999999999999,167.10959999999997,4718.575264137753,0.3321803662652615,8.102357233820533e-10,0.0011298601456079154,0.45811410331434493,0.3700127723130041,0.9999994712579193,0.9999999999999998,0.3700127723130041,0.9999999999999998,True,False,False,True,False,False,1.2581135745722638,66.62952532235752
783,ONOO,4500,10400,11.344,166.75679999999997,4715.814568128304,0.3337206775610035,1.5928152185169893e-05,0.0012002498793019386,0.4534437084738754,0.363533833995772,0.9901311982577335,0.9999999999999998,0.363533833995772,0.9999999999999998,True,False,False,True,False,False,1.2435749067316086,67.19530166207926
784,ONOO,4500,10500,11.32,166.404,4712.954735990336,0.335244186233456,7.76500811942157e-05,0.0013229603222730802,0.44885283199907966,0.35727098724589357,0.9624707463542458,0.9999999267231825,0.35727098724589357,0.9999999267231825,True,False,False,True,False,False,1.2113235050765079,67.75939430299914
785,ONOO,4500,10600,11.296,166.0512,4709.996701765427,0.336751115664672,0.00012637673996176044,0.0014527601241384647,0.44433931148730443,0.35121324381728036,0.9362597010128436,0.9999999999999928,0.35121324381728036,0.9999999999999928,True,False,False,True,False,False,1.1805990125001409,68.32179925185056
786,ONOO,4500,10700,11.271999999999998,165.69839999999996,4706.94136394719,0.3382416859974619,0.0003318468726103904,0.0015897987854670403,0.43990106205113927,0.3453503433671887,0.9113873329732123,0.9999999999923725,0.3453503433671887,0.9999999999923725,True,False,False,True,False,False,1.1512883950167239,68.88251249555701
787,ONOO,4500,10800,11.248,165.3456,4703.789594600825,0.3397161139212872,0.00026392481571086714,0.001734223592923096,0.4355360735741504,0.3396726967050688,0.8877550955857593,0.9999999999999993,0.3396726967050688,0.9999999999999993,True,False,False,True,False,False,1.1232911691599088,69.44153000108679
788,ONOO,4500,10900,11.224,164.9928,4700.542245644958,0.3411746125445021,0.0003444591090690672,0.001886177514579604,0.4312424078573356,0.33417133307384883,0.8652718385904159,0.9999999999999932,0.33417133307384883,0.9999999999999932,True,False,False,True,False,False,1.0965142464477446,69.99884771530695
789,ONOO,4500,11000,11.2,164.64,4697.200153130663,0.3426173913352496,0.00042381454764942343,0.00204579637636379,0.42701819573915123,0.32883785176908986,0.8438567146463978,0.9999999999324534,0.32883785176908986,0.9999999999324534,True,False,False,True,False,False,1.0708749103180022,70.55446156483534
790,ONOO,4500,11100,11.173,164.2431,4692.557564383422,0.34407781754062733,0.0005121826068022091,0.002218262297353891,0.4227529337282362,0.3235319825010412,0.8229181760740664,0.9999999993682177,0.3235319825010412,0.9999999993682177,True,False,False,True,False,False,1.0456711091705202,71.0974207337669
791,ONOO,4500,11200,11.145999999999999,163.84619999999998,4687.816312440586,0.3455226870603013,0.0006016592750190529,0.002399216307478791,0.4185550278964809,0.31838415089341415,0.8029447890484396,0.9999999999895772,0.31838415089341415,0.9999999999895772,True,False,False,True,False,False,1.0214998169344978,71.63843451332151
792,ONOO,4500,11300,11.119,163.4493,4682.9771971455,0.3469521926659778,0.0006960600392234128,0.002588806293140858,0.4144227608093363,0.31338708865654974,0.7838705397908767,0.999999995898398,0.31338708865654974,0.999999995898398,True,False,False,True,False,False,0.9982932964986111,72.17749758732724
793,ONOO,4500,11400,11.091999999999999,163.05239999999998,4678.041010070044,0.34836652377646665,0.0007856812577292983,0.002787173159934514,0.4103544745675477,0.3085337543486319,0.7656359018313227,0.9999999987785144,0.3085337543486319,0.9999999987785144,True,False,False,True,False,False,0.9759903751773847,72.71460460935016
794,ONOO,4500,11500,11.065,162.6555,4673.008535114604,0.3497658665091855,0.0008889646738679084,0.0029944357567011155,0.4063485682708351,0.303818249777328,0.7481883746042011,0.9999999798524081,0.303818249777328,0.9999999798524081,True,False,False,True,False,False,0.9545369227274442,73.24975020244078
795,ONOO,4500,11600,11.038,162.2586,4667.880548904926,0.35115040373724155,0.0009432702198910856,0.003210727859374139,0.4024034955952523,0.2992341729389487,0.731476835469343,0.9999999999969106,0.2992341729389487,0.9999999999969106,True,False,False,True,False,False,0.9338803310615058,73.78292895887735
796,ONOO,4500,11700,11.011,161.86169999999998,4662.657821071727,0.35252031514918264,0.0010177076280277215,0.003436162433779902,0.398517762484763,0.294775852385715,0.7154560215745178,0.9999999984740056,0.294775852385715,0.9999999984740056,True,False,False,True,False,False,0.9154560200485233,74.31413543990651
797,ONOO,4500,11800,10.984,161.4648,4657.341114435172,0.3538757773096169,0.0010742488244443395,0.0036708512901978203,0.39468992495213323,0.29043793163779696,0.7000836500967175,0.9999999999999465,0.29043793163779696,0.9999999999999465,True,False,False,True,False,False,0.9000836500966639,74.84336417548116
798,ONOO,4500,11900,10.956999999999999,161.06789999999998,4651.931185145886,0.3552169637199214,0.0011228591990516902,0.0039148869949222976,0.39091858698704923,0.286215348217778,0.6853222094552583,0.9999999999999849,0.286215348217778,0.9999999999999849,True,False,False,True,False,False,0.8853222094552432,75.37060966399504
799,ONOO,4500,12000,10.93,160.671,4646.428782795029,0.356544044878615,0.0011491047705485427,0.0041683677174507,0.38720239856625244,0.2821033209996414,0.6711350431566878,0.99999999999999,0.2821033209996414,0.99999999999999,True,False,False,True,False,False,0.8711350431566778,75.89586637201498
800,ONOO,4500,12100,10.9,160.23,4639.599783072687,0.3578890496602976,0.0011602370769864922,0.00443967905691536,0.38343799860104855,0.27798791636173525,0.6571210932546769,0.9999999999898613,0.27798791636173525,0.9999999999898613,True,False,False,True,False,False,0.8571210932445382,76.40698312688257
801,ONOO,4500,12200,10.87,159.789,4632.674059309888,0.3592200017389988,0.0011515485253552147,0.00472133573782112,0.3797273819106466,0.27397799678244794,0.64363998187223,0.999999999461449,0.27397799678244794,0.999999999461449,True,False,False,True,False,False,0.843639981333679,76.91585334538236
802,ONOO,4500,12300,10.84,159.34799999999998,4625.652341635295,0.3605370574935737,0.0011423187024221064,0.0050134265640799855,0.3760692960679101,0.27006931497540265,0.6306614100372732,0.9999999891412857,0.27006931497540265,0.9999999891412857,True,False,False,True,False,False,0.8306613991785589,77.42246995729461
803,ONOO,4500,12400,10.81,158.907,4618.535354691374,0.36184037065681224,0.0010729750698430579,0.00531601870382565,0.37246252860414303,0.26625784961186716,0.6181587519115785,0.9999999988972554,0.26625784961186716,0.9999999988972554,True,False,False,True,False,False,0.8181587508088339,77.92682584629911
804,ONOO,4500,12500,10.780000000000001,158.466,4611.323817680685,0.3631300923645184,0.0009965451790997027,0.005629182888205495,0.36890590541445484,0.2625397905476722,0.6061053048632743,0.9999999999999925,0.2625397905476722,0.9999999999999925,True,False,False,True,False,False,0.8061053048632667,78.42891384953282
805,ONOO,4500,12600,10.75,158.025,4604.018444408988,0.36440637120330616,0.0008926275719309175,0.00595297028839215,0.36539828923880857,0.2589115251967546,0.5944773215468431,0.9999999999889627,0.2589115251967546,0.9999999999889627,True,False,False,True,False,False,0.7944773215358057,78.92872675714267
806,ONOO,4500,12700,10.72,157.584,4596.618170349513,0.3656694080118499,0.0007777095864655393,0.006287425514937877,0.36193843861019787,0.2553695767359655,0.5832524089725952,0.9999999999999997,0.2553695767359655,0.9999999999999997,True,False,False,True,False,False,0.7832524089725948,79.42625731183199
807,ONOO,4500,12800,10.690000000000001,157.143,4589.127783238003,0.3669192203472016,0.0006725033788880326,0.006632567368318306,0.35852560806546896,0.25191080522099796,0.572410158658495,0.9999999997750326,0.25191080522099796,0.9999999997750326,True,False,False,True,False,False,0.7724101584335276,79.92149820840172
808,ONOO,4500,12900,10.66,156.702,4581.545512067172,0.3681560255568176,0.0005333869804918304,0.006988417432754643,0.3551585668269126,0.24853204882954905,0.5619309705360032,0.9999999905255883,0.24853204882954905,0.9999999905255883,True,False,False,True,False,False,0.7619309610615914,80.41444209328564
809,ONOO,4500,13000,10.63,156.261,4573.872093393142,0.36937996114670896,0.0003918927255008378,0.0073549821779029,0.3518363148763955,0.24523036993381905,0.5517964897593861,0.9999999873617788,0.24523036993381905,0.9999999873617788,True,False,False,True,False,False,0.7517964771211648,80.90508156407982
810,ONOO,4500,13100,10.595,155.7465,4564.001448803773,0.3706418004486946,0.0021721936497676175,0.007752943259168782,0.3483970571605934,0.2418475409681209,0.5415243759652172,0.9999993396555777,0.2418475409681209,0.9999993396555777,True,False,False,True,False,False,0.7415237156207949,81.3710463082956
811,ONOO,4500,13200,10.56,155.232,4554.031127507707,0.37189051197492984,0.0011145787790042827,0.008163101612281929,0.3450023581445233,0.2385408340679843,0.53158722279041,0.9999996685932918,0.2385408340679843,0.9999996685932918,True,False,False,True,False,False,0.7315868913837018,81.83425128415412
812,ONOO,4500,13300,10.525,154.7175,4543.961826316925,0.3731262174663376,0.0013619172865817347,0.008585439218579429,0.3416512651366109,0.23530750271410122,0.5219687646750616,0.999999578740061,0.23530750271410122,0.999999578740061,True,False,False,True,False,False,0.7219683434151225,82.29468589763523
813,ONOO,4500,13400,10.49,154.203,4533.794232617697,0.37434903676364445,82.16463127579736,0.009044705909645763,0.3383428531804252,0.23214493188173282,0.5126537051733616,0.9752354648285778,0.23214493188173282,0.9752354648285778,True,False,False,True,False,False,0.6878891700019394,82.75233947112244
814,ONOO,4500,13500,10.455,153.6885,4523.5290260144275,0.3755590877893592,206.59396761761067,0.009527799606226739,0.33507622414921684,0.22905010283577784,0.5036273988955974,0.9398579752178978,0.22905010283577784,0.9398579752178978,True,False,False,True,False,False,0.6434853741134952,83.20720124243509
815,ONOO,4500,13600,10.42,153.17399999999998,4513.166879197955,0.3767564865502838,331.1194510172143,0.01002165084532266,0.331850505823379,0.22602208157030473,0.4948771232597171,0.9067934295726603,0.22602208157030473,0.9067934295726603,True,False,False,True,False,False,0.6016705528323774,83.65926036384596
816,ONOO,4500,13700,10.385,152.65949999999998,4502.708459650528,0.37794134711459076,455.7460210773074,0.010526214723244018,0.32866485106938165,0.22305744643364891,0.4863896049830124,0.8758232700589246,0.22305744643364891,0.8758232700589246,True,False,False,True,False,False,0.562212875041937,84.1085059010841
817,ONOO,4500,13800,10.35,152.14499999999998,4492.154429420071,0.3791137816507492,580.4927469329548,0.011041402755869676,0.3255184369144979,0.2201541383483531,0.4781526194295662,0.8467518117540739,0.2201541383483531,0.8467518117540739,True,False,False,True,False,False,0.52490443118364,84.55492683232224
818,ONOO,4500,13900,10.315,151.63049999999998,4481.505445744445,0.3802739004364124,705.3488345314603,0.011567097877446522,0.32241046372262194,0.21731023595307605,0.47015591579840893,0.8194137339989428,0.21731023595307605,0.8194137339989428,True,False,False,True,False,False,0.4895696497973517,84.99851204714874
819,ONOO,4500,14000,10.28,151.11599999999999,4470.76216151534,0.3814218118711369,830.3239676662133,0.012103213147535019,0.31934015439395286,0.214523768442108,0.4623882505025134,0.7936580130944861,0.214523768442108,0.7936580130944861,True,False,False,True,False,False,0.4560462635969995,85.4392503455239
820,ONOO,4500,14100,10.238999999999999,150.5133,4457.335416101673,0.38261501746109416,962.4852477180144,0.012686232544842345,0.316123079156147,0.211630166211853,0.45439662441995243,0.7679455106413067,0.211630166211853,0.7679455106413067,True,False,False,True,False,False,0.42234213506125906,85.8475338806565
821,ONOO,4500,14200,10.197999999999999,149.91059999999996,4443.803011146729,0.38379549890394227,1094.7899242906533,0.013281496565254704,0.31294387402441753,0.20879437469086168,0.4466334305770105,0.7437003894453629,0.20879437469086168,0.7437003894453629,True,False,False,True,False,False,0.3903338200223733,86.2523695262281
822,ONOO,4500,14300,10.157,149.3079,4430.165586157313,0.38496334482538197,1227.2347846815085,0.013888907576394204,0.3098017892417701,0.20601449566702634,0.43908871110186315,0.7208028148356241,0.20601449566702634,0.7208028148356241,True,False,False,True,False,False,0.35989152593748724,86.65374092191031
823,ONOO,4500,14400,10.116,148.7052,4416.423778559914,0.3861186421013414,1359.8305593355426,0.014508370268226324,0.3066960957333274,0.20328871421492153,0.4317530609723746,0.6991426785510851,0.20328871421492153,0.6991426785510851,True,False,False,True,False,False,0.3308957395234597,87.05163154933679
824,ONOO,4500,14500,10.075,148.1025,4402.5782237583235,0.3872614758707536,1492.5818923364575,0.01513978343398901,0.30362608439712574,0.20061529420881785,0.42461759489780276,0.6786226546929992,0.20061529420881785,0.6786226546929992,True,False,False,True,False,False,0.3032402495908019,87.44602472987022
825,ONOO,4500,14600,10.033999999999999,147.49979999999996,4388.629555180513,0.3883919295482005,1625.4850402226293,0.015783038931134377,0.3005910654233228,0.19799257412141474,0.41767391389796227,0.6591570539855962,0.19799257412141474,0.6591570539855962,True,False,False,True,False,False,0.2788383937621437,87.83690362232781
826,ONOO,4500,14700,9.992999999999999,146.89709999999997,4374.578404301105,0.3895100848367326,1758.5513086069077,0.016438031994007157,0.29759036763953095,0.19541896308676848,0.4109140733740374,0.6406655871958244,0.19541896308676848,0.6406655871958244,True,False,False,True,False,False,0.25616069748309334,88.22425122066467
827,ONOO,4500,14800,9.952,146.2944,4360.42540065907,0.39061602173990934,1891.782629080425,0.017104650827990193,0.2946233378823696,0.1928929372088807,0.404330553267268,0.6230775903571595,0.1928929372088807,0.6230775903571595,True,False,False,True,False,False,0.23451520641554677,88.60805035161421
828,ONOO,4500,14900,9.911,145.6917,4346.171171879821,0.391709818573635,2025.1875917883478,0.017782788919438006,0.29168934039461886,0.19041303609832255,0.39791595377107897,0.6063279465872735,0.19041303609832255,0.6063279465872735,True,False,False,True,False,False,0.21591491048895095,88.98828367228414
829,ONOO,4500,15000,9.87,145.08899999999997,4331.816343675574,0.39279155197790566,2158.757043076952,0.018472310769851223,0.2887877562450383,0.18797785962230343,0.39166422417077323,0.5903602850254266,0.18797785962230343,0.5903602850254266,True,False,False,True,False,False,0.20238242540312315,89.36493366770753
830,ONOO,4500,15100,9.821,144.3687,4313.820699196499,0.39393256537116855,2302.0616697384335,0.019236363635621066,0.2856834900130132,0.18539334391470605,0.38508506300007933,0.5739247364639388,0.18539334391470605,0.5739247364639388,True,False,False,True,False,False,0.18853139254923276,89.69444828535691
831,ONOO,4500,15200,9.772,143.6484,4295.707513923967,0.395060505909738,2445.5803689647873,0.020014648899781808,0.2826123364423662,0.18285510792269458,0.3786735452342564,0.5582612154718257,0.18285510792269458,0.5582612154718257,True,False,False,True,False,False,0.17540610754913114,90.01947953307136
832,ONOO,4500,15300,9.722999999999999,142.92809999999997,4277.47740007865,0.3961754187334902,2589.3179696093976,0.020807052264495782,0.27957368627965035,0.18036174620787251,0.37242296773818456,0.5433167039846838,0.18036174620787251,0.5433167039846838,True,False,False,True,False,False,0.16295495777681127,90.34000023131178
833,ONOO,4500,15400,9.674,142.2078,4259.129033378812,0.397277475100891,2733.2827098448092,0.021613468797679215,0.2765668203492735,0.17791189967791704,0.36632691861005356,0.5290424182378299,0.17791189967791704,0.5290424182378299,True,False,False,True,False,False,0.15113051855991289,90.6559828692943
834,ONOO,4500,15500,9.625,141.48749999999998,4240.667544143618,0.39836642275253875,2877.471584832416,0.022433744927325593,0.27359145446087857,0.17550430213001458,0.36037944762417085,0.5153953251909258,0.17550430213001458,0.5153953251909258,True,False,False,True,False,False,0.1398910230609112,90.96739959910536
835,ONOO,4500,15600,9.576,140.7672,4222.09076987864,0.3994424765577069,3021.896142053784,0.023267773883697322,0.27064684422298974,0.17313769417625077,0.35457474048372456,0.502334059957839,0.17313769417625077,0.502334059957839,True,False,False,True,False,False,0.1291963657815882,91.27422222968083
836,ONOO,4500,15700,9.527000000000001,140.04690000000002,4203.399406539838,0.40050567114847463,3166.5604531144677,0.02411542450100445,0.26773244627642284,0.17081088477226716,0.348907334976608,0.48982174288819047,0.17081088477226716,0.48982174288819047,True,True,False,True,False,False,0.1190108581159233,91.57642222064402
837,ONOO,4500,15800,9.478,139.32659999999998,4184.594089293453,0.4015560415522241,3311.46938620603,0.0249765625709225,0.2648477271704717,0.16852272900748877,0.3433720346941942,0.47782437297559177,0.16852272900748877,0.47782437297559177,True,True,False,True,False,False,0.10930164396810299,91.87397067599996
838,ONOO,4500,15900,9.429,138.6063,4165.6754557708255,0.40259362071517574,3456.627924864574,0.025851050341461894,0.26199216702961164,0.16627212667755287,0.3379638953956272,0.4663106416383905,0.16627212667755287,0.4663106416383905,True,True,False,True,False,False,0.1000385149608376,92.16683833768045
839,ONOO,4500,16000,9.38,137.886,4146.64412705571,0.40361844091336424,3602.043305153105,0.02673874836680745,0.2591652579409819,0.16405802003392192,0.33267820982285906,0.45525134714997084,0.16405802003392192,0.45525134714997084,True,True,False,True,False,False,0.09119332711604891,92.4549955789365
840,ONOO,4500,16100,9.321000000000002,137.01870000000002,4122.954933970744,0.4047115452984818,3759.908404834593,0.027739348348850338,0.2560841573894872,0.16166211644590875,0.32700352384029713,0.44358900985599975,0.16166211644590875,0.44358900985599975,True,True,False,True,False,False,0.08192689341009099,92.67818965383533
841,ONOO,4500,16200,9.262,136.1514,4099.129310546746,0.4057901164873221,3918.1018630684116,0.02875730395225599,0.25303267349053987,0.15930484279353935,0.3214586044683004,0.4323976182201647,0.15930484279353935,0.4323976182201647,True,True,False,True,False,False,0.07309277542662534,92.89536104543355
842,ONOO,4500,16300,9.203,135.2841,4075.167865731997,0.40685412792741243,4076.623747366957,0.02979244992675505,0.25001029851116546,0.15698509948984363,0.3160391667408665,0.42164933140710237,0.15698509948984363,0.42164933140710237,True,True,False,True,False,False,0.06466423191725873,93.10646199872428
843,ONOO,4500,16400,9.144,134.4168,4051.0712125556965,0.40790355009714563,4235.4853505781875,0.030844649351521848,0.2470165373509571,0.15470182967123142,0.31074009171823136,0.411317736785752,0.15470182967123142,0.411317736785752,True,True,False,True,False,False,0.05661590711452058,93.31144400916124
844,ONOO,4500,16500,9.085,133.5495,4026.83997819481,0.40893834985771116,4394.69345408921,0.03191374430696478,0.24405090776938243,0.1524540172623828,0.30555695727611915,0.40137866420670126,0.1524540172623828,0.40137866420670126,True,True,False,True,False,False,0.048924646944318445,93.51025780557795
845,ONOO,4500,16600,9.026,132.6822,4002.4747707300626,0.4099584922189967,4554.254992964142,0.03299957140988285,0.2411129379957869,0.1502406847753736,0.3004855353419423,0.39180972304525846,0.1502406847753736,0.39180972304525846,True,True,False,True,False,False,0.0497593152246264,93.70285333259908
846,ONOO,4500,16700,8.966999999999999,131.81489999999997,3977.9762172859805,0.41096393837991996,4714.180084423809,0.03410196487186462,0.23820216869975933,0.14806089187956864,0.2955217875220737,0.3825897367382964,0.14806089187956864,0.3825897367382964,True,True,False,True,False,False,0.05193910812043137,93.88917973252556
847,ONOO,4500,16800,8.908,130.9476,3953.344948397484,0.4119546465872804,4874.467215290205,0.03522074117257546,0.23531815169032644,0.1459137336116649,0.2906618575539998,0.37370053755220084,0.1459137336116649,0.37370053755220084,True,True,False,True,False,False,0.05408626638833511,94.06918532667338
848,ONOO,4500,16900,8.849,130.0803,3928.5816018457112,0.4129305715670001,5035.129990768675,0.0363557270265502,0.2324604498133557,0.14379833874526624,0.28590206302922316,0.3651233205931962,0.14379833874526624,0.3651233205931962,True,True,False,True,False,False,0.056201661254733776,94.2428175961468
849,ONOO,4500,17000,8.79,129.213,3903.686822373399,0.41389166452791765,5196.174335835943,0.037506735848203916,0.22962863661019994,0.14171386828994223,0.28123888699225746,0.35684152932948826,0.14171386828994223,0.35684152932948826,True,True,False,True,False,False,0.05828613171005778,94.4100231620237
850,ONOO,4500,17100,8.713999999999999,128.09579999999997,3870.70612188632,0.41495756187700916,5378.954386647576,0.03888443651218206,0.22635708315124678,0.13932204838653206,0.27593027697589956,0.34756067159575693,0.13932204838653206,0.34756067159575693,True,True,False,True,False,False,0.06067795161346795,94.45668788269187
851,ONOO,4500,17200,8.638,126.97859999999999,3837.546502267123,0.4160041930798364,5562.280721537347,0.04028679176454058,0.22311316873646064,0.13696520555004574,0.27073276227325566,0.33861904040447455,0.13696520555004574,0.33861904040447455,True,True,False,True,False,False,0.06303479444995427,94.49420551320158
852,ONOO,4500,17300,8.562,125.86139999999999,3804.208597482425,0.41703133043319385,5746.165723452834,0.04171359709682349,0.21989645072152744,0.13464237818886343,0.2656421883555824,0.3299974616674416,0.13464237818886343,0.3299974616674416,True,True,False,True,False,False,0.06535762181113658,94.52247162076759
853,ONOO,4500,17400,8.485999999999999,124.74419999999998,3770.693038071953,0.41803873745111464,5930.621764516015,0.043164634411747144,0.21670649644091686,0.132352641643238,0.26065459394393886,0.3216781190142919,0.132352641643238,0.3216781190142919,True,True,False,True,False,False,0.067647358356762,94.54137946448053
854,ONOO,4500,17500,8.41,123.627,3737.0004377364116,0.41902616890534156,6115.665384899826,0.04463971996034611,0.21354288215636638,0.13009510645443542,0.2557658125678779,0.3136443199813779,0.13009510645443542,0.3136443199813779,True,True,True,True,True,False,0.06990489354556459,94.55081992160665
855,ONOO,4500,17600,8.334,122.50979999999998,3703.131483231916,0.4199933672442258,6301.29958393503,0.04613849266766849,0.2104051979109043,0.12786891755875077,0.25097322687670265,0.305880772831469,0.12786891755875077,0.305880772831469,True,True,True,True,True,False,0.07213108244124924,94.55068141081853
856,ONOO,4500,17700,8.258,121.39259999999999,3669.08690295071,0.420940063898143,6487.540498011921,0.047660768934903536,0.20729304536444687,0.12567325240709581,0.24627265667054624,0.2983732918328029,0.12567325240709581,0.2983732918328029,True,True,True,True,True,False,0.0743267475929042,94.54084981220055
857,ONOO,4500,17800,8.181999999999999,120.27539999999998,3634.867383701108,0.42186598134856046,6674.4020733122525,0.049206274732409704,0.20420603279219707,0.12350731892865761,0.24166093276726194,0.2911081280159641,0.12350731892865761,0.2911081280159641,True,True,True,True,True,False,0.0764926810713424,94.52120838386114
858,ONOO,4500,17900,8.106,119.1582,3600.4736617338003,0.422770829343622,6861.895613107497,0.05077472215746535,0.2011437799851285,0.1213703549431716,0.2371349308556755,0.2840727827247673,0.1213703549431716,0.2840727827247673,True,True,True,False,False,False,0.07862964505682841,94.49163767497393
859,ONOO,4500,18000,8.03,118.04099999999998,3565.9066062405254,0.4236543016587904,7050.032740081911,0.05236581162103886,0.19810592256891807,0.11926162739969035,0.2326916467712052,0.27725552856081054,0.11926162739969035,0.27725552856081054,True,True,True,False,False,False,0.08263245003139161,94.45201543505951
860,ONOO,4500,18100,7.930999999999999,116.58569999999999,3520.0401244543973,0.4246412241171421,7268.985017028299,0.05433347214517806,0.1944773549422319,0.11675873670998772,0.22745659803182997,0.26934021088067145,0.11675873670998772,0.26934021088067145,True,True,True,False,False,False,0.0887639083477804,94.22757229629546
861,ONOO,4500,18200,7.832,115.1304,3473.9228102945385,0.4255966783638336,7488.921591923784,0.056338323819084865,0.1908748796865131,0.11428885993689272,0.22232038788594238,0.26168891178291337,0.11428885993689272,0.26168891178291337,True,True,True,False,False,False,0.0948362603765942,93.98810398789064
862,ONOO,4500,18300,7.733,113.67509999999999,3427.5554131764966,0.42651980320190386,7709.865902451314,0.05837995788853648,0.1872981100096446,0.11185111754231358,0.2172791986794839,0.2542868257779715,0.11185111754231358,0.2542868257779715,True,True,True,False,False,False,0.10085077244804183,93.73335161661855
863,ONOO,4500,18400,7.6339999999999995,112.21979999999999,3380.938582496989,0.42740971643513676,7931.844497587735,0.060457969914373785,0.18374666209222767,0.10944466017811912,0.21232939476181148,0.24711984684429952,0.10944466017811912,0.24711984684429952,False,True,True,False,False,False,0.10680867772965323,93.46304787749662
864,ONOO,4500,18500,7.535,110.7645,3334.073892537847,0.4282654138289894,8154.871370563851,0.06257177299113577,0.18022021040745118,0.10706867269743137,0.2074675286473046,0.24017591657217285,0.10706867269743137,0.24017591657217285,False,True,True,False,False,False,0.11271111689511748,93.17691666068347
865,ONOO,4500,18600,7.436,109.30919999999999,3286.9622079684495,0.42908591528631884,8378.97565869696,0.06472091791290145,0.17671839827787364,0.10472237632470498,0.20269030723222112,0.2334423876900194,0.10472237632470498,0.2334423876900194,False,True,True,False,False,False,0.1185592253974214,92.87467263441124
866,ONOO,4500,18700,7.337,107.8539,3239.604728586465,0.4298701664248055,8604.18030615741,0.06690484229899671,0.17324089457681632,0.1024050234478198,0.19799449601077213,0.22690805684017906,0.1024050234478198,0.22690805684017906,False,True,True,False,False,False,0.1263595859645918,92.55602080214666
867,ONOO,4500,18800,7.2379999999999995,106.39859999999999,3192.0027558378956,0.4306170577076364,8830.50556322566,0.06912293766417192,0.1697873806296753,0.10011590461061104,0.19337721078304654,0.22056244826867197,0.10011590461061104,0.22056244826867197,False,True,True,False,False,False,0.13671950397666716,92.22065603201054
868,ONOO,4500,18900,7.139,104.9433,3144.157698443492,0.43132542086286574,9057.975746060723,0.07137457814722706,0.16635755018219534,0.0978543423287876,0.18883538394944308,0.2143956710905011,0.0978543423287876,0.2143956710905011,False,True,True,False,False,False,0.14695272353957403,91.86826255630471
869,ONOO,4500,19000,7.04,103.488,3096.071078446087,0.4319940250311004,9286.606123914868,0.0736590584437966,0.16295110939189933,0.09561968504570396,0.18436669979358783,0.2083985991853444,0.09561968504570396,0.2083985991853444,False,True,True,False,False,False,0.15706250576880892,91.49851343879803
870,OONO,4500,8000,11.85,174.195,4726.467576106507,0.2923579501965084,5.293172411128148e-09,0.001253133369610363,0.5908084470133134,0.999999988984477,0.9999999999999999,0.038593713216451005,0.038593713216451005,0.9999999999999999,True,False,False,True,False,False,1.5522147227813392,52.984708540824066
871,OONO,4500,8100,11.831,173.9157,4728.055125497775,0.2942979595464395,4.462874855485718e-09,0.0012917703570226064,0.583710509320713,0.9999999999988093,0.9999999999999999,0.03861084702576398,0.03861084702576398,0.9999999999999999,True,False,False,True,False,False,1.545099662293758,53.59847513608215
872,OONO,4500,8200,11.812,173.63639999999998,4729.529972451539,0.29621460087864476,3.467898829104447e-09,0.0013308622327651012,0.5767719478599438,0.999999999804855,0.9999999999999645,0.04987652835517875,0.04987652835517875,0.9999999999999645,True,False,False,True,False,False,1.5268954193095845,54.21098675396727
873,OONO,4500,8300,11.793,173.35709999999997,4730.893238037441,0.2981082519170145,2.5423165836150357e-09,0.001370398796634522,0.5699871371129447,0.999999986732143,0.999999999998578,0.0490647033647207,0.0490647033647207,0.999999999998578,True,False,False,True,False,False,1.5209224204789449,54.822241173436716
874,OONO,4500,8400,11.774,173.07779999999997,4732.1460294795415,0.29997928223944526,1.5008550677910145e-09,0.0014103692297752146,0.5633507177951835,0.9999999997146921,0.9999999999999999,0.06954211079288695,0.06954211079288695,0.9999999999999999,True,False,False,True,False,False,1.4938086067169887,55.43223616515884
875,OONO,4500,8500,11.754999999999999,172.7985,4733.287556746508,0.3018281153849453,6.50448546718591e-10,0.0014507634659039427,0.5568573596172363,0.9999999993693919,0.9999999999999998,0.03859037480201568,0.03859037480201568,0.9999999999999998,True,False,False,True,False,False,1.5182669841846121,56.040969491467635
876,OONO,4500,8700,11.717,172.2399,4735.251918206145,0.3054602437417177,2.1193949018621293e-12,0.00019562208325369485,0.5442818296788673,0.9720046201546831,0.9999999999994061,0.9999999999999999,0.5442818296788673,0.9999999999999999,True,False,False,True,False,False,1.9162864498329564,57.25464215523147
877,OONO,4500,8800,11.698,171.9606,4736.0738713535,0.30724432320778,3.915498531562012e-12,0.00021914887833481155,0.5381902126538068,0.948660239170402,0.9999999999999591,0.9999999999999998,0.5381902126538068,0.9999999999999998,True,False,False,True,False,False,1.8868504518241678,57.85957697526543
878,OONO,4500,8900,11.679,171.6813,4736.7905682925275,0.3090075189653762,7.175326369993707e-12,0.00024387558430280967,0.532223659358711,0.9264023799835909,0.9999999999999978,0.9999999999999999,0.532223659358711,0.9999999999999999,True,False,False,True,False,False,1.8586260393422995,58.46324109494992
879,OONO,4500,9000,11.66,171.402,4737.403096297105,0.31075015414580864,1.169493214038127e-11,0.0002698095906174008,0.5263781218107894,0.9051568360920181,0.9999999999999999,0.9999999999999998,0.5263781218107894,0.9999999999999999,True,False,False,True,False,False,1.8315349579028068,59.06563223424833
880,OONO,4500,9100,11.638,171.0786,4736.759995122237,0.3125077398905113,1.7301743773730417e-11,0.00029770594483572593,0.5205230763870591,0.8844177343767594,0.9999999859299931,0.9999999999999998,0.5205230763870591,0.9999999999999998,True,False,False,True,False,False,1.8049407966938111,59.658031342194334
881,OONO,4500,9200,11.616,170.75519999999997,4736.009563580032,0.31424523019868145,2.3763139009802575e-11,0.0003269071906907191,0.5147836482152208,0.8645898552970769,0.9999999999999998,0.9999999999999898,0.5147836482152208,0.9999999999999998,True,False,False,True,False,False,1.779373503512287,60.248939099951556
882,OONO,4500,9300,11.594,170.43179999999998,4735.1527946028855,0.31596292171469037,3.129037285848974e-11,0.00035741746358681646,0.5091562144734285,0.8456139576599779,0.9999999964084727,0.9999999999999999,0.5091562144734285,0.9999999999999999,True,False,False,True,False,False,1.754770168541879,60.83835237517732
883,OONO,4500,9400,11.572,170.1084,4734.190666180589,0.3176611053053684,3.902439534614892e-11,0.0003892384775428831,0.5036373049128285,0.8274362503427997,0.9999999999999994,0.9999999999999999,0.5036373049128285,0.9999999999999999,True,False,False,True,False,False,1.7310735552556273,61.42626802170834
884,OONO,4500,9500,11.55,169.785,4733.124143658247,0.3193400661361709,8.229908769744089e-11,0.000422369787017873,0.4982235940692891,0.8100068154307916,0.9999999999999927,0.9999999999999999,0.4982235940692891,0.9999999999999999,True,False,False,True,False,False,1.708230409500073,62.01268287947063
885,OONO,4500,9600,11.528,169.4616,4731.954180976045,0.3210000837757727,5.3747631429203803e-11,0.0004568082160373934,0.49291189385167133,0.7932800183905638,0.9999999999829055,0.9999999999999996,0.49291189385167133,0.9999999999999996,True,False,False,True,False,False,1.6861919122251403,62.597593774388706
886,OONO,4500,9700,11.506,169.13819999999998,4730.681721373697,0.32264143231479886,5.735302842327922e-11,0.0004925479842723693,0.4876991465333708,0.777214176420774,0.9999999995412445,0.9999999999999941,0.4876991465333708,0.9999999999999941,True,False,False,True,False,False,1.6649133224953834,63.18099751829387
887,OONO,4500,9800,11.484,168.8148,4729.307697804238,0.3242643804894209,5.7851823436623524e-11,0.0005295805599103248,0.4825824181432896,0.7617702570611568,0.9999999999999964,0.9999999999999998,0.4825824181432896,0.9999999999999998,True,False,False,True,False,False,1.6443526752044426,63.76289090883192
888,OONO,4500,9900,11.462,168.4914,4727.83303320454,0.32586919180599905,5.44834381445255e-11,0.0005678967083849405,0.4775588922428828,0.7469115754174191,0.9999999998862708,0.9999999999999998,0.4775588922428828,0.9999999999999998,True,False,False,True,False,False,1.6244704675465722,64.34327072936979
889,OONO,4500,10000,11.44,168.16799999999998,4726.25864068765,0.32745612466410473,4.8287765563719915e-11,0.0006074788432353517,0.472625864068765,0.7326078796600743,0.9999999893487242,0.9999999999999999,0.472625864068765,0.9999999999999999,True,False,False,True,False,False,1.6052337330775635,64.92213374890163
890,OONO,4500,10100,11.416,167.8152,4723.799294836359,0.32904828813842096,3.4294233119637296e-11,0.000649141390728255,0.46770290047884744,0.7186098605143187,0.999999999677333,0.9999999999999998,0.46770290047884744,0.9999999999999998,True,False,False,True,False,False,1.586312760670499,65.4929374213846
891,OONO,4500,10200,11.392,167.46239999999997,4721.23584104573,0.3306230261004491,1.9823310219944272e-11,0.00069210921709923,0.462866258926052,0.705116733045882,0.9999999982510176,0.9999999999999408,0.462866258926052,0.9999999999999408,True,False,False,True,False,False,1.5679829902228923,66.06206925743406
892,OONO,4500,10400,11.344,166.75679999999997,4715.814568128304,0.3337206775610035,8.549910622684863e-06,0.0008038830994431075,0.4534437084738754,0.6795402163543937,0.9760798796521116,0.9999999999056479,0.4534437084738754,0.9999999999056479,True,False,False,True,False,False,1.5090638043860285,67.19530166207926
893,OONO,4500,10500,11.32,166.404,4712.954735990336,0.335244186233456,7.901102640016974e-05,0.0009072021475408275,0.44885283199907966,0.6674072765914698,0.9235661885454612,0.9999999999878822,0.44885283199907966,0.9999999999878822,True,False,False,True,False,False,1.4398262971238929,67.75939430299914
894,OONO,4500,10600,11.296,166.0512,4709.996701765427,0.336751115664672,8.848195750542818e-05,0.0010179319281318213,0.44433931148730443,0.6556819750403229,0.8763527963243937,0.9999999999999983,0.44433931148730443,0.9999999999999983,True,False,False,True,False,False,1.3763740828520192,68.32179925185056
895,OONO,4500,10700,11.271999999999998,165.69839999999996,4706.94136394719,0.3382416859974619,0.0001031022640888609,0.0011362354831559074,0.43990106205113927,0.6443432712751155,0.833675767256887,0.9999999854363604,0.43990106205113927,0.9999999854363604,True,False,False,True,False,False,1.3179200860195022,68.88251249555701
896,OONO,4500,10800,11.248,165.3456,4703.789594600825,0.3397161139212872,0.00013906970753924572,0.0012622683207036771,0.4355360735741504,0.6333721234769001,0.7949141512538493,0.9999999999695801,0.4355360735741504,0.9999999999695801,True,False,False,True,False,False,1.2638223482744797,69.44153000108679
897,OONO,4500,10900,11.224,164.9928,4700.542245644958,0.3411746125445021,0.00018565870191801487,0.0013961814214056448,0.4312424078573356,0.6227506432867381,0.759552604635872,0.9999999998473293,0.4312424078573356,0.9999999998473293,True,False,False,True,False,False,1.213545655627275,69.99884771530695
898,OONO,4500,11000,11.2,164.64,4697.200153130663,0.3426173913352496,0.00024029803142029248,0.0015381199151469887,0.42701819573915123,0.6124620627731083,0.7271635610806774,0.999999997210458,0.42701819573915123,0.999999997210458,True,False,False,True,False,False,1.1666438168033948,70.55446156483534
899,OONO,4500,11100,11.173,164.2431,4692.557564383422,0.34407781754062733,0.0002950606129408595,0.0016927075831763214,0.4227529337282362,0.6022361588253787,0.6966475853504319,0.9999999999999963,0.4227529337282362,0.9999999999999963,True,False,False,True,False,False,1.1216366779040432,71.0974207337669
900,OONO,4500,11200,11.145999999999999,163.84619999999998,4687.816312440586,0.3455226870603013,0.0004065244978316597,0.0018561769430233458,0.4185550278964809,0.592323193287129,0.6685421444422923,0.9999999436256322,0.4185550278964809,0.9999999436256322,True,False,False,True,False,False,1.0794203092515344,71.63843451332151
901,OONO,4500,11300,11.119,163.4493,4682.9771971455,0.3469521926659778,0.0004198058514995563,0.0020286754654112575,0.4144227608093363,0.5827097438036225,0.6425736600830383,0.9999999999999953,0.4144227608093363,0.9999999999999953,True,False,False,True,False,False,1.0397061646959924,72.17749758732724
902,OONO,4500,11400,11.091999999999999,163.05239999999998,4678.041010070044,0.34836652377646665,0.00048388672318960563,0.0022103496294663314,0.4103544745675477,0.573381309087301,0.6185076758983635,0.9999999999999977,0.4103544745675477,0.9999999999999977,True,False,False,True,False,False,1.0022434595532097,72.71460460935016
903,OONO,4500,11500,11.065,162.6555,4673.008535114604,0.3497658665091855,0.000551910931239085,0.0024013397454757837,0.4063485682708351,0.5643251769514253,0.5961416816659624,0.9999999972856015,0.4063485682708351,0.9999999972856015,True,False,False,True,False,False,0.9668154241738242,73.24975020244078
904,OONO,4500,11600,11.038,162.2586,4667.880548904926,0.35115040373724155,0.0006117833497275684,0.002601778359454218,0.4024034955952523,0.5555293165668885,0.5753013082674941,0.9999999999999164,0.4024034955952523,0.9999999999999164,True,False,False,True,False,False,0.9332341204295513,73.78292895887735
905,OONO,4500,11700,11.011,161.86169999999998,4662.657821071727,0.35252031514918264,0.0006656877992711318,0.00281177894319783,0.398517762484763,0.5469823688582919,0.5558379036643202,0.9999999999321747,0.398517762484763,0.9999999999321747,True,False,False,True,False,False,0.9028202724547867,74.31413543990651
906,OONO,4500,11800,10.984,161.4648,4657.341114435172,0.3538757773096169,0.000716572235887737,0.003031462871934189,0.39468992495213323,0.5386736144805792,0.5376173777771316,0.999999999977057,0.39468992495213323,0.999999999977057,True,False,False,True,False,False,0.8762909922347677,74.84336417548116
907,OONO,4500,11900,10.956999999999999,161.06789999999998,4651.931185145886,0.3552169637199214,0.0007590845734589093,0.0032609335857436196,0.39091858698704923,0.5305929348310694,0.5205248144755565,0.9999999999825708,0.39091858698704923,0.9999999999825708,True,False,False,True,False,False,0.8511177492891967,75.37060966399504
908,OONO,4500,12000,10.93,160.671,4646.428782795029,0.356544044878615,0.0007937924473420093,0.0035002874179496856,0.38720239856625244,0.5227307725521546,0.5044585800395123,0.9999999999999947,0.38720239856625244,0.9999999999999947,True,False,False,True,False,False,0.8271893525916615,75.89586637201498
909,OONO,4500,12100,10.9,160.23,4639.599783072687,0.3578890496602976,0.0008173751071670621,0.003757440350760703,0.38343799860104855,0.5148699499859931,0.4889246378205499,0.999999999999979,0.38343799860104855,0.999999999999979,True,False,False,True,False,False,0.803794587806522,76.40698312688257
910,OONO,4500,12200,10.87,159.789,4632.674059309888,0.3592200017389988,0.000817868745682071,0.004025411550948284,0.3797273819106466,0.5072173218066514,0.47428673815966166,0.9999999989644859,0.3797273819106466,0.9999999989644859,True,False,False,True,False,False,0.7815040589307989,76.91585334538236
911,OONO,4500,12300,10.84,159.34799999999998,4625.652341635295,0.3605370574935737,0.000837431401886541,0.004304283917921266,0.3760692960679101,0.49976508451177926,0.46046966918653315,0.9999999913831786,0.3760692960679101,0.9999999913831786,True,False,False,True,False,False,0.760234745081491,77.42246995729461
912,OONO,4500,12400,10.81,158.907,4618.535354691374,0.36184037065681224,0.0007805063501519216,0.0045941437072118,0.37246252860414303,0.49250470167112154,0.4474057436604609,0.9999999996238627,0.37246252860414303,0.9999999996238627,True,False,False,True,False,False,0.739910444955445,77.92682584629911
913,OONO,4500,12500,10.780000000000001,158.466,4611.323817680685,0.3631300923645184,0.0007261813806741285,0.00489505703149563,0.36890590541445484,0.4854286049049537,0.4350348613711427,0.9999999999540495,0.36890590541445484,0.9999999999540495,True,False,False,True,False,False,0.7204634662301459,78.42891384953282
914,OONO,4500,12600,10.75,158.025,4604.018444408988,0.36440637120330616,0.0006600875743110271,0.005207081981681166,0.36539828923880857,0.47852959682660856,0.42330278158160367,0.9999999999910659,0.36539828923880857,0.9999999999910659,True,False,False,True,False,False,0.7018323783992781,78.92872675714267
915,OONO,4500,12700,10.72,157.584,4596.618170349513,0.3656694080118499,0.0005991824828043817,0.005530260095859222,0.36193843861019787,0.4718007464021816,0.41216175343371386,0.9999999988598378,0.36193843861019787,0.9999999988598378,True,False,False,True,False,False,0.6839624986957332,79.42625731183199
916,OONO,4500,12800,10.690000000000001,157.143,4589.127783238003,0.3669192203472016,0.0005348181014658282,0.005864618040112278,0.35852560806546896,0.4652357705020159,0.40156763067241386,0.9999999890429832,0.35852560806546896,0.9999999890429832,True,False,False,True,False,False,0.6668033902174129,79.92149820840172
917,OONO,4500,12900,10.66,156.702,4581.545512067172,0.3681560255568176,0.00044223239594078784,0.0062101788947088255,0.3551585668269126,0.4588283629603981,0.39148080370921856,0.9999999757438999,0.3551585668269126,0.9999999757438999,True,False,False,True,False,False,0.6588283387042979,80.41444209328564
918,OONO,4500,13000,10.63,156.261,4573.872093393142,0.36937996114670896,0.00033180457493833804,0.006566947355087519,0.3518363148763955,0.45257265606087366,0.3818654808798654,0.9999999851531902,0.3518363148763955,0.9999999851531902,True,False,False,True,False,False,0.6525726412140638,80.90508156407982
919,OONO,4500,13100,10.595,155.7465,4564.001448803773,0.3706418004486946,0.00015821599671793363,0.006955038766555273,0.3483970571605934,0.44617045653807347,0.3722561631034861,0.9999999998298114,0.3483970571605934,0.9999999998298114,True,False,False,True,False,False,0.6461704563678847,81.3710463082956
920,OONO,4500,13200,10.56,155.232,4554.031127507707,0.37189051197492984,0.00142865733498454,0.007355871312448887,0.3450023581445233,0.43991813361204035,0.3630886504968435,0.9999995582501339,0.3450023581445233,0.9999995582501339,True,False,False,True,False,False,0.6399176918621742,81.83425128415412
921,OONO,4500,13300,10.525,154.7175,4543.961826316925,0.3731262174663376,0.011425666649749533,0.007769440066162236,0.3416512651366109,0.4338101940757206,0.35433253689294664,0.9999964329466606,0.3416512651366109,0.9999964329466606,True,False,False,True,False,False,0.6338066270223812,82.29468589763523
922,OONO,4500,13400,10.49,154.203,4533.794232617697,0.37434903676364445,90.50975077958316,0.008220666374952045,0.3383428531804252,0.42784140792978587,0.34596129323056435,0.9727204194956987,0.3383428531804252,0.9727204194956987,True,False,False,True,False,False,0.6005618274254845,82.75233947112244
923,OONO,4500,13500,10.455,153.6885,4523.5290260144275,0.3755590877893592,214.83795332679003,0.008693141991022828,0.33507622414921684,0.42200650542237167,0.3379489964352316,0.9374552333364251,0.33507622414921684,0.9374552333364251,True,False,False,True,False,False,0.5594617387587968,83.20720124243509
924,OONO,4500,13600,10.42,153.17399999999998,4513.166879197955,0.3767564865502838,339.2634536468134,0.009177315885233892,0.331850505823379,0.4163014489970046,0.33027320777522917,0.9044923326761478,0.33027320777522917,0.9044923326761478,True,False,False,True,False,False,0.5207937816731524,83.65926036384596
925,OONO,4500,13700,10.385,152.65949999999998,4502.708459650528,0.37794134711459076,463.7862827170503,0.009673078675159524,0.32866485106938165,0.4107212237093838,0.3229126560615163,0.8736158969759761,0.3229126560615163,0.8736158969759761,True,False,False,True,False,False,0.48433712068535983,84.1085059010841
926,OONO,4500,13800,10.35,152.14499999999998,4492.154429420071,0.3791137816507492,588.4224908503215,0.010180312077942396,0.3255184369144979,0.4052615369539537,0.31584804320450993,0.8446320286144825,0.31584804320450993,0.8446320286144825,True,False,False,True,False,False,0.4498935655684362,84.55492683232224
927,OONO,4500,13900,10.315,151.63049999999998,4481.505445744445,0.3802739004364124,713.1695936294766,0.010698890134230891,0.32241046372262194,0.3999182796674712,0.3090615930072383,0.8173744252927869,0.3090615930072383,0.8173744252927869,True,False,False,True,False,False,0.4173744252927869,84.99851204714874
928,OONO,4500,14000,10.28,151.11599999999999,4470.76216151534,0.3814218118711369,838.032621496526,0.011228687101696872,0.31934015439395286,0.39468752072901875,0.3025369106504307,0.7916939416011216,0.3025369106504307,0.7916939416011216,True,False,False,True,False,False,0.3916939416011216,85.4392503455239
929,OONO,4500,14100,10.238999999999999,150.5133,4457.335416101673,0.38261501746109416,970.0687142304402,0.01180572646977689,0.316123079156147,0.3892624042014255,0.2958923055444283,0.7660561177562849,0.2958923055444283,0.7660561177562849,True,False,False,True,False,False,0.3660561177562849,85.8475338806565
930,OONO,4500,14200,10.197999999999999,149.91059999999996,4443.803011146729,0.38379549890394227,1102.2485525910809,0.012395857434864524,0.31294387402441753,0.3839506014570261,0.28950226614852576,0.7418805437640063,0.28950226614852576,0.7418805437640063,True,False,False,True,False,False,0.34188054376400623,86.2523695262281
931,OONO,4500,14300,10.157,149.3079,4430.165586157313,0.38496334482538197,1234.5625978956382,0.01299893360116312,0.3098017892417701,0.3787483115014377,0.28335308045442126,0.7190490995226941,0.28335308045442126,0.7190490995226941,True,False,False,True,False,False,0.3190490995226941,86.65374092191031
932,OONO,4500,14400,10.116,148.7052,4416.423778559914,0.3861186421013414,1367.0269922711097,0.013614845942911319,0.3066960957333274,0.3736518996217118,0.2774303473128804,0.6974511756442981,0.2774303473128804,0.6974511756442981,True,False,False,True,False,False,0.2974511756442981,87.05163154933679
933,OONO,4500,14500,10.075,148.1025,4402.5782237583235,0.3872614758707536,1499.6462448853604,0.014243463802465573,0.30362608439712574,0.3686578887930248,0.27172152039129666,0.6769899077008656,0.27172152039129666,0.6769899077008656,True,False,False,True,False,False,0.2769899077008656,87.44602472987022
934,OONO,4500,14600,10.033999999999999,147.49979999999996,4388.629555180513,0.3883919295482005,1632.4158047737378,0.014884650694919246,0.3005910654233228,0.3637629514645337,0.2662149181639064,0.6575801550258215,0.2662149181639064,0.6575801550258215,True,False,False,True,False,False,0.25758015502582143,87.83690362232781
935,OONO,4500,14700,9.992999999999999,146.89709999999997,4374.578404301105,0.3895100848367326,1765.3478877467714,0.015538274568221443,0.29759036763953095,0.35896390177955395,0.26089967052858265,0.639141759884824,0.26089967052858265,0.639141759884824,True,False,False,True,False,False,0.239141759884824,88.22425122066467
936,OONO,4500,14800,9.952,146.2944,4360.42540065907,0.39061602173990934,1898.4444238926433,0.016204196906033426,0.2946233378823696,0.3542576882378816,0.25576565520478295,0.6216043511575894,0.25576565520478295,0.6216043511575894,True,False,False,True,False,False,0.22160435115758936,88.60805035161421
937,OONO,4500,14900,9.911,145.6917,4346.171171879821,0.391709818573635,2031.7122075611749,0.016882279118379577,0.29168934039461886,0.34964138678795376,0.2508034447721497,0.6049032331398561,0.2508034447721497,0.6049032331398561,True,False,False,True,False,False,0.20490323313985603,88.98828367228414
938,OONO,4500,15000,9.87,145.08899999999997,4331.816343675574,0.39279155197790566,2165.1471240032615,0.017572374816763367,0.2887877562450383,0.3451121943285446,0.24600424797385803,0.5889817308629375,0.24600424797385803,0.5889817308629375,True,False,False,True,False,False,0.18898173086293746,89.36493366770753
939,OONO,4500,15100,9.821,144.3687,4313.820699196499,0.39393256537116855,2308.301605526122,0.01833760393042761,0.2856834900130132,0.3403119523910399,0.24099304757660153,0.5725940647645567,0.24099304757660153,0.5725940647645567,True,False,False,True,False,False,0.17259406476455663,89.69444828535691
940,OONO,4500,15200,9.772,143.6484,4295.707513923967,0.395060505909738,2451.6719357769807,0.01911775004891404,0.2826123364423662,0.33560176012098136,0.23614769532969596,0.55697626205824,0.23614769532969596,0.55697626205824,True,False,False,True,False,False,0.15697626205824,90.01947953307136
941,OONO,4500,15300,9.722999999999999,142.92809999999997,4277.47740007865,0.3961754187334902,2595.2585184118593,0.019912653093547825,0.27957368627965035,0.33097925882471046,0.23145985616043768,0.5420759134177133,0.23145985616043768,0.5420759134177133,True,False,False,True,False,False,0.1420759134177133,90.34000023131178
942,OONO,4500,15400,9.674,142.2078,4259.129033378812,0.397277475100891,2739.073202509777,0.020722192145636687,0.2765668203492735,0.32644140584655984,0.22692147357652542,0.5278440073096752,0.22692147357652542,0.5278440073096752,True,False,False,True,False,False,0.12784400730967516,90.6559828692943
943,OONO,4500,15500,9.625,141.48749999999998,4240.667544143618,0.39836642275253875,2883.112556332142,0.02154618630495617,0.27359145446087857,0.3219856810991784,0.22252521734048186,0.514237729551534,0.22252521734048186,0.514237729551534,True,False,False,True,False,False,0.114237729551534,90.96739959910536
944,OONO,4500,15600,9.576,140.7672,4222.09076987864,0.3994424765577069,3027.391482479068,0.022384533886217986,0.27064684422298974,0.3176095562370098,0.2182637127295876,0.5012155407837527,0.2182637127295876,0.5012155407837527,True,False,False,True,False,False,0.10121554078375272,91.27422222968083
945,OONO,4500,15700,9.527000000000001,140.04690000000002,4203.399406539838,0.40050567114847463,3171.9034276279444,0.023236966901335226,0.26773244627642284,0.3133106433902993,0.21413196455690336,0.48874146199274365,0.21413196455690336,0.48874146199274365,True,True,False,True,False,False,0.08874146199274363,91.57642222064402
946,OONO,4500,15800,9.478,139.32659999999998,4184.594089293453,0.4015560415522241,3316.6686205753354,0.02410346324945783,0.2648477271704717,0.30908664568953215,0.21012177496436113,0.4767804501967383,0.21012177496436113,0.4767804501967383,True,True,False,True,False,False,0.07678045019673829,91.87397067599996
947,OONO,4500,15900,9.429,138.6063,4165.6754557708255,0.40259362071517574,3461.6824886415743,0.024983786446347342,0.26199216702961164,0.30493535504322167,0.20622874125069607,0.4653019898257153,0.20622874125069607,0.4653019898257153,True,True,False,True,False,False,0.06530198982571528,92.16683833768045
948,OONO,4500,16000,9.38,137.886,4146.64412705571,0.40361844091336424,3606.954876493846,0.02587778626603628,0.2591652579409819,0.3008546480531221,0.20244718551503135,0.4542767467864213,0.20244718551503135,0.4542767467864213,True,True,False,True,False,False,0.054276746786421304,92.4549955789365
949,OONO,4500,16100,9.321000000000002,137.01870000000002,4122.954933970744,0.4047115452984818,3764.6601922763434,0.026885759948992734,0.2560841573894872,0.29644546551199075,0.19841258498737416,0.44265072355512336,0.19841258498737416,0.44265072355512336,True,True,False,True,False,False,0.04423813856774919,92.67818965383533
950,OONO,4500,16200,9.262,136.1514,4099.129310546746,0.4057901164873221,3922.693620985234,0.027911607986180427,0.25303267349053987,0.2921110965879469,0.19449542647646426,0.43149452172880864,0.19449542647646426,0.43149452172880864,True,True,False,True,False,False,0.03699909525234438,92.89536104543355
951,OONO,4500,16300,9.203,135.2841,4075.167865731997,0.40685412792741243,4081.061491942931,0.028955156222735406,0.25001029851116546,0.28784931920479734,0.19069022194706098,0.42077999511682823,0.19069022194706098,0.42077999511682823,True,True,False,True,False,False,0.030089773169767242,93.10646199872428
952,OONO,4500,16400,9.144,134.4168,4051.0712125556965,0.40790355009714563,4239.770869328421,0.03001622530112785,0.2470165373509571,0.2836579974187028,0.18699181364288847,0.4104810567151851,0.18699181364288847,0.4104810567151851,True,True,False,True,False,False,0.023489243072296606,93.31144400916124
953,OONO,4500,16500,9.085,133.5495,4026.83997819481,0.40893834985771116,4398.8289618928775,0.03109463036103147,0.24405090776938243,0.27953507765088603,0.18339535004017538,0.4005735642894245,0.18339535004017538,0.4005735642894245,True,True,False,True,False,False,0.01717821424924909,93.51025780557795
954,OONO,4500,16600,9.026,132.6822,4002.4747707300626,0.4099584922189967,4558.2429867662995,0.0321901812709176,0.2411129379957869,0.2754785843487444,0.1798962632318499,0.3910351607226016,0.1798962632318499,0.3910351607226016,True,True,False,True,False,False,0.02010373676815011,93.70285333259908
955,OONO,4500,16700,8.966999999999999,131.81489999999997,3977.9762172859805,0.41096393837991996,4718.02338710469,0.033302685928240906,0.23820216869975933,0.2714866170735829,0.17649024927724571,0.3818446873276008,0.17649024927724571,0.3818446873276008,True,True,False,True,False,False,0.023509750722754297,93.88917973252556
956,OONO,4500,16800,8.908,130.9476,3953.344948397484,0.4119546465872804,4878.163667395475,0.03443189755392306,0.23531815169032644,0.26755734691584,0.1731737886354551,0.37298426105024785,0.1731737886354551,0.37298426105024785,True,True,False,True,False,False,0.02682621136454491,94.06918532667338
957,OONO,4500,16900,8.849,130.0803,3928.5816018457112,0.4129305715670001,5038.692146061133,0.035577729222062704,0.2324604498133557,0.263689013237456,0.16994143362757164,0.3644344628799344,0.16994143362757164,0.3644344628799344,True,True,False,True,False,False,0.030058566372428375,94.2428175961468
958,OONO,4500,17000,8.79,129.213,3903.686822373399,0.41389166452791765,5199.602424054679,0.03673988247899707,0.22962863661019994,0.2598797372578295,0.16679116315731474,0.35617931403293196,0.16679116315731474,0.35617931403293196,True,True,False,True,False,False,0.033208836842685274,94.4100231620237
959,OONO,4500,17100,8.713999999999999,128.09579999999997,3870.70612188632,0.41495756187700916,5382.222288003723,0.0381308655499225,0.22635708315124678,0.25551681489613437,0.16322355086986493,0.3469286590232518,0.16322355086986493,0.3469286590232518,True,True,False,True,False,False,0.036776449130135086,94.45668788269187
960,OONO,4500,17200,8.638,126.97859999999999,3837.546502267123,0.4160041930798364,5565.393513519251,0.03954690606633646,0.22311316873646064,0.2512209924218339,0.15974986975470623,0.33801610685998884,0.15974986975470623,0.33801610685998884,True,True,False,True,False,False,0.04025013024529378,94.49420551320158
961,OONO,4500,17300,8.562,125.86139999999999,3804.208597482425,0.41703133043319385,5749.128091398769,0.04098776082471217,0.21989645072152744,0.24699034169769488,0.15636589309212118,0.32942253883987116,0.15636589309212118,0.32942253883987116,True,True,False,True,False,False,0.043634106907878834,94.52247162076759
962,OONO,4500,17400,8.485999999999999,124.74419999999998,3770.693038071953,0.41803873745111464,5933.438295471129,0.04245317601441716,0.21670649644091686,0.24282298163734245,0.15306763331844223,0.3211301782187117,0.15306763331844223,0.3211301782187117,True,True,False,True,False,False,0.046932366681557786,94.54137946448053
963,OONO,4500,17500,8.41,123.627,3737.0004377364116,0.41902616890534156,6118.336411961919,0.04394288550336184,0.21354288215636638,0.23871708960134846,0.14985133660072172,0.3131224857536024,0.14985133660072172,0.3131224857536024,True,True,True,True,True,False,0.05014866339927829,94.55081992160665
964,OONO,4500,17600,8.334,122.50979999999998,3703.131483231916,0.4199933672442258,6303.836395140722,0.04545661483249689,0.2104051979109043,0.23467090549661393,0.14671343806254158,0.30538388470297734,0.14671343806254158,0.30538388470297734,True,True,True,True,True,False,0.053286561937458427,94.55068141081853
965,OONO,4500,17700,8.258,121.39259999999999,3669.08690295071,0.420940063898143,6489.946320122697,0.0469940648124882,0.20729304536444687,0.23068274136868955,0.1436505838118004,0.29790045986185704,0.1436505838118004,0.29790045986185704,True,True,True,True,True,False,0.05634941618819961,94.54084981220055
966,OONO,4500,17800,8.181999999999999,120.27539999999998,3634.867383701108,0.42186598134856046,6676.681492261585,0.04855493833017778,0.20420603279219707,0.22675097219380744,0.1406596033721694,0.29065844339752184,0.1406596033721694,0.29065844339752184,True,True,True,True,True,False,0.05934039662783061,94.52120838386114
967,OONO,4500,17900,8.106,119.1582,3600.4736617338003,0.422770829343622,6864.053366478369,0.050138919107101894,0.2011437799851285,0.22287403273652925,0.13773749788490136,0.2836453594816922,0.13773749788490136,0.2836453594816922,True,True,True,False,False,False,0.06226250211509865,94.49163767497393
968,OONO,4500,18000,8.03,118.04099999999998,3565.9066062405254,0.4236543016587904,7052.073456573036,0.05174567846767943,0.19810592256891807,0.2190504179214243,0.13488143004437161,0.27684950907596395,0.13488143004437161,0.27684950907596395,True,True,True,False,False,False,0.06701264738671034,94.45201543505951
969,OONO,4500,18100,7.930999999999999,116.58569999999999,3520.0401244543973,0.4246412241171421,7270.887604157228,0.05373239177102195,0.1944773549422319,0.21451958421776357,0.13153164774500659,0.2689589839669106,0.13153164774500659,0.2689589839669106,True,True,True,False,False,False,0.07399099731276154,94.22757229629546
970,OONO,4500,18200,7.832,115.1304,3473.9228102945385,0.4255966783638336,7490.692583778117,0.055756461377320085,0.1908748796865131,0.2100511123843805,0.1282614578071768,0.2613313591717752,0.1282614578071768,0.2613313591717752,True,True,True,False,False,False,0.08086366250631014,93.98810398789064
971,OONO,4500,18300,7.733,113.67509999999999,3427.5554131764966,0.42651980320190386,7711.512072153453,0.05781743236840866,0.1872981100096446,0.20564312018358027,0.1250672638799338,0.25395185353764377,0.1250672638799338,0.25395185353764377,True,True,True,False,False,False,0.08763462611042161,93.73335161661855
972,OONO,4500,18400,7.6339999999999995,112.21979999999999,3380.938582496989,0.42740971643513676,7933.373067073281,0.05991485501377796,0.18374666209222767,0.20129378076745152,0.12194567512797622,0.2468063800112427,0.12194567512797622,0.2468063800112427,False,True,True,False,False,False,0.09430766277979613,93.46304787749662
973,OONO,4500,18500,7.535,110.7645,3334.073892537847,0.4282654138289894,8156.289696620084,0.06204809909284387,0.18022021040745118,0.19700137220575067,0.11889349741389409,0.23988290976170307,0.11889349741389409,0.23988290976170307,False,True,True,False,False,False,0.1038849199729041,93.17691666068347
974,OONO,4500,18600,7.436,109.30919999999999,3286.9622079684495,0.42908591528631884,8380.289374616978,0.06421666469803092,0.17671839827787364,0.19276436345190373,0.11590773131341765,0.2331688578184651,0.11590773131341765,0.2331688578184651,False,True,True,False,False,False,0.11460950695680501,92.87467263441124
975,OONO,4500,18700,7.337,107.8539,3239.604728586465,0.4298701664248055,8605.39592166536,0.06641995220206487,0.17324089457681632,0.1885810232757751,0.11298551010083552,0.22665302952136152,0.11298551010083552,0.22665302952136152,False,True,True,False,False,False,0.12519257204657308,92.55602080214666
976,OONO,4500,18800,7.2379999999999995,106.39859999999999,3192.0027558378956,0.4306170577076364,8831.630862566593,0.06865731933288581,0.1697873806296753,0.18444984895830938,0.11012414692024051,0.22032495466871208,0.11012414692024051,0.22032495466871208,False,True,True,False,False,False,0.13563862349177486,92.22065603201054
977,OONO,4500,18900,7.139,104.9433,3144.157698443492,0.43132542086286574,9059.01431754626,0.07092809219475932,0.16635755018219534,0.18036946034980883,0.10732111411398741,0.214174846789556,0.10732111411398741,0.214174846789556,False,True,True,False,False,False,0.14595187535400844,91.86826255630471
978,OONO,4500,19000,7.04,103.488,3096.071078446087,0.4319940250311004,9287.567837452538,0.07323154712228322,0.16295110939189933,0.17633838495582338,0.10457404042783366,0.2081934965383922,0.10457404042783366,0.2081934965383922,False,True,True,False,False,False,0.15613646522444366,91.49851343879803
979,OOON,4500,8000,11.85,174.195,4726.467576106507,0.2923579501965084,6.868490270122861e-09,0.0012448141263371815,0.5908084470133134,0.999999988984477,0.9999999999999999,0.03532884728487827,0.03532884728487827,0.9999999999999999,True,False,False,True,False,False,1.5554795887129118,52.984708540824066
980,OOON,4500,8100,11.831,173.9157,4728.055125497775,0.2942979595464395,5.727602421183216e-09,0.0012831898424453866,0.583710509320713,0.9999999999988093,0.9999999999999999,0.03876817757293927,0.03876817757293927,0.9999999999999999,True,False,False,True,False,False,1.544942331746583,53.59847513608215
981,OOON,4500,8200,11.812,173.63639999999998,4729.529972451539,0.29621460087864476,4.571437972482752e-09,0.0013220169380856739,0.5767719478599438,0.999999999804855,0.9999999999997363,0.03551662575392245,0.03551662575392245,0.9999999999997363,True,False,False,True,False,False,1.5412553219106127,54.21098675396727
982,OOON,4500,8300,11.793,173.35709999999997,4730.893238037441,0.2981082519170145,3.281752096477145e-09,0.0013612853018543194,0.5699871371129447,0.999999986732143,0.9999999999999999,0.05033932862067896,0.05033932862067896,0.9999999999999999,True,False,False,True,False,False,1.5196477952244085,54.822241173436716
983,OOON,4500,8400,11.774,173.07779999999997,4732.1460294795415,0.29997928223944526,1.98221370156264e-09,0.0014009842468487887,0.5633507177951835,0.9999999997146921,0.9999999999999999,0.04949242369441352,0.04949242369441352,0.9999999999999999,True,False,False,True,False,False,1.513858293815462,55.43223616515884
984,OOON,4500,8500,11.754999999999999,172.7985,4733.287556746508,0.3018281153849453,8.160775873396233e-10,0.0014411035061686532,0.5568573596172363,0.9999999993693919,0.9999999999999998,0.06694357925370081,0.06694357925370081,0.9999999999999998,True,False,False,True,False,False,1.489913779732927,56.040969491467635
985,OOON,4500,8600,11.736,172.5192,4734.323561391459,0.3036549520772397,1.4421533761094328e-13,0.00017228322711411798,0.5505027396966813,0.9965070089126803,0.9999999996106135,0.9999999999999998,0.5505027396966813,0.9999999999999998,True,False,False,True,False,False,1.9470097482199749,56.648438906316414
986,OOON,4500,8700,11.717,172.2399,4735.251918206145,0.3054602437417177,1.4999314458189165e-12,0.00018742841648179947,0.5442818296788673,0.9720046201546831,0.9999999999995315,0.9999999999999999,0.5442818296788673,0.9999999999999999,True,False,False,True,False,False,1.9162864498330816,57.25464215523147
987,OOON,4500,8800,11.698,171.9606,4736.0738713535,0.30724432320778,6.719339543504405e-12,0.00020326929753775228,0.5381902126538068,0.948660239170402,0.9999999997586587,0.9999999999999999,0.5381902126538068,0.9999999999999999,True,False,False,True,False,False,1.8868504515828672,57.85957697526543
988,OOON,4500,8900,11.679,171.6813,4736.7905682925275,0.3090075189653762,6.228973426207584e-12,0.00021981071019178653,0.532223659358711,0.9264023799835909,0.9999999999639713,0.9999999999999998,0.532223659358711,0.9999999999999998,True,False,False,True,False,False,1.8586260393062726,58.46324109494992
989,OOON,4500,9000,11.66,171.402,4737.403096297105,0.31075015414580864,1.0014600171423321e-11,0.00023706111700480957,0.5263781218107894,0.9051568360920181,0.9999999999998019,0.9999999999999999,0.5263781218107894,0.9999999999999999,True,False,False,True,False,False,1.8315349579026092,59.06563223424833
990,OOON,4500,9100,11.638,171.0786,4736.759995122237,0.3125077398905113,1.5022884950574496e-11,0.00025555823255394336,0.5205230763870591,0.8844177343767594,0.9999999978639996,0.9999999999999999,0.5205230763870591,0.9999999999999999,True,False,False,True,False,False,1.804940808627818,59.658031342194334
991,OOON,4500,9200,11.616,170.75519999999997,4736.009563580032,0.31424523019868145,4.3083474558301836e-11,0.0002748372708399429,0.5147836482152208,0.8645898552970769,0.9999999999938926,0.9999999999996544,0.5147836482152208,0.9999999999996544,True,False,False,True,False,False,1.7793735035058444,60.248939099951556
992,OOON,4500,9300,11.594,170.43179999999998,4735.1527946028855,0.31596292171469037,2.956677035856022e-11,0.00029490741105071664,0.5091562144734285,0.8456139576599779,0.999999999991472,0.9999999999999993,0.5091562144734285,0.9999999999999993,True,False,False,True,False,False,1.7547701721248776,60.83835237517732
993,OOON,4500,9400,11.572,170.1084,4734.190666180589,0.3176611053053684,3.955613176027641e-11,0.0003157788620925781,0.5036373049128285,0.8274362503427997,0.999999999995428,0.9999999999999999,0.5036373049128285,0.9999999999999999,True,False,False,True,False,False,1.7310735552510559,61.42626802170834
994,OOON,4500,9500,11.55,169.785,4733.124143658247,0.3193400661361709,5.16205043545916e-11,0.0003374606532961733,0.4982235940692891,0.8100068154307916,0.9999999999728003,0.9999999999999999,0.4982235940692891,0.9999999999999999,True,False,False,True,False,False,1.7082304094728809,62.01268287947063
995,OOON,4500,9600,11.528,169.4616,4731.954180976045,0.3210000837757727,6.597923354371486e-11,0.0003599615068324818,0.49291189385167133,0.7932800183905638,0.9999999999009708,0.9999999999999998,0.49291189385167133,0.9999999999999998,True,False,False,True,False,False,1.6861919121432054,62.597593774388706
996,OOON,4500,9700,11.506,169.13819999999998,4730.681721373697,0.32264143231479886,8.383698227683977e-11,0.0003832894312982774,0.4876991465333708,0.777214176420774,0.9999999779647885,0.9999999999999998,0.4876991465333708,0.9999999999999998,True,False,False,True,False,False,1.6649133009189327,63.18099751829387
997,OOON,4500,9800,11.484,168.8148,4729.307697804238,0.3242643804894209,1.0182011629231663e-10,0.0004074525611748131,0.4825824181432896,0.7617702570611568,0.9999999995399569,0.9999999999999998,0.4825824181432896,0.9999999999999998,True,False,False,True,False,False,1.644352674744403,63.76289090883192
998,OOON,4500,9900,11.462,168.4914,4727.83303320454,0.32586919180599905,1.2336392115155371e-10,0.00043245877126163126,0.4775588922428828,0.7469115754174191,0.9999999999999944,0.9999999999999862,0.4775588922428828,0.9999999999999944,True,False,False,True,False,False,1.6244704676602826,64.34327072936979
999,OOON,4500,10000,11.44,168.16799999999998,4726.25864068765,0.32745612466410473,1.4722316747879389e-10,0.0004583126929321014,0.472625864068765,0.7326078796600743,0.9999999999866661,0.9999999999999999,0.472625864068765,0.9999999999999999,True,False,False,True,False,False,1.6052337437155053,64.92213374890163
1000,OOON,4500,10100,11.416,167.8152,4723.799294836359,0.32904828813842096,1.7372478936555382e-10,0.00048558993961406215,0.46770290047884744,0.7186098605143187,0.9999999999999994,0.9999999999999866,0.46770290047884744,0.9999999999999994,True,False,False,True,False,False,1.586312760993152,65.4929374213846
1001,OOON,4500,10200,11.392,167.46239999999997,4721.23584104573,0.3306230261004491,2.0197173246452002e-10,0.0005137782032589362,0.462866258926052,0.705116733045882,0.9999999999710275,0.9999999999999999,0.462866258926052,0.9999999999999999,True,False,False,True,False,False,1.5679829919429613,66.06206925743406
1002,OOON,4500,10300,11.367999999999999,167.10959999999997,4718.575264137753,0.3321803662652615,2.3722960563123927e-10,0.0005428829264675088,0.45811410331434493,0.6921021094299473,0.999999999969786,0.9999999999839316,0.45811410331434493,0.9999999999839316,True,False,False,True,False,False,1.5502162126980097,66.62952532235752
1003,OOON,4500,10400,11.344,166.75679999999997,4715.814568128304,0.3337206775610035,3.55657173576538e-10,0.0005729108768329326,0.4534437084738754,0.6795402163543937,0.9999999983442972,0.9999999999965508,0.4534437084738754,0.9999999999965508,True,False,False,True,False,False,1.532983923169117,67.19530166207926
1004,OOON,4500,10500,11.32,166.404,4712.954735990336,0.335244186233456,2.9123893414350207e-10,0.0006038679766828979,0.44885283199907966,0.6674072765914698,0.9999999984522607,0.9999999999980512,0.44885283199907966,0.9999999999980512,True,False,False,True,False,False,1.5162601070408614,67.75939430299914
1005,OOON,4500,10600,11.296,166.0512,4709.996701765427,0.336751115664672,3.190220747891947e-10,0.0006357584059726183,0.44433931148730443,0.6556819750403229,0.9999999991713507,0.9999999999999999,0.44433931148730443,0.9999999999999999,True,False,False,True,False,False,1.5000212856989779,68.32179925185056
1006,OOON,4500,10700,11.271999999999998,165.69839999999996,4706.94136394719,0.3382416859974619,3.4396342274034013e-10,0.0006685868994267211,0.43990106205113927,0.6443432712751155,0.9999999991314648,0.9999999999999999,0.43990106205113927,0.9999999999999999,True,False,False,True,False,False,1.4842443324577193,68.88251249555701
1007,OOON,4500,10800,11.248,165.3456,4703.789594600825,0.3397161139212872,3.6443448210963084e-10,0.0007023568973367161,0.4355360735741504,0.6333721234769001,0.9999999991212659,0.9999999999999999,0.4355360735741504,0.9999999999999999,True,False,False,True,False,False,1.4689081961723163,69.44153000108679
1008,OOON,4500,10900,11.224,164.9928,4700.542245644958,0.3411746125445021,4.586587308159479e-10,0.0007370712145830361,0.4312424078573356,0.6227506432867381,0.9999999997897832,0.9999999999997351,0.4312424078573356,0.9999999999997351,True,False,False,True,False,False,1.4539930509335919,69.99884771530695
1009,OOON,4500,11000,11.2,164.64,4697.200153130663,0.3426173913352496,3.851317616238368e-10,0.0007727319548623148,0.42701819573915123,0.6124620627731083,0.9999999999852962,0.9999999999999999,0.42701819573915123,0.9999999999999999,True,False,False,True,False,False,1.4394802584975555,70.55446156483534
1010,OOON,4500,11100,11.173,164.2431,4692.557564383422,0.34407781754062733,3.823516746196744e-10,0.0008106022960860091,0.4227529337282362,0.6022361588253787,0.9999999999975082,0.9999999999999991,0.4227529337282362,0.9999999999999991,True,False,False,True,False,False,1.4249890925511222,71.0974207337669
1011,OOON,4500,11200,11.145999999999999,163.84619999999998,4687.816312440586,0.3455226870603013,3.6832669985080225e-10,0.0008495135554848197,0.4185550278964809,0.592323193287129,0.9999999999999998,0.9999999999999998,0.4185550278964809,0.9999999999999998,True,False,False,True,False,False,1.4108782211836095,71.63843451332151
1012,OOON,4500,11300,11.119,163.4493,4682.9771971455,0.3469521926659778,3.4184205835524886e-10,0.0008894662823319006,0.4144227608093363,0.5827097438036225,0.9999999999999999,0.9999999999996867,0.4144227608093363,0.9999999999999999,True,False,False,True,False,False,1.3971325046126455,72.17749758732724
1013,OOON,4500,11400,11.091999999999999,163.05239999999998,4678.041010070044,0.34836652377646665,3.023577341661168e-10,0.000930462745280005,0.4103544745675477,0.573381309087301,0.9999999999909208,0.9999999999999983,0.4103544745675477,0.9999999999999983,True,False,False,True,False,False,1.3837357836457678,72.71460460935016
1014,OOON,4500,11500,11.065,162.6555,4673.008535114604,0.3497658665091855,2.5130317982332296e-10,0.0009725030578958172,0.4063485682708351,0.5643251769514253,0.9999999997431571,0.9999999999999714,0.4063485682708351,0.9999999999999714,True,False,False,True,False,False,1.3706737449653887,73.24975020244078
1015,OOON,4500,11600,11.038,162.2586,4667.880548904926,0.35115040373724155,2.0335374694624996e-10,0.0010155864391340839,0.4024034955952523,0.5555293165668885,0.999999989764823,0.9999999999999999,0.4024034955952523,0.9999999999999999,True,False,False,True,False,False,1.3579328019269636,73.78292895887735
1016,OOON,4500,11700,11.011,161.86169999999998,4662.657821071727,0.35252031514918264,1.2450532837416198e-10,0.0010597112878613963,0.398517762484763,0.5469823688582919,0.9999999998928202,0.9999999999999999,0.398517762484763,0.9999999999999999,True,False,False,True,False,False,1.346982368751112,74.31413543990651
1017,OOON,4500,11800,10.984,161.4648,4657.341114435172,0.3538757773096169,3.6234702014347035e-10,0.0011048759751318604,0.39468992495213323,0.5386736144805792,0.9999997248487474,0.9999999999892493,0.39468992495213323,0.9999999999892493,True,False,False,True,False,False,1.338673339318576,74.84336417548116
1018,OOON,4500,11900,10.956999999999999,161.06789999999998,4651.931185145886,0.3552169637199214,2.5834183292889315e-10,0.0011510751861997525,0.39091858698704923,0.5305929348310694,0.9999997671651676,0.9999999999999999,0.39091858698704923,0.9999999999999999,True,False,False,True,False,False,1.330592701996237,75.37060966399504
1019,OOON,4500,12000,10.93,160.671,4646.428782795029,0.356544044878615,2.534543396189699e-05,0.0012902831433844791,0.38720239856625244,0.5227307725521546,0.9783781056671452,0.9999999999999992,0.38720239856625244,0.9999999999999992,True,False,False,True,False,False,1.301108878219299,75.89586637201498
1020,OOON,4500,12100,10.9,160.23,4639.599783072687,0.3578890496602976,6.60087112004199e-05,0.0014891634002804977,0.38343799860104855,0.5148699499859931,0.9475152984065162,0.9999999999999939,0.38343799860104855,0.9999999999999939,True,False,False,True,False,False,1.262385248392503,76.40698312688257
1021,OOON,4500,12200,10.87,159.789,4632.674059309888,0.3592200017389988,0.00010681490279933977,0.0017022894165700528,0.3797273819106466,0.5072173218066514,0.9184413659338437,0.9999999999979124,0.3797273819106466,0.9999999999979124,True,False,False,True,False,False,1.2256586877384075,76.91585334538236
1022,OOON,4500,12300,10.84,159.34799999999998,4625.652341635295,0.3605370574935737,0.00014799306525771407,0.0019298999700234061,0.3760692960679101,0.49976508451177926,0.8910098578709326,0.999999994513797,0.3760692960679101,0.999999994513797,True,False,False,True,False,False,1.1907749368965086,77.42246995729461
1023,OOON,4500,12400,10.81,158.907,4618.535354691374,0.36184037065681224,0.00017963519532323982,0.002172260283072121,0.37246252860414303,0.49250470167112154,0.8650797329668334,0.9999999986800737,0.37246252860414303,0.9999999986800737,True,False,False,True,False,False,1.1575844333180285,77.92682584629911
1024,OOON,4500,12500,10.780000000000001,158.466,4611.323817680685,0.3631300923645184,0.0002067138138106446,0.0024295464282890734,0.36890590541445484,0.4854286049049537,0.8405340242437884,0.9999999962369087,0.36890590541445484,0.9999999962369087,True,False,False,True,False,False,1.1259626253856507,78.42891384953282
1025,OOON,4500,12600,10.75,158.025,4604.018444408988,0.36440637120330616,0.00021830990426524783,0.0027019173215803082,0.36539828923880857,0.47852959682660856,0.817264234638879,0.9999999999999851,0.36539828923880857,0.9999999999999851,True,False,False,True,False,False,1.0957938314654725,78.92872675714267
1026,OOON,4500,12700,10.72,157.584,4596.618170349513,0.3656694080118499,0.00021630997592177306,0.0029894802625521416,0.36193843861019787,0.4718007464021816,0.7951744101400507,0.9999999999976104,0.36193843861019787,0.9999999999976104,True,False,False,True,False,False,1.0669751565398427,79.42625731183199
1027,OOON,4500,12800,10.690000000000001,157.143,4589.127783238003,0.3669192203472016,0.00023803838516937847,0.003292300082365125,0.35852560806546896,0.4652357705020159,0.7741770806801317,0.9999999628143342,0.35852560806546896,0.9999999628143342,True,False,False,True,False,False,1.0394128139964818,79.92149820840172
1028,OOON,4500,12900,10.66,156.702,4581.545512067172,0.3681560255568176,0.00017176807776005457,0.0036104084394337635,0.3551585668269126,0.4588283629603981,0.7541930303814489,0.9999999999307754,0.3551585668269126,0.9999999999307754,True,False,False,True,False,False,1.0130213932726222,80.41444209328564
1029,OOON,4500,13000,10.63,156.261,4573.872093393142,0.36937996114670896,0.000136472970604741,0.0039437748172436215,0.3518363148763955,0.45257265606087366,0.735151234533457,0.999999995084799,0.3518363148763955,0.999999995084799,True,False,False,True,False,False,0.9877238856791295,80.90508156407982
1030,OOON,4500,13100,10.595,155.7465,4564.001448803773,0.3706418004486946,8.312745177495914e-05,0.004310999704250481,0.3483970571605934,0.44617045653807347,0.7161283905260499,0.9999999985852622,0.3483970571605934,0.9999999985852622,True,False,False,True,False,False,0.9622988456493855,81.3710463082956
1031,OOON,4500,13200,10.56,155.232,4554.031127507707,0.37189051197492984,3.6366014053160894e-05,0.004695242583831364,0.3450023581445233,0.43991813361204035,0.6979878849819963,0.9999999981952834,0.3450023581445233,0.9999999981952834,True,False,False,True,False,False,0.93790601678932,81.83425128415412
1032,OOON,4500,13300,10.525,154.7175,4543.961826316925,0.3731262174663376,0.013609865452083869,0.0050963382626373266,0.3416512651366109,0.4338101940757206,0.6806714237454844,0.9999914045951884,0.3416512651366109,0.9999914045951884,True,False,False,True,False,False,0.9144730224163933,82.29468589763523
1033,OOON,4500,13400,10.49,154.203,4533.794232617697,0.37434903676364445,94.33329492957253,0.005563230281945247,0.3383428531804252,0.42784140792978587,0.6641226253518245,0.9446356731636635,0.3383428531804252,0.9446356731636635,True,False,False,True,False,False,0.8365997064452738,82.75233947112244
1034,OOON,4500,13500,10.455,153.6885,4523.5290260144275,0.3755590877893592,218.4433970132297,0.006058867566739934,0.33507622414921684,0.42200650542237167,0.6482915812951674,0.8802907868578179,0.33507622414921684,0.8802907868578179,True,False,False,True,False,False,0.750588873575357,83.20720124243509
1035,OOON,4500,13600,10.42,153.17399999999998,4513.166879197955,0.3767564865502838,342.6414751096468,0.006567118151978249,0.331850505823379,0.4163014489970046,0.6331332957553558,0.8239117143980311,0.331850505823379,0.8239117143980311,True,False,False,True,False,False,0.6733464591503915,83.65926036384596
1036,OOON,4500,13700,10.385,152.65949999999998,4502.708459650528,0.37794134711459076,466.9520391231312,0.0070878135568461795,0.32866485106938165,0.4107212237093838,0.618605024708475,0.7740998307870453,0.32866485106938165,0.7740998307870453,True,False,False,True,False,False,0.603426079204904,84.1085059010841
1037,OOON,4500,13800,10.35,152.14499999999998,4492.154429420071,0.3791137816507492,591.3739126266128,0.007620752103974134,0.3255184369144979,0.4052615369539537,0.6046687594463505,0.7297748093904952,0.3255184369144979,0.7297748093904952,True,False,False,True,False,False,0.5397051057907993,84.55492683232224
1038,OOON,4500,13900,10.315,151.63049999999998,4481.505445744445,0.3802739004364124,715.913101140158,0.008165749253566298,0.32241046372262194,0.3999182796674712,0.5912884631362053,0.6900786289658558,0.32241046372262194,0.6900786289658558,True,False,False,True,False,False,0.4813670921020611,84.99851204714874
1039,OOON,4500,14000,10.28,151.11599999999999,4470.76216151534,0.3814218118711369,840.5689466409583,0.008722610320754113,0.31934015439395286,0.39468752072901875,0.5784314875956108,0.6543254689704362,0.31934015439395286,0.6543254689704362,True,False,False,True,False,False,0.43275695656604696,85.4392503455239
1040,OOON,4500,14100,10.238999999999999,150.5133,4457.335416101673,0.38261501746109416,972.3918028369981,0.009328442894687459,0.316123079156147,0.3892624042014255,0.5653454718387786,0.6201209306855769,0.316123079156147,0.6201209306855769,True,False,False,True,False,False,0.3854664025243555,85.8475338806565
1041,OOON,4500,14200,10.197999999999999,149.91059999999996,4443.803011146729,0.38379549890394227,1104.359677907999,0.009948025571058105,0.31294387402441753,0.3839506014570261,0.5527688996914384,0.589150799484829,0.31294387402441753,0.589150799484829,True,False,False,True,False,False,0.3419196991762673,86.2523695262281
1042,OOON,4500,14300,10.157,149.3079,4430.165586157313,0.38496334482538197,1236.4746132871096,0.010581150563248494,0.3098017892417701,0.3787483115014377,0.5406739762803142,0.5609775756045131,0.3098017892417701,0.5609775756045131,True,False,False,True,False,False,0.3016515518848273,86.65374092191031
1043,OOON,4500,14400,10.116,148.7052,4416.423778559914,0.3861186421013414,1368.7342712178627,0.011227637828316494,0.3066960957333274,0.3736518996217118,0.5290320245849865,0.5352430834686625,0.3066960957333274,0.5352430834686625,True,False,False,True,False,False,0.26427510805364895,87.05163154933679
1044,OOON,4500,14500,10.075,148.1025,4402.5782237583235,0.3872614758707536,1501.1555102975976,0.011887309167887737,0.30362608439712574,0.3686578887930248,0.5178180400623424,0.511640690264417,0.30362608439712574,0.5178180400623424,True,False,False,True,False,False,0.22945873032675945,87.44602472987022
1045,OOON,4500,14600,10.033999999999999,147.49979999999996,4388.629555180513,0.3883919295482005,1633.7380861427819,0.012559971925995733,0.3005910654233228,0.3637629514645337,0.507008651824816,0.4899178223638503,0.3005910654233228,0.507008651824816,True,False,False,True,False,False,0.19692647418866627,87.83690362232781
1046,OOON,4500,14700,9.992999999999999,146.89709999999997,4374.578404301105,0.3895100848367326,1766.4864558348095,0.013245438655538178,0.29759036763953095,0.35896390177955395,0.4965820983531508,0.4698590192336791,0.29759036763953095,0.4965820983531508,True,False,False,True,False,False,0.1664411175868299,88.22425122066467
1047,OOON,4500,14800,9.952,146.2944,4360.42540065907,0.39061602173990934,1899.403580170782,0.013943521035674023,0.2946233378823696,0.3542576882378816,0.4865181225838841,0.4512808897094226,0.2946233378823696,0.4865181225838841,True,False,False,True,False,False,0.13779901229330666,88.60805035161421
1048,OOON,4500,14900,9.911,145.6917,4346.171171879821,0.391709818573635,2032.4948659723927,0.014654033179570062,0.29168934039461886,0.34964138678795376,0.47679785240184963,0.43402532749329875,0.29168934039461886,0.47679785240184963,True,False,False,True,False,False,0.11082317989514834,88.98828367228414
1049,OOON,4500,15000,9.87,145.08899999999997,4331.816343675574,0.39279155197790566,2165.7655625244765,0.015376791997463547,0.2887877562450383,0.3451121943285446,0.46740347414142913,0.4179561198597471,0.2887877562450383,0.46740347414142913,True,False,False,True,False,False,0.08535959400117621,89.36493366770753
1050,OOON,4500,15100,9.821,144.3687,4313.820699196499,0.39393256537116855,2308.7436307156977,0.01617709644563165,0.2856834900130132,0.3403119523910399,0.45760207202474185,0.40179307305927353,0.2856834900130132,0.45760207202474185,True,False,False,True,False,False,0.05939514508401533,89.69444828535691
1051,OOON,4500,15200,9.772,143.6484,4295.707513923967,0.395060505909738,2451.942855787364,0.01699256724253846,0.2826123364423662,0.33560176012098136,0.44813268046129817,0.3867328497228244,0.2826123364423662,0.44813268046129817,True,False,False,True,False,False,0.04813268046129815,90.01947953307136
1052,OOON,4500,15300,9.722999999999999,142.92809999999997,4277.47740007865,0.3961754187334902,2595.3655498853527,0.017822995568663097,0.27957368627965035,0.33097925882471046,0.4389786576495916,0.37266636591421953,0.27957368627965035,0.4389786576495916,True,False,False,True,False,False,0.038978657649591575,90.34000023131178
1053,OOON,4500,15400,9.674,142.2078,4259.129033378812,0.397277475100891,2739.020913908546,0.01866821277997941,0.2765668203492735,0.32644140584655984,0.43012388336120827,0.3594981780211949,0.2765668203492735,0.43012388336120827,True,False,False,True,False,False,0.030123883361208248,90.6559828692943
1054,OOON,4500,15500,9.625,141.48749999999998,4240.667544143618,0.39836642275253875,2882.9109953299494,0.019527997767973492,0.27359145446087857,0.3219856810991784,0.42155367884849976,0.3471451045146436,0.27359145446087857,0.42155367884849976,True,False,False,True,False,False,0.021553678848499735,90.96739959910536
1055,OOON,4500,15600,9.576,140.7672,4222.09076987864,0.3994424765577069,3027.043821276506,0.020402173001241787,0.27064684422298974,0.3176095562370098,0.4132540482908039,0.3355333215997791,0.27064684422298974,0.4132540482908039,True,False,False,True,False,False,0.0132540482908039,91.27422222968083
1056,OOON,4500,15700,9.527000000000001,140.04690000000002,4203.399406539838,0.40050567114847463,3171.4220405820597,0.021290539134491342,0.26773244627642284,0.3133106433902993,0.4052119718952092,0.3245984343728222,0.26773244627642284,0.4052119718952092,True,True,False,True,False,False,0.0052119718952091665,91.57642222064402
1057,OOON,4500,15800,9.478,139.32659999999998,4184.594089293453,0.4015560415522241,3316.052974950339,0.022192901954839955,0.2648477271704717,0.30908664568953215,0.39741523246377614,0.3142823418667039,0.2648477271704717,0.39741523246377614,True,True,False,True,False,True,0.0,91.87397067599996
1058,OOON,4500,15900,9.429,138.6063,4165.6754557708255,0.40259362071517574,3460.9429740240425,0.02310906778913941,0.26199216702961164,0.30493535504322167,0.3898521440544512,0.30453374797287797,0.26199216702961164,0.3898521440544512,True,True,False,True,False,True,0.0,92.16683833768045
1059,OOON,4500,16000,9.38,137.886,4146.64412705571,0.40361844091336424,3606.09250986207,0.024038825247448287,0.2591652579409819,0.3008546480531221,0.38251248184388204,0.29530712136934606,0.2591652579409819,0.38251248184388204,True,True,False,True,False,True,0.0,92.4549955789365
1060,OOON,4500,16100,9.321000000000002,137.01870000000002,4122.954933970744,0.4047115452984818,3763.674692803407,0.02508574039783599,0.2560841573894872,0.29644546551199075,0.37468980123871987,0.2857189690826901,0.2560841573894872,0.37468980123871987,True,True,False,True,False,True,0.0,92.67818965383533
1061,OOON,4500,16200,9.262,136.1514,4099.129310546746,0.4057901164873221,3921.593021923467,0.02615045738273365,0.25303267349053987,0.2921110965879469,0.3671024613883841,0.27665182539060634,0.25303267349053987,0.3671024613883841,True,True,False,True,False,True,0.0,92.89536104543355
1062,OOON,4500,16300,9.203,135.2841,4075.167865731997,0.40685412792741243,4079.8496249719465,0.02723274744456833,0.25001029851116546,0.28784931920479734,0.3597394517323063,0.2680648299189439,0.25001029851116546,0.3597394517323063,True,True,False,True,False,True,0.0,93.10646199872428
1063,OOON,4500,16400,9.144,134.4168,4051.0712125556965,0.40790355009714563,4238.455698029067,0.02833240638235102,0.2470165373509571,0.2836579974187028,0.35259040749142245,0.259919749000245,0.2470165373509571,0.35259040749142245,True,True,False,True,False,True,0.0,93.31144400916124
1064,OOON,4500,16500,9.085,133.5495,4026.83997819481,0.40893834985771116,4397.4177520515095,0.029449212786937122,0.24405090776938243,0.27953507765088603,0.34564557068977825,0.25218298265791145,0.24405090776938243,0.34564557068977825,True,True,False,True,False,True,0.0,93.51025780557795
1065,OOON,4500,16600,9.026,132.6822,4002.4747707300626,0.4099584922189967,4556.74265721987,0.030582943053487313,0.2411129379957869,0.2754785843487444,0.338895748589213,0.2448241578777562,0.2411129379957869,0.338895748589213,True,True,False,True,False,True,0.0,93.70285333259908
1066,OOON,4500,16700,8.966999999999999,131.81489999999997,3977.9762172859805,0.41096393837991996,4716.437396247178,0.03173337073681268,0.23820216869975933,0.2714866170735829,0.3323322758588969,0.23781577767708834,0.23781577767708834,0.3323322758588969,True,True,False,True,False,True,0.0,93.88917973252556
1067,OOON,4500,16800,8.908,130.9476,3953.344948397484,0.4119546465872804,4876.508892678873,0.03290026629855735,0.23531815169032644,0.26755734691584,0.32594697768510816,0.23113291343312806,0.23113291343312806,0.32594697768510816,True,True,False,True,False,True,0.0,94.06918532667338
1068,OOON,4500,16900,8.849,130.0803,3928.5816018457112,0.4129305715670001,5036.967290197584,0.034083407907737916,0.2324604498133557,0.263689013237456,0.31973178613571024,0.22475280571532527,0.22475280571532527,0.31973178613571024,True,True,False,True,False,True,0.0,94.2428175961468
1069,OOON,4500,17000,8.79,129.213,3903.686822373399,0.41389166452791765,5197.823514463752,0.035282689134553624,0.22962863661019994,0.2598797372578295,0.3136802571517096,0.21865345773129302,0.21865345773129302,0.3136802571517096,True,True,False,True,False,True,0.0,94.4100231620237
1070,OOON,4500,17100,8.713999999999999,128.09579999999997,3870.70612188632,0.41495756187700916,5380.366827940771,0.03671603272461636,0.22635708315124678,0.25551681489613437,0.30683681174429833,0.21189362453509195,0.21189362453509195,0.30683681174429833,True,True,False,True,False,True,0.0,94.45668788269187
1071,OOON,4500,17200,8.638,126.97859999999999,3837.546502267123,0.4160041930798364,5563.480641673547,0.038174134206981084,0.22311316873646064,0.2512209924218339,0.3001817746818031,0.20544957141365225,0.20544957141365225,0.3001817746818031,True,True,False,True,False,True,0.0,94.49420551320158
1072,OOON,4500,17300,8.562,125.86139999999999,3804.208597482425,0.41703133043319385,5747.165931169814,0.03965664122700237,0.21989645072152744,0.24699034169769488,0.2937066330213083,0.19930022740733833,0.19930022740733833,0.2937066330213083,True,True,False,True,False,False,0.0006997725926616849,94.52247162076759
1073,OOON,4500,17400,8.485999999999999,124.74419999999998,3770.693038071953,0.41803873745111464,5931.43454119404,0.04116324266485574,0.21670649644091686,0.24282298163734245,0.28740332866801876,0.19342500194306236,0.19342500194306236,0.28740332866801876,True,True,False,True,False,False,0.006574998056937648,94.54137946448053
1074,OOON,4500,17500,8.41,123.627,3737.0004377364116,0.41902616890534156,6116.298545888532,0.04269363924826279,0.21354288215636638,0.23871708960134846,0.28126424213356394,0.1878051207633044,0.1878051207633044,0.28126424213356394,True,True,True,True,True,False,0.0121948792366956,94.55081992160665
1075,OOON,4500,17600,8.334,122.50979999999998,3703.131483231916,0.4199933672442258,6301.7699913875285,0.044247521822416196,0.2104051979109043,0.23467090549661393,0.2752821722277961,0.1824234420177823,0.1824234420177823,0.2752821722277961,True,True,True,True,True,False,0.017576557982217716,94.55068141081853
1076,OOON,4500,17700,8.258,121.39259999999999,3669.08690295071,0.420940063898143,6487.860729579293,0.0458245705247017,0.20729304536444687,0.23068274136868955,0.26945031321077945,0.17726428658774263,0.17726428658774263,0.26945031321077945,True,True,True,True,True,False,0.022735713412257386,94.54084981220055
1077,OOON,4500,17800,8.181999999999999,120.27539999999998,3634.867383701108,0.42186598134856046,6674.578289297688,0.04742442049648467,0.20420603279219707,0.22675097219380744,0.2637622260372992,0.17231381087757688,0.17231381087757688,0.2637622260372992,True,True,True,True,True,False,0.027686189122423127,94.52120838386114
1078,OOON,4500,17900,8.106,119.1582,3600.4736617338003,0.422770829343622,6861.947094143393,0.04904683660541585,0.2011437799851285,0.22287403273652925,0.25821181681785343,0.16755723738210207,0.16755723738210207,0.25821181681785343,True,True,True,True,True,False,0.03244276261789794,94.49163767497393
1079,OOON,4500,18000,8.03,118.04099999999998,3565.9066062405254,0.4236543016587904,7049.9694901184075,0.05069140656327554,0.19810592256891807,0.2190504179214243,0.2527929653304452,0.16298396124755113,0.16298396124755113,0.2527929653304452,True,True,True,False,False,False,0.038910116183530824,94.45201543505951
1080,OOON,4500,18100,7.930999999999999,116.58569999999999,3520.0401244543973,0.4246412241171421,7268.788766379475,0.05272266980592266,0.1944773549422319,0.21451958421776357,0.24644946011212424,0.1577171192452059,0.1577171192452059,0.24644946011212424,True,True,True,False,False,False,0.04780552581256223,94.22757229629546
1081,OOON,4500,18200,7.832,115.1304,3473.9228102945385,0.4255966783638336,7488.608235948584,0.054790456470709785,0.1908748796865131,0.2100511123843805,0.24026539747194203,0.15266891297056173,0.15266891297056173,0.24026539747194203,True,True,True,False,False,False,0.056456207342925196,93.98810398789064
1082,OOON,4500,18300,7.733,113.67509999999999,3427.5554131764966,0.42651980320190386,7709.449995812162,0.056894263169831955,0.1872981100096446,0.20564312018358027,0.23423351192529607,0.14782455031031577,0.14782455031031577,0.23423351192529607,True,True,True,False,False,False,0.06487733968003964,93.73335161661855
1083,OOON,4500,18400,7.6339999999999995,112.21979999999999,3380.938582496989,0.42740971643513676,7931.336759731538,0.05903356540207357,0.18374666209222767,0.20129378076745152,0.22834684703701982,0.14317052948281098,0.14317052948281098,0.22834684703701982,False,True,True,False,False,False,0.07308280842496137,93.46304787749662
1084,OOON,4500,18500,7.535,110.7645,3334.073892537847,0.4282654138289894,8154.291307465809,0.06120779498690583,0.18022021040745118,0.19700137220575067,0.22259884437622998,0.13869433992935706,0.13869433992935706,0.22259884437622998,False,True,True,False,False,False,0.08408407745744112,93.17691666068347
1085,OOON,4500,18600,7.436,109.30919999999999,3286.9622079684495,0.42908591528631884,8378.333858276774,0.0634163520766319,0.17671839827787364,0.19276436345190373,0.21698333575863119,0.1343845948396094,0.1343845948396094,0.21698333575863119,False,True,True,False,False,False,0.09613264343061326,92.87467263441124
1086,OOON,4500,18700,7.337,107.8539,3239.604728586465,0.4298701664248055,8603.488217856791,0.06565861894572393,0.17324089457681632,0.1885810232757751,0.21149442563472112,0.13023075492594002,0.13023075492594002,0.21149442563472112,False,True,True,False,False,False,0.10794732722146858,92.55602080214666
1087,OOON,4500,18800,7.2379999999999995,106.39859999999999,3192.0027558378956,0.4306170577076364,8829.77512450113,0.06793393091818384,0.1697873806296753,0.18444984895830938,0.2061266024339838,0.12622313450819528,0.12622313450819528,0.2061266024339838,False,True,True,False,False,False,0.11953963590382008,92.22065603201054
1088,OOON,4500,18900,7.139,104.9433,3144.157698443492,0.43132542086286574,9057.214270259994,0.07024159458066379,0.16635755018219534,0.18036946034980883,0.20087463838702224,0.12235280142986958,0.12235280142986958,0.20087463838702224,False,True,True,False,False,False,0.13092018803812627,91.86826255630471
1089,OOON,4500,19000,7.04,103.488,3096.071078446087,0.4319940250311004,9285.829047634072,0.07258087755118203,0.16295110939189933,0.17633838495582338,0.19573341306661915,0.11861145068603028,0.11861145068603028,0.19573341306661915,False,True,True,False,False,False,0.14636564189962792,91.49851343879803
